Protein_ID	R/K478_r_k	E78_charge	L88_charge	Q89_charge	R90_charge	L94_charge	A95_charge	Q97_charge	N100_charge	S101_charge	N103_charge	S104_charge	A113_charge	T116_charge	Q117_charge	I422_charge	V439_charge	Q440_charge	S445_charge	A446_charge	I447_charge	N449_charge	R/K478_charge	E78_hydrophobicity	L88_hydrophobicity	Q89_hydrophobicity	R90_hydrophobicity	L94_hydrophobicity	A95_hydrophobicity	Q97_hydrophobicity	N100_hydrophobicity	S101_hydrophobicity	N103_hydrophobicity	S104_hydrophobicity	A113_hydrophobicity	T116_hydrophobicity	Q117_hydrophobicity	I422_hydrophobicity	V439_hydrophobicity	Q440_hydrophobicity	S445_hydrophobicity	A446_hydrophobicity	I447_hydrophobicity	N449_hydrophobicity	R/K478_hydrophobicity	pident_FlaB	length_FlaB	mismatch_FlaB	pident_FliC	length_FliC	mismatch_FliC	alntmscore_foldseek	rmsd_foldseek	avg.activity	avg.binding	Exp.phenotype
SAE38355_1	1	-1	0	0	1	0	0	0	0	0	0	0	-1	1	0	0	0	0	0	0	0	0	1	1	-1	1	1	-1	0	1	0	0	1	0	1	1	0	-1	-1	1	0	-1	-1	1	1	37.6	101	63	76	179	43	0.8947	4.831	NA	NA	NA
SAB91600_1	1	-1	0	0	1	0	0	0	0	0	0	0	-1	1	0	0	0	0	0	0	0	0	1	1	-1	1	1	-1	0	1	0	0	1	0	1	1	0	-1	-1	1	0	-1	-1	1	1	40.5	84	50	76.5	179	42	0.8943	4.899	NA	NA	NA
SAD89708_1	1	-1	0	0	1	0	0	0	0	0	0	0	-1	1	0	0	0	0	0	0	0	0	1	1	-1	1	1	-1	0	1	0	0	1	0	1	1	0	-1	-1	1	0	-1	-1	1	1	36.9	84	53	76.5	179	42	0.8968	4.949	NA	NA	NA
KLQ36000_1	1	-1	0	0	1	0	0	0	0	0	0	0	-1	1	0	0	0	0	0	0	0	0	1	1	-1	1	1	-1	0	1	1	0	1	0	1	1	0	-1	-1	1	0	-1	-1	1	1	40.5	84	50	76.5	179	42	0.8938	5.526	NA	NA	NA
WP_096198834_1	1	-1	0	0	1	0	0	0	0	0	0	0	-1	1	0	0	0	0	0	0	0	0	1	1	-1	1	1	-1	0	1	1	0	1	0	1	1	0	-1	-1	1	0	-1	-1	1	1	40.5	84	50	76	179	43	0.8797	5.428	NA	NA	NA
CCP03555_1	1	-1	0	0	1	0	0	0	0	0	0	0	-1	1	0	0	0	0	0	0	0	0	1	1	-1	1	1	-1	0	1	1	0	1	0	1	1	0	-1	-1	1	0	-1	-1	1	1	47.7	44	23	75.8	178	43	0.8808	4.92	NA	NA	NA
SAC56677_1	1	-1	0	0	1	0	0	0	0	0	0	0	-1	1	0	0	0	0	0	0	0	0	1	1	-1	1	1	-1	0	1	0	0	1	0	1	1	0	-1	-1	1	0	-1	-1	1	1	46.5	43	23	76.6	175	41	0.8971	4.894	NA	NA	NA
WP_103883436_1	1	-1	0	0	1	0	0	0	0	0	0	0	-1	1	0	0	0	0	0	0	0	0	1	1	-1	1	1	-1	0	1	0	0	1	0	1	1	0	-1	-1	1	0	-1	-1	1	1	46.5	43	23	76.6	175	41	0.8954	4.926	NA	NA	NA
WP_059294697_1	1	-1	0	0	1	0	0	0	0	0	0	0	-1	1	0	0	0	0	0	0	0	0	1	1	-1	1	1	-1	0	1	0	0	1	0	1	1	0	-1	-1	1	0	-1	-1	1	1	46.5	43	23	77.1	175	40	0.889	4.929	NA	NA	NA
WP_033548867_1	1	-1	0	0	1	0	0	0	0	0	0	0	-1	1	0	0	0	0	0	0	0	0	1	1	-1	1	1	-1	0	1	0	0	1	0	1	1	0	-1	-1	1	0	-1	-1	1	1	43.7	87	49	77.1	170	39	0.9004	6.518	NA	NA	NA
OXK97007_1	1	-1	0	0	1	0	0	0	0	0	0	0	-1	1	0	0	0	0	0	0	0	0	1	1	-1	1	1	-1	0	1	0	0	1	0	1	1	0	-1	-1	1	0	-1	-1	1	1	41.4	87	51	77.1	170	39	0.8982	3.57	NA	NA	NA
OUF69402_1	1	-1	0	0	1	0	0	0	0	0	0	0	-1	1	0	0	0	0	0	0	0	0	1	1	-1	1	1	-1	0	1	0	0	1	0	1	1	0	-1	-1	1	0	-1	-1	1	1	41.4	87	51	77.1	170	39	0.8937	3.59	NA	NA	NA
WP_097504229_1	1	-1	0	0	1	0	0	0	0	0	0	0	-1	1	0	0	0	0	0	0	0	0	1	1	-1	1	1	-1	0	1	0	0	1	0	1	1	0	-1	-1	1	0	-1	-1	1	1	41.4	87	51	76.5	170	40	0.8977	6.458	NA	NA	NA
WP_113846926_1	1	-1	0	0	1	0	0	0	0	0	0	0	-1	1	0	0	0	0	0	0	0	0	1	1	-1	1	1	-1	0	1	0	0	1	0	1	1	0	-1	-1	1	0	-1	-1	1	1	42.5	87	50	77.1	170	39	0.9006	6.461	NA	NA	NA
STG95201_1	1	-1	0	0	1	0	0	0	0	0	0	0	-1	1	0	0	0	0	0	0	0	0	1	1	-1	1	1	-1	0	1	0	0	1	0	1	1	0	-1	-1	1	0	-1	-1	1	1	42.5	87	50	77.1	170	39	0.8989	5.544	NA	NA	NA
AEJ57019_1	1	-1	0	0	1	0	0	0	0	0	0	0	-1	1	0	0	0	0	0	0	0	0	1	1	-1	1	1	-1	0	1	0	0	1	0	1	1	0	-1	-1	1	0	-1	-1	1	1	42.5	87	50	77.1	170	39	0.9028	4.719	NA	NA	NA
KXR62696_1	1	-1	0	0	1	0	0	0	0	0	0	0	-1	1	0	0	0	0	0	0	0	0	1	1	-1	1	1	-1	0	1	0	0	1	0	1	1	0	-1	-1	1	0	-1	-1	1	1	42.5	87	50	77.1	170	39	0.9026	6.49	NA	NA	NA
OKV14294_1	1	-1	0	0	1	0	0	0	0	0	0	0	-1	1	0	0	0	0	0	0	0	0	1	1	-1	1	1	-1	0	1	0	0	1	0	1	1	0	-1	-1	1	0	-1	-1	1	1	42.5	87	50	77.1	170	39	0.8952	5.108	NA	NA	NA
OKU47822_1	1	-1	0	0	1	0	0	0	0	0	0	0	-1	1	0	0	0	0	0	0	0	0	1	1	-1	1	1	-1	0	1	0	0	1	0	1	1	0	-1	-1	1	0	-1	-1	1	1	42.5	87	50	77.1	170	39	0.8966	6.528	NA	NA	NA
RGW38138_1	1	-1	0	0	1	0	0	0	0	0	0	0	-1	1	0	0	0	0	0	0	0	0	1	1	-1	1	1	-1	0	1	0	0	1	0	1	1	0	-1	-1	1	0	-1	-1	1	1	42.5	87	50	77.1	170	39	0.9017	6.064	NA	NA	NA
CTT93389_1	1	-1	0	0	1	0	0	0	0	0	0	0	-1	1	0	0	0	0	0	0	0	0	1	1	-1	1	1	-1	0	1	0	0	1	0	1	1	0	-1	-1	1	0	-1	-1	1	1	42.5	87	50	77.1	170	39	0.9069	6.184	NA	NA	NA
WP_060643336_1	NA	-1	0	0	1	0	0	0	0	0	0	0	-1	1	0	0	0	0	0	0	0	0	NA	1	-1	1	1	-1	0	1	0	0	1	0	1	1	0	-1	-1	1	0	-1	-1	1	NA	43.8	48	27	76.5	170	40	0.9134	6.698	NA	NA	NA
WP_097502104_1	1	-1	0	0	1	0	0	0	0	0	0	0	-1	1	0	0	0	0	0	0	0	0	1	1	-1	1	1	-1	0	1	0	0	1	0	1	1	0	-1	-1	1	0	-1	-1	1	1	42.5	87	50	77.1	170	39	0.9019	6.081	NA	NA	NA
BAF46880_1	1	-1	0	0	1	0	0	0	0	0	0	0	-1	1	0	0	0	0	0	0	0	0	1	1	-1	1	1	-1	0	1	0	0	1	0	1	1	0	-1	-1	1	-1	-1	-1	1	1	44.8	87	48	77.1	170	39	0.908	2.808	NA	NA	NA
WP_076604597_1	1	-1	0	0	1	0	0	0	0	0	0	0	-1	1	0	0	0	0	0	0	0	0	1	1	-1	1	1	-1	0	1	0	0	1	0	1	1	0	-1	-1	1	0	-1	-1	1	1	42.5	87	50	76.5	170	40	0.8919	6.548	NA	NA	NA
KDU14647_1	1	-1	0	0	1	0	0	0	0	0	0	0	-1	1	0	0	0	0	0	0	0	0	1	1	-1	1	1	-1	0	1	0	0	1	0	1	1	0	-1	-1	1	0	-1	-1	1	1	43.7	87	49	77.1	170	39	0.8972	4.843	NA	NA	NA
WP_033548498_1	1	-1	0	0	1	0	0	0	0	0	0	0	-1	1	0	0	0	0	0	0	0	0	1	1	-1	1	1	-1	0	1	0	0	1	0	1	1	0	-1	-1	1	0	-1	-1	1	1	42.5	87	50	77.1	170	39	0.9016	6.087	NA	NA	NA
POS24915_1	1	-1	0	0	1	0	0	0	0	0	0	0	-1	1	0	0	0	0	0	0	0	0	1	1	-1	1	1	-1	0	1	0	0	1	0	1	1	0	-1	-1	1	0	-1	-1	1	1	42.5	87	50	77.1	170	39	0.8972	6.511	NA	NA	NA
WP_046072846_1	1	-1	0	0	1	0	0	0	0	0	0	0	-1	1	0	0	0	0	0	0	0	0	1	1	-1	1	1	-1	0	1	0	0	1	0	1	1	0	-1	-1	1	0	-1	-1	1	1	41.4	87	51	77.1	170	39	0.8946	6.531	NA	NA	NA
EQX52619_1	1	-1	0	0	1	0	0	0	0	0	0	0	-1	1	0	0	0	0	0	0	0	0	1	1	-1	1	1	-1	0	1	0	0	1	0	1	1	0	-1	-1	1	0	-1	-1	1	1	41.4	87	51	77.1	170	39	0.8992	5.537	NA	NA	NA
EQV14651_1	1	-1	0	0	1	0	0	0	0	0	0	0	-1	1	0	0	0	0	0	0	0	0	1	1	-1	1	1	-1	0	1	0	0	1	0	1	1	0	-1	-1	1	0	-1	-1	1	1	42.5	87	50	77.1	170	39	0.9044	4.712	NA	NA	NA
PWS11775_1	1	-1	0	0	1	0	0	0	0	0	0	0	-1	1	0	0	0	0	0	0	0	0	1	1	-1	1	1	-1	0	1	0	0	1	0	1	1	0	-1	-1	1	0	-1	-1	1	1	41.4	87	51	77.1	170	39	0.9004	5.528	NA	NA	NA
KUW72123_1	1	-1	0	0	1	0	0	0	0	0	0	0	-1	1	0	0	0	0	0	0	0	0	1	1	-1	1	1	-1	0	1	0	0	1	0	1	1	0	-1	-1	1	0	-1	-1	1	1	42.5	87	50	77.1	170	39	0.9056	6.043	NA	NA	NA
WP_042068780_1	1	-1	0	0	1	0	0	0	0	0	0	0	-1	1	0	0	0	0	0	0	0	0	1	1	-1	1	1	-1	0	1	0	0	1	0	1	1	0	-1	-1	1	0	-1	-1	1	1	43.7	87	49	77.1	170	39	0.8995	5.529	NA	NA	NA
WP_061350788_1	1	-1	0	0	1	0	0	0	0	0	0	0	-1	1	0	0	0	0	0	0	0	0	1	1	-1	1	1	-1	0	1	0	0	1	0	1	1	0	-1	-1	1	0	-1	-1	1	1	42.5	87	50	77.1	170	39	0.8952	6.532	NA	NA	NA
WP_033549947_1	1	-1	0	0	1	0	0	0	0	0	0	0	-1	1	0	0	0	0	0	0	0	0	1	1	-1	1	1	-1	0	1	0	0	1	0	1	1	0	-1	-1	1	0	-1	-1	1	1	42.5	87	50	76.5	170	40	0.8999	4.719	NA	NA	NA
PGG33703_1	1	-1	0	0	1	0	0	0	0	0	0	0	-1	1	0	0	0	0	0	0	0	0	1	1	-1	1	1	-1	0	1	0	0	1	0	1	1	0	-1	-1	1	0	-1	-1	1	1	42.5	87	50	77.1	170	39	0.9007	6.487	NA	NA	NA
WP_113248328_1	1	-1	0	0	1	0	0	0	0	0	0	0	-1	1	0	0	0	0	0	0	0	0	1	1	-1	1	1	-1	0	1	0	0	1	0	1	1	0	-1	-1	1	0	-1	-1	1	1	42.5	87	50	77.1	170	39	0.9078	4.702	NA	NA	NA
WP_097741926_1	1	-1	0	0	1	0	0	0	0	0	0	0	-1	1	0	0	0	0	0	0	0	0	1	1	-1	1	1	-1	0	1	0	0	1	0	1	1	0	-1	-1	1	0	-1	-1	1	1	42.5	87	50	76.5	170	40	0.9033	6.037	NA	NA	NA
APK43597_1	1	-1	0	0	1	0	0	0	0	0	0	0	-1	1	0	0	0	0	0	0	0	0	1	1	-1	1	1	-1	0	1	0	0	1	0	1	1	0	-1	-1	1	0	-1	-1	1	1	42.5	87	50	76.5	170	40	0.9059	6.038	NA	NA	NA
WP_113427019_1	1	-1	0	0	1	0	0	0	0	0	0	0	-1	1	0	0	0	0	0	0	0	0	1	1	-1	1	1	-1	0	1	0	0	1	0	1	1	0	-1	-1	1	0	-1	-1	1	1	42.5	87	50	76.5	170	40	0.8947	6.531	NA	NA	NA
EGH40241_1	1	-1	0	0	1	0	0	0	0	0	0	0	-1	1	0	0	0	0	0	0	0	0	1	1	-1	1	1	-1	0	1	0	0	1	0	1	1	0	-1	-1	1	0	-1	-1	1	1	42.5	87	50	77.1	170	39	0.9032	6.213	NA	NA	NA
OUF76021_1	1	-1	0	0	1	0	0	0	0	0	0	0	-1	1	0	0	0	0	0	0	0	0	1	1	-1	1	1	-1	0	1	0	0	1	0	1	1	0	-1	-1	1	0	-1	-1	1	1	44.8	87	48	77.1	170	39	0.9062	4.704	NA	NA	NA
WP_115725693_1	1	-1	0	0	1	0	0	0	0	0	0	0	-1	1	0	0	0	0	0	0	0	0	1	1	-1	1	1	-1	0	1	0	0	1	0	1	1	0	-1	-1	1	0	-1	-1	1	1	43.7	87	49	77.1	170	39	0.9008	4.731	NA	NA	NA
OYC73592_1	1	-1	0	0	1	0	0	0	0	0	0	0	-1	1	0	0	0	0	0	0	0	0	1	1	-1	1	1	-1	0	1	0	0	1	0	1	1	0	-1	-1	1	0	-1	-1	1	1	41.4	87	51	77.1	170	39	0.8938	6.541	NA	NA	NA
WP_078235027_1	1	-1	0	0	1	0	0	0	0	0	0	0	-1	1	0	0	0	0	0	0	0	0	1	1	-1	1	1	-1	0	1	0	0	1	0	1	1	0	-1	-1	1	0	-1	-1	1	1	42.5	87	50	77.1	170	39	0.8993	6.491	NA	NA	NA
OIZ03154_1	1	-1	0	0	1	0	0	0	0	0	0	0	-1	1	0	0	0	0	0	0	0	0	1	1	-1	1	1	-1	0	1	0	0	1	0	1	1	0	-1	-1	1	0	-1	-1	1	1	42.5	87	50	77.1	170	39	0.9099	5.049	NA	NA	NA
EGR63218_1	1	-1	0	0	1	0	0	0	0	0	0	0	-1	1	0	0	0	0	0	0	0	0	1	1	-1	1	1	-1	0	1	0	0	1	0	1	1	0	-1	-1	1	0	-1	-1	1	1	44.8	87	48	77.1	170	39	0.9007	4.725	NA	NA	NA
KEO98257_1	1	-1	0	0	1	0	0	0	0	0	0	0	-1	1	0	0	0	0	0	0	0	0	1	1	-1	1	1	-1	0	1	0	0	1	0	1	1	0	-1	-1	1	0	-1	-1	1	1	43.7	87	49	77.1	170	39	0.8904	6.509	NA	NA	NA
WP_116986872_1	1	-1	0	0	1	0	0	0	0	0	0	0	-1	1	0	0	0	0	0	0	0	0	1	1	-1	1	1	-1	0	1	0	0	1	0	1	1	0	-1	-1	1	0	-1	-1	1	1	42.5	87	50	76.5	170	40	0.9045	4.702	NA	NA	NA
WP_048265125_1	1	-1	0	0	1	0	0	0	0	0	0	0	-1	1	0	0	0	0	0	0	0	0	1	1	-1	1	1	-1	0	1	0	0	1	0	1	1	0	-1	-1	1	0	-1	-1	1	1	42.6	101	56	77.1	170	39	0.8968	4.745	NA	NA	NA
WP_087900247_1	1	-1	0	0	1	0	0	0	0	0	0	0	-1	1	0	0	0	0	0	0	0	0	1	1	-1	1	1	-1	0	1	0	0	1	0	1	1	0	-1	-1	1	0	-1	-1	1	1	42.5	87	50	77.1	170	39	0.8999	4.724	NA	NA	NA
WP_001537990_1	1	-1	0	0	1	0	0	0	0	0	0	0	-1	1	0	0	0	0	0	0	0	0	1	1	-1	1	1	-1	0	1	0	0	1	0	1	1	0	-1	-1	1	0	-1	-1	1	1	42.5	87	50	77.1	170	39	0.8983	4.75	NA	NA	NA
PAY69556_1	1	-1	0	0	1	0	0	0	0	0	0	0	-1	1	0	0	0	0	0	0	0	0	1	1	-1	1	1	-1	0	1	0	0	1	0	1	1	0	-1	-1	1	0	-1	-1	1	1	43.7	87	49	77.1	170	39	0.8945	4.822	NA	NA	NA
STF83058_1	1	-1	0	0	1	0	0	0	0	0	0	0	-1	1	0	0	0	0	0	0	0	0	1	1	-1	1	1	-1	0	1	0	0	1	0	1	1	0	-1	-1	1	0	-1	-1	1	1	43.7	87	49	77.1	170	39	0.9024	4.735	NA	NA	NA
WP_039000976_1	1	-1	0	0	1	0	0	0	0	0	0	0	-1	1	0	0	0	0	0	0	0	0	1	1	-1	1	1	-1	0	1	0	0	1	0	1	1	0	-1	-1	1	0	-1	-1	1	1	43.7	87	49	77.1	170	39	0.8927	5.116	NA	NA	NA
WP_106104974_1	1	-1	0	0	1	0	0	0	0	0	0	0	-1	1	0	0	0	0	0	0	0	0	1	1	-1	1	1	-1	0	1	0	0	1	0	1	1	0	-1	-1	1	0	-1	-1	1	1	41.4	87	51	77.1	170	39	0.8994	6.488	NA	NA	NA
WP_042065441_1	1	-1	0	0	1	0	0	0	0	0	0	0	-1	1	0	0	0	0	0	0	0	0	1	1	-1	1	1	-1	0	1	0	0	1	0	1	1	0	-1	-1	1	0	-1	-1	1	1	44.7	94	51	77.1	170	39	0.9224	5.45	NA	NA	NA
WP_042031191_1	1	-1	0	0	1	0	0	0	0	0	0	0	-1	1	0	0	0	0	0	0	0	0	1	1	-1	1	1	-1	0	1	0	0	1	0	1	1	0	-1	-1	1	0	-1	-1	1	1	41.4	87	51	77.1	170	39	0.9074	4.691	NA	NA	NA
WP_095140646_1	1	-1	0	0	1	0	0	0	0	0	0	0	-1	1	0	0	0	0	0	0	0	0	1	1	-1	1	1	-1	0	1	0	0	1	0	1	1	0	-1	-1	1	0	-1	-1	1	1	42.5	87	50	77.6	170	38	0.9023	4.764	NA	NA	NA
KXR21937_1	1	-1	0	0	1	0	0	0	0	0	0	0	-1	1	0	0	0	0	0	0	0	0	1	1	-1	1	1	-1	0	1	0	0	1	0	1	1	0	-1	-1	1	0	-1	-1	1	1	42.5	87	50	77.6	170	38	0.9009	6.08	NA	NA	NA
WP_073850040_1	1	-1	0	0	1	0	0	0	0	0	0	0	-1	1	0	0	0	0	0	0	0	0	1	1	-1	1	1	-1	0	1	0	0	1	0	1	1	0	-1	-1	1	0	-1	-1	1	1	42.5	87	50	77.6	170	38	0.8991	5.005	NA	NA	NA
WP_112913290_1	1	-1	0	0	1	0	0	0	0	0	0	0	-1	1	0	0	0	0	0	0	0	0	1	1	-1	1	1	-1	0	1	0	0	1	0	1	1	0	-1	-1	1	0	-1	-1	1	1	42.5	87	50	77.6	170	38	0.8712	3.747	NA	NA	NA
WP_110826268_1	1	-1	0	0	1	0	0	0	0	0	0	0	-1	1	0	0	0	0	0	0	0	0	1	1	-1	1	1	-1	0	1	0	0	1	0	1	1	0	-1	-1	1	0	-1	-1	1	1	42.5	87	50	77.6	170	38	0.901	4.717	NA	NA	NA
KEO10607_1	1	-1	0	0	1	0	0	0	0	0	0	0	-1	1	0	0	0	0	0	0	0	0	1	1	-1	1	1	-1	0	1	0	0	1	0	1	1	0	-1	-1	1	0	-1	-1	1	1	42.5	87	50	77.6	170	38	0.9075	6.024	NA	NA	NA
WP_063114633_1	1	-1	0	0	1	0	0	0	0	0	0	0	-1	1	0	0	0	0	0	0	0	0	1	1	-1	1	1	-1	0	1	0	0	1	0	1	1	0	-1	-1	1	0	-1	-1	1	1	42.5	87	50	77.1	170	39	0.8984	4.741	NA	NA	NA
WP_115209504_1	1	-1	0	0	1	0	0	0	0	0	0	0	-1	1	0	0	0	0	0	0	0	0	1	1	-1	1	1	-1	0	1	0	0	1	0	1	1	0	-1	-1	1	0	-1	-1	1	1	43.7	87	49	77.6	170	38	0.8988	5.514	NA	NA	NA
CTX13799_1	1	-1	0	0	1	0	0	0	0	0	0	0	-1	1	0	0	0	0	0	0	0	0	1	1	-1	1	1	-1	0	1	0	0	1	0	1	1	0	-1	-1	1	0	-1	-1	1	1	41.4	87	51	77.1	170	39	0.8831	4.156	NA	NA	NA
STH06737_1	1	-1	0	0	1	0	0	0	0	0	0	0	-1	1	0	0	0	0	0	0	0	0	1	1	-1	1	1	-1	0	1	0	0	1	0	1	1	0	-1	-1	1	0	-1	-1	1	1	43.9	98	53	77.1	170	39	0.8983	5.538	NA	NA	NA
CDC79573_1	1	-1	0	0	1	0	0	0	0	0	0	0	-1	1	0	0	0	0	0	0	0	0	1	1	-1	1	1	-1	0	1	0	0	1	0	1	1	0	-1	-1	1	0	-1	-1	1	1	43.7	87	49	77.1	170	39	0.8729	6.969	NA	NA	NA
WP_033871943_1	1	-1	0	0	1	0	0	0	0	0	0	0	-1	1	0	0	0	0	0	0	0	0	1	1	-1	1	1	-1	0	1	0	0	1	0	1	1	0	-1	-1	1	0	-1	-1	1	1	35.9	64	41	77.1	170	39	0.9262	6.46	NA	NA	NA
STI54700_1	NA	-1	0	0	1	0	0	0	0	0	0	0	-1	1	0	0	0	0	0	0	0	0	NA	1	-1	1	1	-1	0	1	0	0	1	0	1	1	0	-1	-1	1	0	-1	-1	1	NA	43.2	44	25	77.1	170	39	0.8498	5.157	NA	NA	NA
KMK05997_1	1	-1	0	0	1	0	0	0	0	0	0	0	-1	1	0	0	0	0	0	0	0	0	1	1	-1	1	1	-1	0	1	0	0	1	0	1	1	0	-1	-1	1	0	-1	-1	1	1	41.7	84	49	77.1	175	40	0.8863	6.518	NA	NA	NA
ASV55934_1	1	-1	0	0	1	0	0	0	0	0	0	0	-1	1	0	0	0	0	0	0	0	0	1	1	-1	1	1	-1	0	1	0	0	1	0	1	1	0	-1	-1	1	0	-1	-1	1	1	46.5	43	23	78.9	175	37	0.9022	5.14	NA	NA	NA
WP_085460811_1	1	-1	0	0	1	0	0	0	0	0	0	0	-1	1	0	0	0	0	0	0	0	0	1	1	-1	1	1	-1	0	1	0	0	1	0	1	1	0	-1	-1	1	0	-1	-1	1	1	46.5	43	23	80	170	34	0.8946	5.363	NA	NA	NA
WP_032669597_1	1	-1	0	0	1	0	0	0	0	0	0	0	-1	1	0	0	0	0	0	0	0	0	1	1	-1	1	1	-1	0	1	0	0	1	0	1	1	0	-1	-1	1	0	-1	-1	1	1	46.5	43	23	80.6	170	33	0.8947	4.878	NA	NA	NA
CZU20431_1	1	-1	0	0	1	0	0	0	0	0	0	0	-1	1	0	0	0	0	0	0	0	0	1	1	-1	1	1	-1	0	1	0	0	1	0	1	1	0	-1	-1	1	0	-1	-1	1	1	46.5	43	23	80.6	170	33	0.8949	5.21	NA	NA	NA
BAT39672_1	1	-1	0	0	1	0	0	0	0	0	0	0	-1	1	0	0	0	0	0	0	0	0	1	1	-1	1	1	-1	0	1	0	0	1	0	1	1	0	-1	-1	1	0	-1	-1	1	1	46.5	43	23	77.7	175	39	0.9125	4.963	NA	NA	NA
STH29989_1	1	-1	0	0	1	0	0	0	0	0	0	0	-1	1	0	0	0	0	0	0	0	0	1	1	-1	1	1	-1	0	1	0	0	1	0	1	1	0	-1	-1	1	0	-1	-1	1	1	46.5	43	23	78.9	175	37	0.9033	2.753	NA	NA	NA
AAL30166_1	1	-1	0	0	1	0	0	0	0	0	0	0	-1	1	0	0	0	0	0	0	0	0	1	1	-1	1	1	-1	0	1	0	0	1	0	1	1	0	-1	-1	1	0	-1	-1	1	1	41.7	84	49	78.9	175	37	0.9007	5.123	NA	NA	NA
KDW32114_1	1	-1	0	0	1	0	0	0	0	0	0	0	-1	1	0	0	0	0	0	0	0	0	1	1	-1	1	1	-1	0	1	0	0	1	0	1	1	0	-1	-1	1	0	-1	-1	1	1	46.5	43	23	78.3	175	38	0.9164	4.349	NA	NA	NA
STK07869_1	1	NA	NA	NA	NA	0	0	0	0	0	0	0	-1	1	0	0	0	0	0	0	0	0	1	NA	NA	NA	NA	-1	0	1	0	0	1	0	1	1	0	-1	-1	1	0	-1	-1	1	1	46.5	43	23	64.3	84	30	NA	NA	NA	NA	NA
WP_042003792_1	1	-1	0	0	1	0	0	0	0	0	0	0	-1	1	0	0	0	0	0	0	0	0	1	1	-1	1	1	-1	0	1	0	0	1	0	1	1	0	-1	-1	1	0	-1	-1	1	1	46.5	43	23	78.9	175	37	0.9125	2.625	NA	NA	NA
WP_110509630_1	1	-1	0	0	1	0	0	0	0	0	0	0	-1	1	0	0	0	0	0	0	0	0	1	1	-1	1	1	-1	0	1	0	0	1	0	1	1	0	-1	-1	1	0	-1	-1	1	1	46.5	43	23	79.4	175	36	0.9006	5.068	NA	NA	NA
WP_032636121_1	1	-1	0	0	1	0	0	0	0	0	0	0	-1	1	0	0	0	0	0	0	0	0	1	1	-1	1	1	-1	0	1	0	0	1	0	1	1	0	-1	-1	1	0	-1	-1	1	1	46.5	43	23	79.4	175	36	0.9162	6.159	NA	NA	NA
EUL86775_1	1	-1	0	0	1	0	0	0	0	0	0	0	-1	1	0	0	0	0	0	0	0	0	1	1	-1	1	1	-1	0	1	0	0	1	0	1	1	0	-1	-1	1	0	-1	-1	1	1	46.5	43	23	78	177	39	0.9286	4.779	NA	NA	NA
OAC13682_1	1	-1	0	0	1	0	0	0	0	0	0	0	-1	1	0	0	0	0	0	0	0	0	1	1	-1	1	1	-1	0	1	0	0	1	0	1	1	0	-1	-1	1	0	-1	-1	1	1	46.5	43	23	78	177	39	0.9252	4.808	NA	NA	NA
CTR69298_1	1	-1	0	0	1	0	0	0	0	0	0	0	-1	1	0	0	0	0	0	0	0	0	1	1	-1	1	1	-1	0	1	0	0	1	0	1	1	0	-1	-1	1	0	-1	-1	1	1	46.5	43	23	77.4	177	40	0.9201	4.875	NA	NA	NA
KHJ67617_1	1	-1	0	0	1	0	0	0	0	0	0	0	-1	1	0	0	0	0	0	0	0	0	1	1	-1	1	1	-1	0	1	1	0	1	0	1	1	0	-1	-1	1	0	-1	-1	1	1	46.5	43	23	80	175	35	0.8941	4.843	NA	NA	NA
WP_100700813_1	1	-1	0	0	1	0	0	0	0	0	0	0	-1	1	0	0	0	0	0	0	0	0	1	1	-1	1	1	-1	0	1	1	0	1	0	1	1	0	-1	-1	1	0	-1	-1	1	1	41.7	84	49	80.6	175	34	0.8914	5.027	NA	NA	NA
WP_017347067_1	1	-1	0	0	1	0	0	0	0	0	0	0	-1	1	0	0	0	0	0	0	0	0	1	1	-1	1	1	-1	0	1	1	0	1	0	1	1	0	-1	-1	1	0	-1	-1	1	1	41.7	84	49	76.6	175	41	0.8985	5.123	NA	NA	NA
PTN28303_1	1	-1	0	0	1	0	0	0	0	0	0	0	-1	1	0	0	0	0	0	0	0	0	1	1	-1	1	1	-1	0	1	0	0	1	0	1	1	0	-1	-1	1	0	-1	-1	1	1	40.5	84	50	78.9	175	37	0.8964	6.131	NA	NA	NA
OJS27764_1	1	-1	0	0	1	0	0	0	0	0	0	0	-1	1	0	0	0	0	0	0	0	0	1	1	-1	1	1	-1	0	1	0	0	1	0	1	1	0	-1	-1	1	0	-1	-1	1	1	40.5	84	50	78.9	175	37	0.8945	5.103	NA	NA	NA
WP_105197917_1	1	-1	0	0	1	0	0	0	0	0	0	0	-1	1	0	0	0	0	0	0	0	0	1	1	-1	1	1	-1	0	1	0	0	1	0	1	1	0	-1	-1	1	0	-1	-1	1	1	45.2	42	23	77.7	175	39	0.8957	5.955	NA	NA	NA
WP_059276208_1	1	-1	0	0	1	0	0	0	0	0	0	0	-1	1	0	0	0	0	0	0	0	0	1	1	-1	1	1	-1	0	1	0	0	1	0	1	1	0	-1	-1	1	0	-1	-1	1	1	35.7	84	54	77.7	175	39	0.8903	6.192	NA	NA	NA
SAB23816_1	1	-1	0	0	1	0	0	0	0	0	0	0	-1	1	0	0	0	0	0	0	0	0	1	1	-1	1	1	-1	0	1	0	0	1	0	1	1	0	-1	-1	1	0	-1	-1	1	1	46.5	43	23	78.9	175	37	0.9182	6.112	NA	NA	NA
WP_059257544_1	1	-1	0	0	1	0	0	0	0	0	0	0	-1	1	0	0	0	0	0	0	0	0	1	1	-1	1	1	-1	0	1	0	0	1	0	1	1	0	-1	-1	1	0	-1	-1	1	1	46.5	43	23	77.7	175	39	0.8912	5.094	NA	NA	NA
KOA33769_1	1	-1	0	0	1	0	0	0	0	0	0	0	-1	1	0	0	0	0	0	0	0	0	1	1	-1	1	1	-1	0	1	0	0	1	0	1	1	0	-1	-1	1	0	-1	-1	1	1	46.5	43	23	79.4	175	36	0.9244	4.429	NA	NA	NA
WP_089704900_1	1	-1	0	0	1	0	0	0	0	0	0	0	-1	1	0	0	0	0	0	0	0	0	1	1	-1	1	1	-1	0	1	0	0	1	0	1	1	0	-1	-1	1	0	-1	-1	1	1	46.5	43	23	79.4	175	36	0.9223	4.413	NA	NA	NA
CEI71165_1	1	-1	0	0	1	0	0	0	0	0	0	0	-1	1	0	0	0	0	0	0	0	0	1	1	-1	1	1	-1	0	1	0	0	1	0	1	1	0	-1	-1	1	0	-1	-1	1	1	46.5	43	23	78.9	175	37	0.9347	4.357	NA	NA	NA
OZP01444_1	1	-1	0	0	1	0	0	0	0	0	0	0	-1	1	0	0	0	0	0	0	0	0	1	1	-1	1	1	-1	0	1	0	0	1	0	1	1	0	-1	-1	1	0	-1	-1	1	1	46.5	43	23	79.4	175	36	0.9198	4.795	NA	NA	NA
OZO72167_1	1	-1	0	0	1	0	0	0	0	0	0	0	-1	1	0	0	0	0	0	0	0	0	1	1	-1	1	1	-1	0	1	0	0	1	0	1	1	0	-1	-1	1	0	-1	-1	1	1	46.5	43	23	79.4	175	36	0.9069	4.839	NA	NA	NA
KHI46678_1	1	-1	0	0	1	0	0	0	0	0	0	0	-1	1	0	0	0	0	0	0	0	0	1	1	-1	1	1	-1	0	1	0	0	1	0	1	1	0	-1	-1	1	0	-1	-1	1	1	46.5	43	23	79.4	175	36	0.9119	4.833	NA	NA	NA
CTY31957_1	1	-1	0	0	1	0	0	0	0	0	0	0	-1	1	0	0	0	0	0	0	0	0	1	1	-1	1	1	-1	0	1	0	0	1	0	1	1	0	-1	-1	1	0	-1	-1	1	1	46.5	43	23	79.4	175	36	0.9189	4.412	NA	NA	NA
WP_024236251_1	1	-1	0	0	1	0	0	0	0	0	0	0	-1	1	0	0	0	0	0	0	0	0	1	1	-1	1	1	-1	0	1	0	0	1	0	1	1	0	-1	-1	1	0	-1	-1	1	1	46.5	43	23	79.4	175	36	0.9044	5.221	NA	NA	NA
WP_097311243_1	1	-1	0	0	1	0	0	0	0	0	0	0	-1	1	0	0	0	0	0	0	0	0	1	1	-1	1	1	-1	0	1	0	0	1	0	1	1	0	-1	-1	1	0	-1	-1	1	1	46.5	43	23	79.4	175	36	0.9247	4.418	NA	NA	NA
OEN70823_1	1	-1	0	0	1	0	0	0	0	0	0	0	-1	1	0	0	0	0	0	0	0	0	1	1	-1	1	1	-1	0	1	0	0	1	0	1	1	0	-1	-1	1	0	-1	-1	1	1	36.9	84	53	79.4	175	36	0.9055	5.158	NA	NA	NA
WP_089455196_1	1	-1	0	0	1	0	0	0	0	0	0	0	-1	1	0	0	0	0	0	0	0	0	1	1	-1	1	1	-1	0	1	0	0	1	0	1	1	0	-1	-1	1	0	-1	-1	1	1	46.5	43	23	78.9	175	37	0.8907	5.938	NA	NA	NA
KXP93144_1	1	-1	0	0	1	0	0	0	0	0	0	0	-1	1	0	0	0	0	0	0	0	0	1	1	-1	1	1	-1	0	1	0	0	1	0	1	1	0	-1	-1	1	0	-1	-1	1	1	46.5	43	23	79.4	175	36	0.9101	4.504	NA	NA	NA
SQW01441_1	1	-1	0	0	1	0	0	0	0	0	0	0	-1	1	0	0	0	0	0	0	0	0	1	1	-1	1	1	-1	0	1	0	0	1	0	1	1	0	-1	-1	1	0	-1	-1	1	1	46.5	43	23	79.4	175	36	0.9254	4.354	NA	NA	NA
WP_097429299_1	1	-1	0	0	1	0	0	0	0	0	0	0	-1	1	0	0	0	0	0	0	0	0	1	1	-1	1	1	-1	0	1	0	0	1	0	1	1	0	-1	-1	1	0	-1	-1	1	1	46.5	43	23	79.4	175	36	0.9126	4.484	NA	NA	NA
WP_096851832_1	1	-1	0	0	1	0	0	0	0	0	0	0	-1	1	0	0	0	0	0	0	0	0	1	1	-1	1	1	-1	0	1	0	0	1	0	1	1	0	-1	-1	1	0	-1	-1	1	1	47.4	38	20	79.4	175	36	0.9159	4.436	NA	NA	NA
EFZ60182_1	1	-1	0	0	1	0	0	0	0	0	0	0	-1	1	0	0	0	0	0	0	0	0	1	1	-1	1	1	-1	0	1	0	0	1	0	1	1	0	-1	-1	1	0	-1	-1	1	1	46.5	43	23	79.4	175	36	0.92	4.414	NA	NA	NA
OLS83106_1	1	-1	0	0	1	0	0	0	0	0	0	0	-1	1	0	0	0	0	0	0	0	0	1	1	-1	1	1	-1	0	1	0	0	1	0	1	1	0	-1	-1	1	0	-1	-1	1	1	46.5	43	23	79.4	175	36	0.9089	5.177	NA	NA	NA
WP_064674311_1	1	-1	0	0	1	0	0	0	0	0	0	0	-1	1	0	0	0	0	0	0	0	0	1	1	-1	1	1	-1	0	1	0	0	1	0	1	1	0	-1	-1	1	0	-1	-1	1	1	46.5	43	23	79.4	175	36	0.9166	4.415	NA	NA	NA
WP_013365815_1	1	-1	0	0	1	0	0	0	0	0	0	0	-1	1	0	0	0	0	0	0	0	0	1	1	-1	1	1	-1	0	1	0	0	1	0	1	1	0	-1	-1	1	0	-1	-1	1	1	46.5	43	23	78.1	178	39	0.9102	6.586	NA	NA	NA
AOP87428_1	1	-1	0	0	1	0	0	0	0	0	0	0	-1	1	0	0	0	0	0	0	0	0	1	1	-1	1	1	-1	0	1	0	0	1	0	1	1	0	-1	-1	1	0	-1	-1	1	1	46.5	43	23	78.3	175	38	0.8919	6.253	NA	NA	NA
WP_104469386_1	1	-1	0	0	1	0	0	0	0	0	0	0	-1	1	0	0	0	0	0	0	0	0	1	1	-1	1	1	-1	0	1	0	0	1	0	1	1	0	-1	-1	1	0	-1	-1	1	1	46.5	43	23	78.3	175	38	0.8956	6.478	NA	NA	NA
PFF97745_1	1	-1	0	0	1	0	0	0	0	0	0	0	-1	1	0	0	0	0	0	0	0	0	1	1	-1	1	1	-1	0	1	0	0	1	0	1	1	0	-1	-1	1	0	-1	-1	1	1	46.5	43	23	79.4	170	35	0.9042	5.897	NA	NA	NA
WP_110820199_1	1	-1	0	0	1	0	0	0	0	0	0	0	-1	1	0	0	0	0	0	0	0	0	1	1	-1	1	1	-1	0	1	0	0	1	0	1	1	0	-1	-1	1	0	-1	-1	1	1	46.5	43	23	79.4	175	36	0.9051	6.215	NA	NA	NA
ORM93956_1	1	-1	0	0	1	0	0	0	0	0	0	0	-1	1	0	0	0	0	0	0	0	0	1	1	-1	1	1	-1	0	1	1	0	1	0	1	1	0	-1	-1	1	0	-1	-1	1	1	41.7	84	49	78.3	175	38	0.9056	4.867	NA	NA	NA
OYB05952_1	1	-1	0	0	1	0	0	0	0	0	0	0	-1	1	0	0	0	0	0	0	0	0	1	1	-1	1	1	-1	0	1	0	0	1	0	1	1	0	-1	-1	1	0	-1	-1	1	1	41.7	84	49	79.4	175	36	0.8835	5.238	NA	NA	NA
OYA41476_1	1	-1	0	0	1	0	0	0	0	0	0	0	-1	1	0	0	0	0	0	0	0	0	1	1	-1	1	1	-1	0	1	0	0	1	0	1	1	0	-1	-1	1	0	-1	-1	1	1	41.7	84	49	79.4	175	36	0.902	5.095	NA	NA	NA
WP_089621872_1	1	-1	0	0	1	0	0	0	0	0	0	0	-1	1	0	0	0	0	0	0	0	0	1	1	-1	1	1	-1	0	1	0	0	1	0	1	1	0	-1	-1	1	0	-1	-1	1	1	41.7	84	49	79.4	175	36	0.9018	5.267	NA	NA	NA
EQY55660_1	1	-1	0	0	1	0	0	0	0	0	0	0	-1	1	0	0	0	0	0	0	0	0	1	1	-1	1	1	-1	0	1	0	0	1	0	1	1	0	-1	-1	1	0	-1	-1	1	1	41.7	84	49	79.4	175	36	0.899	5.282	NA	NA	NA
WP_102812454_1	1	-1	0	0	1	0	0	0	0	0	0	0	-1	1	0	0	0	0	0	0	0	0	1	1	-1	1	1	-1	0	1	0	0	1	0	1	1	0	-1	-1	1	0	-1	-1	1	1	41.7	84	49	79.4	175	36	0.9054	5.026	NA	NA	NA
AMX29425_1	1	-1	0	0	1	0	0	0	0	0	0	0	-1	1	0	0	0	0	0	0	0	0	1	1	-1	1	1	-1	0	1	0	0	1	0	1	1	0	-1	-1	1	0	-1	-1	1	1	41.7	84	49	79.4	175	36	0.9154	4.836	NA	NA	NA
WP_042094790_1	1	-1	0	0	1	0	0	0	0	0	0	0	-1	0	0	0	0	0	0	0	0	0	1	1	-1	1	1	-1	0	1	0	0	1	0	1	1	0	-1	-1	1	0	-1	-1	1	1	41.7	84	49	79.4	175	36	0.9112	5.024	NA	NA	NA
WP_020231584_1	1	-1	0	0	1	0	0	0	0	0	0	0	-1	1	0	0	0	0	0	0	0	0	1	1	-1	1	1	-1	0	1	0	0	1	0	1	1	0	-1	-1	1	0	-1	-1	1	1	41.7	84	49	81.2	170	32	0.9125	4.263	NA	NA	NA
WP_020231909_1	1	-1	0	0	1	0	0	0	0	0	0	0	-1	1	0	0	0	0	0	0	0	0	1	1	-1	1	1	-1	0	1	0	0	1	0	1	1	0	-1	-1	1	0	-1	-1	1	1	41.7	84	49	80.6	170	33	0.8978	5.663	NA	NA	NA
WP_001607514_1	1	-1	0	0	1	0	0	0	0	0	0	0	-1	1	0	0	0	0	0	0	0	0	1	1	-1	1	1	-1	0	1	0	0	1	0	1	1	0	-1	-1	1	0	-1	-1	1	1	41.7	84	49	79.4	175	36	0.8841	5.654	NA	NA	NA
WP_106873743_1	1	-1	0	0	1	0	0	0	0	0	0	0	-1	1	0	0	0	0	0	0	0	0	1	1	-1	1	1	-1	0	1	0	0	1	0	1	1	0	-1	-1	1	0	-1	-1	1	1	41.7	84	49	79.4	175	36	0.9079	5.179	NA	NA	NA
WP_113495836_1	1	-1	0	0	1	0	0	0	0	0	0	0	-1	1	0	0	0	0	0	0	0	0	1	1	-1	1	1	-1	0	1	0	0	1	0	1	1	0	-1	-1	1	0	-1	-1	1	1	41	83	49	79.4	175	36	0.9041	4.851	NA	NA	NA
ENF19440_1	1	NA	0	0	1	0	0	0	0	0	0	0	-1	1	0	0	0	0	0	0	0	0	1	NA	-1	1	1	-1	0	1	0	0	1	0	1	1	0	-1	-1	1	0	-1	-1	1	1	41.7	84	49	67.8	87	28	0.8179	6.302	NA	NA	NA
ENH34049_1	1	NA	0	0	1	0	0	0	0	0	0	0	-1	1	0	0	0	0	0	0	0	0	1	NA	-1	1	1	-1	0	1	0	0	1	0	1	1	0	-1	-1	1	0	-1	-1	1	1	41.7	84	49	67.8	87	28	0.814	6.163	NA	NA	NA
SQU74273_1	1	-1	0	0	1	0	0	0	0	0	0	0	-1	1	0	0	0	0	0	0	0	0	1	1	-1	1	1	-1	0	1	0	0	1	0	1	1	0	-1	-1	1	0	-1	-1	1	1	41.7	84	49	79.4	175	36	0.8942	5.293	NA	NA	NA
EPH50251_1	1	-1	0	0	1	0	0	0	0	0	0	0	-1	1	0	0	0	0	0	0	0	0	1	1	-1	1	1	-1	0	1	0	0	1	0	1	1	0	-1	-1	1	0	-1	-1	1	1	41.7	84	49	79.4	175	36	0.8911	5.278	NA	NA	NA
WP_001668660_1	1	-1	0	0	1	0	0	0	0	0	0	0	-1	1	0	0	0	0	0	0	0	0	1	1	-1	1	1	-1	0	1	0	0	1	0	1	1	0	-1	-1	1	0	-1	-1	1	1	41.7	84	49	78.9	175	37	0.8956	5.298	NA	NA	NA
WP_001731087_1	1	-1	0	0	1	0	0	0	0	0	0	0	-1	1	0	0	0	0	0	0	0	0	1	1	-1	1	1	-1	0	1	0	0	1	0	1	1	0	-1	-1	1	0	-1	-1	1	1	44	84	47	79.4	175	36	0.9017	5.246	NA	NA	NA
WP_001665505_1	1	-1	0	0	1	0	0	0	0	0	0	0	-1	1	0	0	0	0	0	0	0	0	1	1	-1	1	1	-1	0	1	0	0	1	0	1	1	0	-1	-1	1	0	-1	-1	1	1	41.7	84	49	78.9	175	37	0.8926	5.243	NA	NA	NA
ENF52678_1	1	NA	0	0	1	0	0	0	0	0	0	0	-1	1	0	0	0	0	0	0	0	0	1	NA	-1	1	1	-1	0	1	0	0	1	0	1	1	0	-1	-1	1	0	-1	-1	1	1	41.7	84	49	67.8	87	28	0.8106	6.202	NA	NA	NA
AAQ22677_1	1	-1	0	0	1	0	0	0	0	0	0	0	-1	1	0	0	0	0	0	0	0	0	1	1	-1	1	1	-1	0	1	0	0	1	0	1	1	0	-1	-1	1	0	-1	-1	1	1	41.7	84	49	79.4	175	36	0.9209	4.735	NA	NA	NA
WP_089587556_1	1	-1	0	0	1	0	0	0	0	0	0	0	-1	1	0	0	0	0	0	0	0	0	1	1	-1	1	1	-1	0	1	0	0	1	0	1	1	0	-1	-1	1	0	-1	-1	1	1	41.7	84	49	79.4	175	36	0.9183	4.788	NA	NA	NA
WP_103722808_1	1	-1	0	0	1	0	0	0	0	0	0	0	-1	1	0	0	0	0	0	0	0	0	1	1	-1	1	1	-1	0	1	0	0	1	0	1	1	0	-1	-1	1	0	-1	-1	1	1	44	84	47	79.4	175	36	0.9023	4.862	NA	NA	NA
KXL36369_1	1	-1	0	0	1	0	0	0	0	0	0	0	-1	1	0	0	0	0	0	0	0	0	1	1	-1	1	1	-1	0	1	0	0	1	0	1	1	0	-1	-1	1	0	-1	-1	1	1	45.2	84	44	79.4	175	36	0.8666	5.369	NA	NA	NA
KZO63737_1	1	-1	0	0	1	0	0	0	0	0	0	0	-1	1	0	0	0	0	0	0	0	0	1	1	-1	1	1	-1	0	1	0	0	1	0	1	1	0	-1	-1	1	0	-1	-1	1	1	46.5	43	23	78.9	175	37	0.8932	5.319	NA	NA	NA
EOQ60217_1	1	-1	0	0	1	0	0	0	0	0	0	0	-1	1	0	0	0	0	0	0	0	0	1	1	-1	1	1	-1	0	1	0	0	1	0	1	1	0	-1	-1	1	0	-1	-1	1	1	46.5	43	23	78.9	175	37	0.8973	4.98	NA	NA	NA
EQV91099_1	1	-1	0	0	1	0	0	0	0	0	0	0	-1	1	0	0	0	0	0	0	0	0	1	1	-1	1	1	-1	0	1	0	0	1	0	1	1	0	-1	-1	1	0	-1	-1	1	1	46.5	43	23	78.3	175	38	0.9098	4.84	NA	NA	NA
WP_000079765_1	1	-1	0	0	1	0	0	0	0	0	0	0	-1	1	0	0	0	0	0	0	0	0	1	1	-1	1	1	-1	0	1	0	0	1	0	1	1	0	-1	-1	1	0	-1	-1	1	1	46.5	43	23	78.3	175	38	0.9018	5.143	NA	NA	NA
RDR83740_1	1	-1	0	0	1	0	0	0	0	0	0	0	-1	1	0	0	0	0	0	0	0	0	1	1	-1	1	1	-1	0	1	0	0	1	0	1	1	0	-1	-1	1	0	-1	-1	1	1	41.7	84	49	79.4	175	36	0.898	5.233	NA	NA	NA
PAC69702_1	1	-1	0	0	1	0	0	0	0	0	0	0	-1	1	0	0	0	0	0	0	0	0	1	1	-1	1	1	-1	0	1	0	0	1	0	1	1	0	-1	-1	1	0	-1	-1	1	1	46.5	43	23	72.2	115	32	0.8698	5.632	NA	NA	NA
WP_064545550_1	1	-1	0	0	1	0	0	0	0	0	0	0	-1	1	0	0	0	0	0	0	0	0	1	1	-1	1	1	-1	0	1	0	0	1	0	1	1	0	-1	-1	1	0	-1	-1	1	1	41.7	84	49	79.4	175	36	0.8999	5.863	NA	NA	NA
WP_064529324_1	1	-1	0	0	1	0	0	0	0	0	0	0	-1	1	0	0	0	0	0	0	0	0	1	1	-1	1	1	-1	0	1	0	0	1	0	1	1	0	-1	-1	1	0	-1	-1	1	1	46.5	43	23	78.9	175	37	0.8982	5.232	NA	NA	NA
WP_063923764_1	1	-1	0	0	1	0	0	0	0	0	0	0	-1	1	0	0	0	0	0	0	0	0	1	1	-1	1	1	-1	0	1	0	0	1	0	1	1	0	-1	-1	1	0	-1	-1	1	1	46.5	43	23	79.4	175	36	0.9051	5.127	NA	NA	NA
KVJ39855_1	1	-1	0	0	1	0	0	0	0	0	0	0	-1	1	0	0	0	0	0	0	0	0	1	1	-1	1	1	-1	0	1	0	0	1	0	1	1	0	-1	-1	1	0	-1	-1	1	1	36.9	84	53	79.1	177	37	0.915	4.687	NA	NA	NA
KZP95484_1	1	-1	0	0	1	0	0	0	0	0	0	0	-1	1	0	0	0	0	0	0	0	0	1	1	-1	1	1	-1	0	1	0	0	1	0	1	1	0	-1	-1	1	0	-1	-1	1	1	46.5	43	23	78.9	175	37	0.9003	5.15	NA	NA	NA
PPW81105_1	1	-1	0	0	1	0	0	0	0	0	0	0	-1	1	0	0	0	0	0	0	0	0	1	1	-1	1	1	-1	0	1	0	0	1	0	1	1	0	-1	-1	1	0	-1	-1	1	1	35	117	76	78.9	175	37	0.8916	5.086	NA	NA	NA
SQZ71068_1	1	-1	0	0	1	0	0	0	0	0	0	0	-1	1	0	0	0	0	0	0	0	0	1	1	-1	1	1	-1	0	1	0	0	1	0	1	1	0	-1	-1	1	0	-1	-1	1	1	35	117	76	78.9	175	37	0.925	4.405	NA	NA	NA
AAQ22678_1	1	-1	0	0	1	0	0	0	0	0	0	0	-1	1	0	0	0	0	0	0	0	0	1	1	-1	1	1	-1	0	1	0	0	1	0	1	1	0	-1	-1	1	0	-1	-1	1	1	35	117	76	78.3	175	38	0.9049	5.012	NA	NA	NA
WP_105286925_1	1	-1	0	0	1	0	0	0	0	0	0	0	-1	1	0	0	0	0	0	0	0	0	1	1	-1	1	1	-1	0	1	0	0	1	0	1	1	0	-1	-1	1	0	-1	-1	1	1	41.7	84	49	78.3	175	38	0.9007	5.362	NA	NA	NA
WP_105280748_1	1	-1	0	0	1	0	0	0	0	0	0	0	-1	1	0	0	0	0	0	0	0	0	1	1	-1	1	1	-1	0	1	0	0	1	0	1	1	0	-1	-1	1	0	-1	-1	1	1	41.7	84	49	77.7	175	39	0.9011	5.307	NA	NA	NA
CZZ23546_1	1	-1	0	0	1	0	0	0	0	0	0	0	-1	1	0	0	0	0	0	0	0	0	1	1	-1	1	1	-1	0	1	0	0	1	0	1	1	0	-1	-1	1	0	-1	-1	1	1	46.5	43	23	78.9	175	37	0.8964	6.266	NA	NA	NA
APK39542_1	1	-1	0	0	1	0	0	0	0	0	0	0	-1	1	0	0	0	0	0	0	0	0	1	1	-1	1	1	-1	0	1	0	0	1	0	1	1	0	-1	-1	1	0	-1	-1	1	1	46.5	43	23	79.4	175	36	0.9082	4.839	NA	NA	NA
RCZ41647_1	1	-1	0	0	1	0	0	0	0	0	0	0	-1	1	0	0	0	0	0	0	0	0	1	1	-1	1	1	-1	0	1	0	0	1	0	1	1	0	-1	-1	1	0	-1	-1	1	1	46.5	43	23	79.4	175	36	0.9113	5.963	NA	NA	NA
OMH04801_1	1	-1	0	0	1	0	0	0	0	0	0	0	-1	1	0	0	0	0	0	0	0	0	1	1	-1	1	1	-1	0	1	0	0	1	0	1	1	0	-1	-1	1	0	-1	-1	1	1	46.5	43	23	79.4	175	36	0.9076	4.343	NA	NA	NA
WP_089521654_1	1	-1	0	0	1	0	0	0	0	0	0	0	-1	1	0	0	0	0	0	0	0	0	1	1	-1	1	1	-1	0	1	0	0	1	0	1	1	0	-1	-1	1	0	-1	-1	1	1	46.5	43	23	79.4	175	36	0.9011	6.352	NA	NA	NA
ESL22537_1	1	-1	0	0	1	0	0	0	0	0	0	0	-1	1	0	0	0	0	0	0	0	0	1	1	-1	1	1	-1	0	1	0	0	1	0	1	1	0	-1	-1	1	0	-1	-1	1	1	46.5	43	23	79.4	175	36	0.9075	4.825	NA	NA	NA
BAF46882_1	1	-1	0	0	1	0	0	0	0	0	0	0	-1	1	0	0	0	0	0	0	0	0	1	1	-1	1	1	-1	0	1	0	0	1	0	1	1	0	-1	-1	1	0	-1	-1	1	1	46.5	43	23	79.4	175	36	0.8955	6.067	NA	NA	NA
AAQ22681_1	1	-1	0	0	1	0	0	0	0	0	0	0	-1	1	0	0	0	0	0	0	0	0	1	1	-1	1	1	-1	0	1	0	0	1	0	1	1	0	-1	-1	1	0	-1	-1	1	1	46.5	43	23	79.4	175	36	0.9155	4.265	NA	NA	NA
SQN62661_1	1	-1	0	0	1	0	0	0	0	0	0	0	-1	1	0	0	0	0	0	0	0	0	1	1	-1	1	1	-1	0	1	0	0	1	0	1	1	0	-1	-1	1	0	-1	-1	1	1	46.5	43	23	79.4	175	36	0.9115	4.337	NA	NA	NA
AAQ22674_1	1	-1	0	0	1	0	0	0	0	0	0	0	-1	1	0	0	0	0	0	0	0	0	1	1	-1	1	1	-1	0	1	0	0	1	0	1	1	0	-1	-1	1	0	-1	-1	1	1	46.5	43	23	79.4	175	36	0.9091	4.746	NA	NA	NA
CZY51602_1	1	-1	0	0	1	0	0	0	0	0	0	0	-1	1	0	0	0	0	0	0	0	0	1	1	-1	1	1	-1	0	1	0	0	1	0	1	1	0	-1	-1	1	0	-1	-1	1	1	46.5	43	23	78.3	175	38	0.9089	4.847	NA	NA	NA
ORM56269_1	1	-1	0	0	1	0	0	0	0	0	0	0	-1	1	0	0	0	0	0	0	0	0	1	1	-1	1	1	-1	0	1	1	0	1	0	1	1	0	-1	-1	1	0	-1	-1	1	1	47.8	46	24	80.6	175	34	0.8809	6.398	NA	NA	NA
WP_069729207_1	1	-1	0	0	1	0	0	0	0	0	0	0	-1	1	0	0	0	0	0	0	0	0	1	1	-1	1	1	-1	0	1	1	0	1	0	1	1	0	-1	-1	1	0	-1	-1	1	1	47.8	46	24	80.6	175	34	0.9097	4.484	NA	NA	NA
SAD13359_1	1	-1	0	0	1	0	0	0	0	0	0	0	-1	1	0	0	0	0	0	0	0	0	1	1	-1	1	1	-1	0	1	0	0	1	0	1	1	0	-1	-1	1	0	-1	-1	1	1	46.5	43	23	79.4	175	36	0.9087	4.826	NA	NA	NA
WP_112915971_1	1	-1	0	0	1	0	0	0	0	0	0	0	-1	1	0	0	0	0	0	0	0	0	1	1	-1	1	1	-1	0	1	0	0	1	0	1	1	0	-1	-1	1	0	-1	-1	1	1	46.5	43	23	80.6	175	34	0.9138	6.33	NA	NA	NA
WP_096249259_1	1	-1	0	0	1	0	0	0	0	0	0	0	-1	1	0	0	0	0	0	0	0	0	1	1	-1	1	1	-1	0	1	0	0	1	0	1	1	0	-1	-1	1	0	-1	-1	1	1	46.5	43	23	80.6	175	34	0.8961	6.241	NA	NA	NA
WP_063869093_1	1	-1	0	0	1	0	0	0	0	0	0	0	-1	1	0	0	0	0	0	0	0	0	1	1	-1	1	1	-1	0	1	0	0	1	0	1	1	0	-1	-1	1	0	-1	-1	1	1	46.5	43	23	81.2	170	32	0.8971	3.276	NA	NA	NA
APL41674_1	1	-1	0	0	1	0	0	0	0	0	0	0	-1	1	0	0	0	0	0	0	0	0	1	1	-1	1	1	-1	0	1	0	0	1	0	1	1	0	-1	-1	1	0	-1	-1	1	1	35.2	105	60	74.4	176	44	0.9014	4.837	NA	NA	NA
WP_097464079_1	1	-1	0	0	1	0	0	0	0	0	0	0	-1	1	0	0	0	0	0	0	0	0	1	1	-1	1	1	-1	0	1	0	0	1	0	1	1	0	-1	-1	1	0	-1	-1	1	1	35.2	105	60	74.4	176	44	0.8914	6.048	NA	NA	NA
WP_032174089_1	1	-1	0	0	1	0	0	0	0	0	0	0	-1	1	0	0	0	0	0	0	0	0	1	1	-1	1	1	-1	0	1	0	0	1	0	1	1	0	-1	-1	1	0	-1	-1	1	1	37.9	87	54	74.4	176	44	0.8815	3.614	NA	NA	NA
WP_063944648_1	1	-1	0	0	1	0	0	0	0	0	0	0	-1	1	0	0	0	0	0	0	0	0	1	1	-1	1	1	-1	0	1	0	0	1	0	1	1	0	-1	-1	1	0	-1	-1	1	1	46.5	43	23	80.6	175	34	0.8897	6.516	NA	NA	NA
KTQ52690_1	1	-1	0	0	1	0	0	0	0	0	0	0	-1	1	0	0	0	0	0	0	0	0	1	1	-1	1	1	-1	0	1	0	0	1	0	1	1	0	-1	-1	1	0	-1	-1	1	1	46.5	43	23	80.6	175	34	0.8874	6.493	NA	NA	NA
WP_063963821_1	1	-1	0	0	1	0	0	0	0	0	0	0	-1	1	0	0	0	0	0	0	0	0	1	1	-1	1	1	-1	0	1	0	0	1	0	1	1	0	-1	-1	1	0	-1	-1	1	1	46.5	43	23	80	175	35	0.8899	6.516	NA	NA	NA
POV65244_1	1	-1	0	0	1	0	0	0	0	0	0	0	-1	1	0	0	0	0	0	0	0	0	1	1	-1	1	1	-1	0	1	0	0	1	0	1	1	0	-1	-1	1	0	-1	-1	1	1	46.5	43	23	80.6	175	34	0.8933	6.516	NA	NA	NA
WP_107533299_1	1	-1	0	0	1	0	0	0	0	0	0	0	-1	1	0	0	0	0	0	0	0	0	1	1	-1	1	1	-1	0	1	0	0	1	0	1	1	0	-1	-1	1	0	-1	-1	1	1	46.5	43	23	80.6	175	34	0.888	5.069	NA	NA	NA
WP_103796163_1	1	-1	0	0	1	0	0	0	0	0	0	0	-1	1	0	0	0	0	0	0	0	0	1	1	-1	1	1	-1	0	1	1	0	1	0	1	1	0	-1	-1	1	0	-1	-1	1	1	36.8	87	55	81.7	175	32	0.8936	6.619	NA	NA	NA
BAA15751_1	1	-1	0	0	1	0	0	0	0	0	0	0	-1	1	0	0	0	0	0	0	0	0	1	1	-1	1	1	-1	0	1	0	0	1	0	1	1	0	-1	-1	1	0	-1	-1	1	1	37.9	87	54	78.4	176	38	0.9291	4.672	NA	NA	NA
WP_114217518_1	1	-1	0	0	1	0	0	0	0	0	0	0	-1	1	0	0	0	0	0	0	0	0	1	1	-1	1	1	-1	0	1	0	0	1	0	1	1	0	-1	-1	1	0	-1	-1	1	1	36.8	87	55	78.4	176	38	0.9269	4.715	NA	NA	NA
APC52181_1	1	-1	0	0	1	0	0	0	0	0	0	0	-1	1	0	0	0	0	0	0	0	0	1	1	-1	1	1	-1	0	1	0	0	1	0	1	1	0	-1	-1	1	0	-1	-1	1	1	37.9	87	54	77.8	176	39	0.9323	4.666	NA	NA	NA
OON77193_1	1	-1	0	0	1	0	0	0	0	0	0	0	-1	1	0	0	0	0	0	0	0	0	1	1	-1	1	1	-1	0	1	0	0	1	0	1	1	0	-1	-1	1	0	-1	-1	1	1	37.9	87	54	77.8	176	39	0.9334	4.654	NA	NA	NA
CUQ97031_1	1	-1	0	0	1	0	0	0	0	0	0	0	-1	1	0	0	0	0	0	0	0	0	1	1	-1	1	1	-1	0	1	0	0	1	0	1	1	0	-1	-1	1	0	-1	-1	1	1	37.9	87	54	77.3	176	40	0.9283	4.697	NA	NA	NA
RDQ24849_1	1	-1	0	0	1	0	0	0	0	0	0	0	-1	1	0	0	0	0	0	0	0	0	1	1	-1	1	1	-1	0	1	0	0	1	0	1	1	0	-1	-1	1	0	-1	-1	1	1	37.9	87	54	78.4	176	38	0.9301	4.675	NA	NA	NA
CAI29258_1	1	-1	0	0	1	0	0	0	0	0	0	0	-1	1	0	0	0	0	0	0	0	0	1	1	-1	1	1	-1	0	1	0	0	1	0	1	1	0	-1	-1	1	0	-1	-1	1	1	37.9	87	54	78.4	176	38	0.92	4.647	NA	NA	NA
WP_096932346_1	1	-1	0	0	1	0	0	0	0	0	0	0	-1	1	0	0	0	0	0	0	0	0	1	1	-1	1	1	-1	0	1	0	0	1	0	1	1	0	-1	-1	1	0	-1	-1	1	1	33.3	84	56	80.7	176	34	0.9104	5.364	NA	NA	NA
OOK25105_1	1	-1	0	0	1	0	0	0	0	0	0	0	-1	1	0	0	0	0	0	0	0	0	1	1	-1	1	1	-1	0	1	0	0	1	0	1	1	0	-1	-1	1	0	-1	-1	1	1	41.4	87	51	80.2	167	33	0.9227	3.064	NA	NA	NA
WP_032183371_1	1	-1	0	0	1	0	0	0	0	0	0	0	-1	1	0	0	0	0	0	0	0	0	1	1	-1	1	1	-1	0	1	0	0	1	0	1	1	0	-1	-1	1	0	-1	-1	1	1	41.4	87	51	80.2	167	33	0.9093	3.146	NA	NA	NA
RCC67407_1	1	-1	0	0	1	0	0	0	0	0	0	0	-1	1	0	0	0	0	0	0	0	0	1	1	-1	1	1	-1	0	1	0	0	1	0	1	1	0	-1	-1	1	0	-1	-1	1	1	41.4	87	51	80.2	167	33	0.9033	5.293	NA	NA	NA
WP_096264029_1	1	-1	0	0	1	0	0	0	0	0	0	0	-1	1	0	0	0	0	0	0	0	0	1	1	-1	1	1	-1	0	1	0	0	1	0	1	1	0	-1	-1	1	0	-1	-1	1	1	40.2	87	52	80.2	167	33	0.9137	3.09	NA	NA	NA
WP_088537872_1	1	-1	0	0	1	0	0	0	0	0	0	0	-1	1	0	0	0	0	0	0	0	0	1	1	-1	1	1	-1	0	1	0	0	1	0	1	1	0	-1	-1	1	0	-1	-1	1	1	41.4	87	51	80.2	167	33	0.9114	3.176	NA	NA	NA
SQQ40831_1	1	-1	0	0	1	0	0	0	0	0	0	0	-1	1	0	0	0	0	0	0	0	0	1	1	-1	1	1	-1	0	1	0	0	1	0	1	1	0	-1	-1	1	0	-1	-1	1	1	41.4	87	51	80.2	167	33	0.9011	3.197	NA	NA	NA
PCS51364_1	1	-1	0	0	1	0	0	0	0	0	0	0	-1	1	0	0	0	0	0	0	0	0	1	1	-1	1	1	-1	0	1	0	0	1	0	1	1	0	-1	-1	1	0	-1	-1	1	1	41.4	87	51	80.2	167	33	0.9015	3.187	NA	NA	NA
WP_097735492_1	1	-1	0	0	1	0	0	0	0	0	0	0	-1	1	0	0	0	0	0	0	0	0	1	1	-1	1	1	-1	0	1	0	0	1	0	1	1	0	-1	-1	1	0	-1	-1	1	1	41.4	87	51	80.2	167	33	0.9238	5.787	NA	NA	NA
WP_040061875_1	1	-1	0	0	1	0	0	0	0	0	0	0	-1	1	0	0	0	0	0	0	0	0	1	1	-1	1	1	-1	0	1	0	0	1	0	1	1	0	-1	-1	1	0	-1	-1	1	1	41.4	87	51	80.2	167	33	0.9262	5.295	NA	NA	NA
OYN28080_1	1	-1	0	0	1	0	0	0	0	0	0	0	-1	1	0	0	0	0	0	0	0	0	1	1	-1	1	1	-1	0	1	0	0	1	0	1	1	0	-1	-1	1	0	-1	-1	1	1	41.4	87	51	80.2	167	33	0.9116	3.102	NA	NA	NA
WP_044863682_1	1	-1	0	0	1	0	0	0	0	0	0	0	-1	1	0	0	0	0	0	0	0	0	1	1	-1	1	1	-1	0	1	0	0	1	0	1	1	0	-1	-1	1	0	-1	-1	1	1	41.4	87	51	80.2	167	33	0.9243	5.83	NA	NA	NA
AAQ22688_1	1	-1	0	0	1	0	0	0	0	0	0	0	-1	1	0	0	0	0	0	0	0	0	1	1	-1	1	1	-1	0	1	0	0	1	0	1	1	0	-1	-1	1	0	-1	-1	1	1	41.4	87	51	80.2	167	33	0.9145	3.038	NA	NA	NA
WP_103522731_1	1	-1	0	0	1	0	0	0	0	0	0	0	-1	1	0	0	0	0	0	0	0	0	1	1	-1	1	1	-1	0	1	0	0	1	0	1	1	0	-1	-1	1	0	-1	-1	1	1	42.5	87	50	80.2	167	33	0.885	3.371	NA	NA	NA
STM61961_1	1	-1	0	0	1	0	0	0	0	0	0	0	-1	1	0	0	0	0	0	0	0	0	1	1	-1	1	1	-1	0	1	0	0	1	0	1	1	0	-1	-1	1	0	-1	-1	1	1	41.4	87	51	77.6	174	39	0.9019	3.17	NA	NA	NA
WP_097340310_1	1	-1	0	0	1	0	0	0	0	0	0	0	-1	1	0	0	0	0	0	0	0	0	1	1	-1	1	1	-1	0	1	0	0	1	0	1	1	0	-1	-1	1	0	-1	-1	1	1	41.4	87	51	78.2	174	38	0.9247	3.041	NA	NA	NA
SAH84449_1	1	-1	0	0	1	0	0	0	0	0	0	0	-1	0	0	0	0	0	0	0	0	0	1	1	-1	1	1	-1	0	1	0	0	1	0	1	1	0	-1	-1	1	0	-1	-1	1	1	41.4	87	51	79.4	170	35	0.9049	3.144	NA	NA	NA
WP_048243869_1	1	-1	0	0	1	0	0	0	0	0	0	0	-1	1	0	0	0	0	0	0	0	0	1	1	-1	1	1	-1	0	1	0	0	1	0	1	1	0	-1	-1	1	0	-1	-1	1	1	38.2	89	55	78.1	178	39	0.9341	3.037	NA	NA	NA
AAF32262_1	1	-1	0	0	1	0	0	0	0	0	0	0	-1	1	0	0	0	0	0	0	0	0	1	1	-1	1	1	-1	0	1	0	0	1	0	1	1	0	-1	-1	1	0	-1	-1	1	1	37.8	111	54	79.2	178	37	0.9282	3.216	NA	NA	NA
OYB48788_1	1	-1	0	0	1	0	0	0	0	0	0	0	-1	1	0	0	0	0	0	0	0	0	1	1	-1	1	1	-1	0	1	0	0	1	0	1	1	0	-1	-1	1	0	-1	-1	1	1	37.8	111	54	79.2	178	37	0.9337	3.169	NA	NA	NA
WP_032612080_1	1	-1	0	0	1	0	0	0	0	0	0	0	-1	1	0	0	0	0	0	0	0	0	1	1	-1	1	1	-1	0	1	1	0	1	0	1	1	0	-1	-1	1	0	-1	-1	1	1	40.2	87	52	80.1	176	35	0.9026	4.868	NA	NA	NA
RAL71885_1	1	-1	0	0	1	0	0	0	0	0	0	0	-1	1	0	0	0	0	0	0	0	0	1	1	-1	1	1	-1	0	1	1	0	1	0	1	1	0	-1	-1	1	0	-1	-1	1	1	46.5	43	23	81.3	176	33	0.9162	4.808	NA	NA	NA
WP_094121749_1	1	-1	0	0	1	0	0	0	0	0	0	0	-1	0	0	0	0	0	0	0	0	0	1	1	-1	1	1	-1	0	1	0	0	1	0	1	0	0	-1	-1	1	0	-1	-1	1	1	36.8	87	55	80.7	176	34	0.9097	4.801	NA	NA	NA
EOQ48332_1	1	-1	0	0	1	0	0	0	0	0	0	0	0	0	0	0	0	0	0	0	0	0	1	1	-1	1	1	-1	0	1	1	0	1	0	-1	0	1	-1	-1	1	0	-1	-1	1	1	48.9	45	23	84	175	28	0.8981	4.894	NA	NA	NA
CGZ36504_1	1	-1	0	0	1	0	0	0	0	0	0	0	0	0	0	0	0	0	0	0	0	0	1	1	-1	1	1	-1	0	1	1	0	1	0	-1	0	1	-1	-1	1	0	-1	-1	1	1	38.5	65	40	84	175	28	0.9196	4.78	NA	NA	NA
BAD16577_1	1	-1	0	0	1	0	0	0	0	0	0	0	0	0	0	0	0	0	0	0	0	0	1	1	-1	1	1	-1	0	1	1	0	1	0	-1	0	1	-1	-1	1	0	-1	-1	1	1	38.5	65	40	83.4	175	29	0.9257	5.009	NA	NA	NA
KYW76940_1	1	-1	0	0	1	0	0	0	0	0	0	0	0	0	0	0	0	0	0	0	0	0	1	1	-1	1	1	-1	0	1	1	0	1	0	-1	0	1	-1	-1	1	0	-1	-1	1	1	40.7	86	51	84	175	28	0.9066	4.774	NA	NA	NA
WP_075034191_1	1	-1	0	0	1	0	0	0	0	0	0	0	0	0	0	0	0	0	0	0	0	0	1	1	-1	1	1	-1	0	1	1	0	1	0	-1	0	1	-1	-1	1	0	-1	-1	1	1	40.7	86	51	84	175	28	0.9065	4.812	NA	NA	NA
WP_044808751_1	1	-1	0	0	1	0	0	0	0	0	0	0	0	0	0	0	0	0	0	0	0	0	1	1	-1	1	1	-1	0	1	1	0	1	0	-1	0	1	-1	-1	1	0	-1	-1	1	1	40.7	86	51	84	175	28	0.9119	4.776	NA	NA	NA
WP_106904111_1	1	-1	0	0	1	0	0	0	0	0	0	0	0	0	0	0	0	0	0	0	0	0	1	1	-1	1	1	-1	0	1	1	0	1	0	-1	0	1	-1	-1	1	0	-1	-1	1	1	40.7	86	51	84	175	28	0.898	4.888	NA	NA	NA
WP_097757617_1	1	-1	0	0	1	0	0	0	0	0	0	0	0	0	0	0	0	0	0	0	0	0	1	1	-1	1	1	-1	0	1	1	0	1	0	-1	0	1	-1	-1	1	0	-1	-1	1	1	40.7	86	51	84	175	28	0.9037	4.822	NA	NA	NA
WP_112928993_1	1	-1	0	0	1	0	0	0	0	0	0	0	0	0	0	0	0	0	0	0	0	0	1	1	-1	1	1	-1	0	1	1	0	1	0	-1	0	1	-1	-1	1	0	-1	-1	1	1	40.7	86	51	84	175	28	0.9055	4.833	NA	NA	NA
WP_033816548_1	1	-1	0	0	1	0	0	0	0	0	0	0	0	0	0	0	0	0	0	0	0	0	1	1	-1	1	1	-1	0	1	1	0	1	0	-1	0	1	-1	-1	1	0	-1	-1	1	1	40.7	86	51	84	175	28	0.9082	4.791	NA	NA	NA
KYT73351_1	1	-1	0	0	1	0	0	0	0	0	0	0	0	0	0	0	0	0	0	0	0	0	1	1	-1	1	1	-1	0	1	1	0	1	0	-1	0	1	-1	-1	1	0	-1	-1	1	1	40.7	86	51	83.4	175	29	0.9099	4.801	NA	NA	NA
WP_097698894_1	1	-1	0	0	1	0	0	0	0	0	0	0	0	0	0	0	0	0	0	0	0	0	1	1	-1	1	1	-1	0	1	1	0	1	0	-1	0	1	-1	-1	1	0	-1	-1	1	1	40.7	86	51	84	175	28	0.8935	5.473	NA	NA	NA
WP_097724977_1	1	-1	0	0	1	0	0	0	0	0	0	0	0	0	0	0	0	0	0	0	0	0	1	1	-1	1	1	-1	0	1	1	0	1	0	-1	0	1	-1	-1	1	0	-1	-1	1	1	40.7	86	51	83.5	170	28	0.9181	4.751	NA	NA	NA
AEL33274_1	1	-1	0	0	1	0	0	0	0	0	0	0	0	0	0	0	0	0	0	0	0	0	1	1	-1	1	1	-1	0	1	1	0	1	0	-1	0	1	-1	-1	1	0	-1	-1	1	1	41.4	87	51	81.6	152	28	0.9199	5.018	NA	NA	NA
WP_112888918_1	1	-1	0	0	1	0	0	0	0	0	0	0	0	0	0	0	0	0	0	0	0	0	1	1	-1	1	1	-1	0	1	1	0	1	0	-1	0	1	-1	-1	1	0	-1	-1	1	1	40.7	86	51	84	175	28	0.9074	4.828	NA	NA	NA
ESP08709_1	1	-1	0	0	1	0	0	0	0	0	0	0	0	0	0	0	0	0	0	0	0	0	1	1	-1	1	1	-1	0	1	1	0	1	0	-1	0	1	-1	-1	1	0	-1	-1	1	1	40.7	86	51	84	175	28	0.9051	4.852	NA	NA	NA
WP_053263357_1	1	-1	0	0	1	0	0	0	0	0	0	0	0	0	0	0	0	0	0	0	0	0	1	1	-1	1	1	-1	0	1	1	0	1	0	-1	0	1	-1	-1	1	0	-1	-1	1	1	40.7	86	51	84	175	28	0.9033	4.83	NA	NA	NA
WP_047630947_1	1	-1	0	0	1	0	0	0	0	0	0	0	0	0	0	0	0	0	0	0	0	0	1	1	-1	1	1	-1	0	1	1	0	1	0	-1	0	1	-1	-1	1	0	-1	-1	1	1	40.7	86	51	83.4	175	29	0.9076	4.788	NA	NA	NA
OJM19964_1	1	-1	0	0	1	0	0	0	0	0	0	0	0	0	0	0	0	0	0	0	0	0	1	1	-1	1	1	-1	0	1	1	0	1	0	-1	0	1	-1	-1	1	0	-1	-1	1	1	40.7	86	51	84	175	28	0.8924	4.984	NA	NA	NA
WP_052906032_1	1	-1	0	0	1	0	0	0	0	0	0	0	0	0	0	0	0	0	0	0	0	0	1	1	-1	1	1	-1	0	1	1	0	1	0	-1	0	1	-1	-1	1	0	-1	-1	1	1	40.7	86	51	84	175	28	0.9108	4.782	NA	NA	NA
WP_112920619_1	1	-1	0	0	1	0	0	0	0	0	0	0	0	0	0	0	0	0	0	0	0	0	1	1	-1	1	1	-1	0	1	1	0	1	0	-1	0	1	-1	-1	1	0	-1	-1	1	1	40.7	86	51	84	175	28	0.8754	5.238	NA	NA	NA
WP_047149282_1	1	-1	0	0	1	0	0	0	0	0	0	0	0	0	0	0	0	0	0	0	0	0	1	1	-1	1	1	-1	0	1	1	0	1	0	-1	0	1	-1	-1	1	0	-1	-1	1	1	40.7	86	51	84	175	28	0.9179	4.742	NA	NA	NA
WP_074579550_1	1	-1	0	0	1	0	0	0	0	0	0	0	0	0	0	0	0	0	0	0	0	0	1	1	-1	1	1	-1	0	1	1	0	1	0	-1	0	1	-1	-1	1	0	-1	-1	1	1	40.7	86	51	84	175	28	0.9128	4.745	NA	NA	NA
OXJ46160_1	1	-1	0	0	1	0	0	0	0	0	0	0	0	0	0	0	0	0	0	0	0	0	1	1	-1	1	1	-1	0	1	1	0	1	0	-1	0	1	-1	-1	1	0	-1	-1	1	1	40.7	86	51	84	175	28	0.9016	4.88	NA	NA	NA
OKU73951_1	1	-1	0	0	1	0	0	0	0	0	0	0	0	0	0	0	0	0	0	0	0	0	1	1	-1	1	1	-1	0	1	1	0	1	0	-1	0	1	-1	-1	1	0	-1	-1	1	1	40.7	86	51	84	175	28	0.9062	4.828	NA	NA	NA
PPY63813_1	1	-1	0	0	1	0	0	0	0	0	0	0	0	0	0	0	0	0	0	0	0	0	1	1	-1	1	1	-1	0	1	1	0	1	0	-1	0	1	-1	-1	1	0	-1	-1	1	1	40.7	86	51	83.4	175	29	0.9048	4.84	NA	NA	NA
OYI43010_1	1	-1	0	0	1	0	0	0	0	0	0	0	0	0	0	0	0	0	0	0	0	0	1	1	-1	1	1	-1	0	1	1	0	1	0	-1	0	1	-1	-1	1	0	-1	-1	1	1	40.7	86	51	84	175	28	0.9007	4.862	NA	NA	NA
AAN77107_1	1	-1	0	0	1	0	0	0	0	0	0	0	0	0	0	0	0	0	0	0	0	0	1	1	-1	1	1	-1	0	1	1	0	1	0	-1	0	1	-1	-1	1	-1	-1	-1	1	1	37.3	67	42	81.9	155	28	0.9133	5.02	NA	NA	NA
EZQ39230_1	1	-1	0	0	1	0	0	0	0	0	0	0	0	0	0	0	0	0	0	0	0	0	1	1	-1	1	1	-1	0	1	1	0	1	0	-1	0	1	-1	-1	1	0	-1	-1	1	1	40.7	86	51	84	175	28	0.8895	5.27	NA	NA	NA
PAU12860_1	1	-1	0	0	1	0	0	0	0	0	0	0	0	0	0	0	0	0	0	0	0	0	1	1	-1	1	1	-1	0	1	1	0	1	0	-1	0	1	-1	-1	1	0	-1	-1	1	1	40.7	86	51	84.6	175	27	0.9193	4.731	NA	NA	NA
WP_096884321_1	1	-1	0	0	1	0	0	0	0	0	0	0	0	0	0	0	0	0	0	0	0	0	1	1	-1	1	1	-1	0	1	1	0	1	0	-1	0	1	-1	-1	1	0	-1	-1	1	1	40.7	86	51	83	171	29	0.9145	4.799	NA	NA	NA
CTT31484_1	1	-1	0	0	1	0	0	0	0	0	0	0	0	0	0	0	0	0	0	0	0	0	1	1	-1	1	1	-1	0	1	1	0	1	0	-1	0	1	-1	-1	1	0	-1	-1	1	1	40.7	86	51	83.4	175	29	0.8815	5.024	NA	NA	NA
WP_077819060_1	1	-1	0	0	1	0	0	0	0	0	0	0	0	0	0	0	0	0	0	0	0	0	1	1	-1	1	1	-1	0	1	1	0	1	0	-1	0	1	-1	-1	1	0	-1	-1	1	1	40.7	86	51	78	118	26	0.8229	5.934	NA	NA	NA
KST26218_1	1	-1	0	0	1	0	0	0	0	0	0	0	0	0	0	0	0	0	0	0	0	0	1	1	-1	1	1	-1	0	1	1	0	1	0	-1	0	1	-1	-1	1	0	-1	-1	1	1	40.7	86	51	83.4	175	29	0.9135	4.732	NA	NA	NA
WP_096891966_1	1	-1	0	0	1	0	0	0	0	0	0	0	0	0	0	0	0	0	0	0	0	0	1	1	-1	1	1	-1	0	1	1	0	1	0	-1	0	1	-1	-1	1	0	-1	-1	1	1	40.7	86	51	83.4	175	29	0.9007	4.897	NA	NA	NA
WP_097429815_1	1	-1	0	0	1	0	0	0	0	0	0	0	0	0	0	0	0	0	0	0	0	0	1	1	-1	1	1	-1	0	1	1	0	1	0	-1	0	1	-1	-1	1	0	-1	-1	1	1	40.7	86	51	84	175	28	0.8983	4.923	NA	NA	NA
WP_071685985_1	1	-1	0	0	1	0	0	0	0	0	0	0	0	0	0	0	0	0	0	0	0	0	1	1	-1	1	1	-1	0	1	1	0	1	0	-1	0	1	-1	-1	1	0	-1	-1	1	1	40.7	86	51	84	175	28	0.8888	5.245	NA	NA	NA
CAD99230_1	NA	-1	0	0	1	0	0	0	0	0	0	0	0	0	0	0	0	0	0	0	0	0	NA	1	-1	1	1	-1	0	1	1	0	1	0	-1	0	1	-1	-1	1	0	-1	-1	1	NA	38.6	57	35	82.9	175	30	0.9018	5.148	NA	NA	NA
ART17002_1	1	-1	0	0	1	0	0	0	0	0	0	0	0	0	0	0	0	0	0	0	0	0	1	1	-1	1	1	-1	0	1	1	0	1	0	-1	0	1	-1	-1	1	0	-1	-1	1	1	40.7	86	51	81.7	175	32	0.9036	4.818	NA	NA	NA
WP_044783147_1	1	-1	0	0	1	0	0	0	0	0	0	0	0	0	0	0	0	0	0	0	0	0	1	1	-1	1	1	-1	0	1	1	0	1	0	-1	0	1	-1	-1	1	0	-1	-1	1	1	40.7	86	51	82.1	156	28	0.8719	4.921	NA	NA	NA
KXP80480_1	1	NA	NA	NA	NA	0	0	NA	NA	NA	0	0	0	0	0	0	0	0	0	0	0	0	1	NA	NA	NA	NA	-1	0	NA	NA	NA	1	0	-1	0	1	-1	-1	1	0	-1	-1	1	1	40.7	86	51	73.6	72	19	0.7397	6.739	NA	NA	NA
AAN77105_1	1	-1	0	0	1	0	0	0	0	0	0	0	0	0	0	0	0	0	0	0	0	0	1	1	-1	1	1	-1	0	1	1	0	1	0	-1	0	1	-1	-1	1	-1	-1	-1	1	1	37.3	67	42	81.9	155	28	0.9061	5.071	NA	NA	NA
OJM32802_1	1	-1	0	0	1	0	0	0	0	0	0	0	0	0	0	0	0	0	0	0	0	0	1	1	-1	1	1	-1	0	1	1	0	1	0	-1	0	1	-1	-1	1	0	-1	-1	1	1	40.7	86	51	84.6	175	27	0.9178	4.715	NA	NA	NA
WP_114158593_1	1	-1	0	0	1	0	0	0	0	0	0	0	0	0	0	0	0	0	0	0	0	0	1	1	-1	1	1	-1	0	1	1	0	1	0	-1	0	1	-1	-1	1	0	-1	-1	1	1	40.7	86	51	84.6	175	27	0.8978	4.876	NA	NA	NA
EMS08738_1	1	-1	0	0	1	0	0	0	0	0	0	0	0	0	0	0	0	0	0	0	0	0	1	1	-1	1	1	-1	0	1	1	0	1	0	-1	0	1	-1	-1	1	0	-1	-1	1	1	40.7	86	51	84.6	175	27	0.9014	4.838	NA	NA	NA
EQW11674_1	1	-1	0	0	1	0	0	0	0	0	0	0	0	0	0	0	0	0	0	0	0	0	1	1	-1	1	1	-1	0	1	1	0	1	0	-1	0	1	-1	-1	1	0	-1	-1	1	1	40.7	86	51	84.6	175	27	0.9108	4.783	NA	NA	NA
SRY48274_1	1	-1	0	0	1	0	0	0	0	0	0	0	0	0	0	0	0	0	0	0	0	0	1	1	-1	1	1	-1	0	1	1	0	1	0	-1	0	1	-1	-1	1	0	-1	-1	1	1	40.7	86	51	84.6	175	27	0.9108	4.753	NA	NA	NA
STJ07938_1	1	-1	0	0	1	0	0	0	0	0	0	0	0	0	0	0	0	0	0	0	0	0	1	1	-1	1	1	-1	0	1	1	0	1	0	-1	0	1	-1	-1	1	0	-1	-1	1	1	40.7	86	51	84.6	175	27	0.9	4.857	NA	NA	NA
KDW55813_1	1	-1	0	0	1	0	0	0	0	0	0	0	0	0	0	0	0	0	0	0	0	0	1	1	-1	1	1	-1	0	1	1	0	1	0	-1	0	1	-1	-1	1	0	-1	-1	1	1	40.7	86	51	84.6	175	27	0.8817	5.261	NA	NA	NA
EFP99695_1	1	-1	0	0	1	0	0	0	0	0	0	0	0	0	0	0	0	0	0	0	0	0	1	1	-1	1	1	-1	0	1	1	0	1	0	-1	0	1	-1	-1	1	0	-1	-1	1	1	40.7	86	51	84	175	28	0.8955	4.898	NA	NA	NA
RGO70295_1	1	-1	0	0	1	0	0	0	0	0	0	0	0	0	0	0	0	0	0	0	0	0	1	1	-1	1	1	-1	0	1	1	0	1	0	-1	0	1	-1	-1	1	0	-1	-1	1	1	40.7	86	51	84.6	175	27	0.8952	4.911	NA	NA	NA
STJ14525_1	1	-1	0	0	1	0	0	0	0	0	0	0	0	0	0	0	0	0	0	0	0	0	1	1	-1	1	1	-1	0	1	1	0	1	0	-1	0	1	-1	-1	1	0	-1	-1	1	1	40.7	86	51	84.6	175	27	0.901	4.812	NA	NA	NA
WP_001692859_1	1	-1	0	0	1	0	0	0	0	0	0	0	0	0	0	0	0	0	0	0	0	0	1	1	-1	1	1	-1	0	1	1	0	1	0	-1	0	1	-1	-1	1	0	-1	-1	1	1	40.7	86	51	84.6	175	27	0.9358	4.621	NA	NA	NA
AAL30165_1	1	-1	0	0	1	0	0	0	0	0	0	0	0	0	0	0	0	0	0	0	0	0	1	1	-1	1	1	-1	0	1	1	0	1	0	-1	0	1	-1	-1	1	0	-1	-1	1	1	41.4	87	51	84.6	175	27	0.9006	4.844	NA	NA	NA
ELH08587_1	1	-1	0	0	1	0	0	0	0	0	0	0	0	0	0	0	0	0	0	0	0	0	1	1	-1	1	1	-1	0	1	1	0	1	0	-1	0	1	-1	-1	1	0	-1	-1	1	1	38.3	94	58	84.6	175	27	0.8706	6.694	NA	NA	NA
WP_000079826_1	1	-1	0	0	1	0	0	0	0	0	0	0	0	0	0	0	0	0	0	0	0	0	1	1	-1	1	1	-1	0	1	1	0	1	0	-1	0	1	-1	-1	1	0	-1	-1	1	1	38.3	94	58	84.6	175	27	0.9026	6.887	NA	NA	NA
EGC94816_1	1	-1	0	0	1	0	0	0	0	0	0	0	0	0	0	0	0	0	0	0	0	0	1	1	-1	1	1	-1	0	1	1	0	1	0	-1	0	1	-1	-1	1	0	-1	-1	1	1	40.7	86	51	84.6	175	27	0.8404	5.377	NA	NA	NA
AAQ22673_1	1	-1	0	0	1	0	0	0	0	0	0	0	0	0	0	0	0	0	0	0	0	0	1	1	-1	1	1	-1	0	1	1	0	1	0	-1	0	1	-1	-1	1	0	-1	-1	1	1	41.4	87	51	84.6	175	27	0.8943	4.876	NA	NA	NA
KYR46821_1	1	-1	0	0	1	0	0	0	0	0	0	0	0	0	0	0	0	0	0	0	0	0	1	1	-1	1	1	-1	0	1	1	0	1	0	-1	0	1	-1	-1	1	0	-1	-1	1	1	40.7	86	51	84.6	175	27	0.9106	4.755	NA	NA	NA
OJP62597_1	1	-1	0	0	1	0	0	0	0	0	0	0	0	0	0	0	0	0	0	0	0	0	1	1	-1	1	1	-1	0	1	1	0	1	0	-1	0	1	-1	-1	1	0	-1	-1	1	1	40.7	86	51	84.6	175	27	0.8997	4.873	NA	NA	NA
OCQ09370_1	1	-1	0	0	1	0	0	0	0	0	0	0	0	0	0	0	0	0	0	0	0	0	1	1	-1	1	1	-1	0	1	1	0	1	0	-1	0	1	-1	-1	1	0	-1	-1	1	1	40.7	86	51	84	175	28	0.925	4.685	NA	NA	NA
WP_096262563_1	1	-1	0	0	1	0	0	0	0	0	0	0	0	0	0	0	0	0	0	0	0	0	1	1	-1	1	1	-1	0	1	1	0	1	0	-1	0	1	-1	-1	1	0	-1	-1	1	1	40.7	86	51	84.6	175	27	0.9093	4.823	NA	NA	NA
OWG99931_1	1	-1	0	0	1	0	0	0	0	0	0	0	0	0	0	0	0	0	0	0	0	0	1	1	-1	1	1	-1	0	1	1	0	1	0	-1	0	1	-1	-1	1	0	-1	-1	1	1	40.7	86	51	84.6	175	27	0.8974	4.891	NA	NA	NA
KDX29454_1	1	-1	0	0	1	0	0	0	0	0	0	0	0	0	0	0	0	0	0	0	0	0	1	1	-1	1	1	-1	0	1	1	0	1	0	-1	0	1	-1	-1	1	0	-1	-1	1	1	40.7	86	51	84.6	175	27	0.8967	5.063	NA	NA	NA
OUK55496_1	1	-1	0	0	1	0	0	0	0	0	0	0	0	0	0	0	0	0	0	0	0	0	1	1	-1	1	1	-1	0	1	1	0	1	0	-1	0	1	-1	-1	1	0	-1	-1	1	1	40.7	86	51	84	175	28	0.8875	4.954	NA	NA	NA
WP_096951683_1	1	-1	0	0	1	0	0	0	0	0	0	0	0	0	0	0	0	0	0	0	0	0	1	1	-1	1	1	-1	0	1	1	0	1	0	-1	0	1	-1	-1	1	0	-1	-1	1	1	39.5	86	52	84.6	175	27	0.9014	4.954	NA	NA	NA
ENG13212_1	1	-1	0	0	1	0	0	0	0	0	0	0	0	0	0	0	0	0	0	0	0	0	1	1	-1	1	1	-1	0	1	1	0	1	0	-1	0	1	-1	-1	1	0	-1	-1	1	1	40.7	86	51	84.6	175	27	0.9015	4.866	NA	NA	NA
AAQ22680_1	1	-1	0	0	1	0	0	0	0	0	0	0	0	0	0	0	0	0	0	0	0	0	1	1	-1	1	1	-1	0	1	1	0	1	0	-1	0	1	-1	-1	1	0	-1	-1	1	1	41.4	87	51	84	175	28	0.8957	6.299	NA	NA	NA
WP_112974636_1	1	-1	0	0	1	0	0	0	0	0	0	0	0	0	0	0	0	0	0	0	0	0	1	1	-1	1	1	-1	0	1	1	0	1	0	-1	0	1	-1	-1	1	0	-1	-1	1	1	40.7	86	51	84.6	175	27	0.8933	4.904	NA	NA	NA
WP_072666929_1	1	-1	0	0	1	0	0	0	0	0	0	0	0	0	0	0	0	0	0	0	0	0	1	1	-1	1	1	-1	0	1	1	0	1	0	-1	0	1	-1	-1	1	0	-1	-1	1	1	40.7	86	51	84.6	175	27	0.9168	4.717	NA	NA	NA
AAN77106_1	1	-1	0	0	1	0	0	0	0	0	0	0	0	0	0	0	0	0	0	0	0	0	1	1	-1	1	1	-1	0	1	1	0	1	0	-1	0	1	-1	-1	1	-1	-1	-1	1	1	37.3	67	42	82.6	155	27	0.9066	5.043	NA	NA	NA
ANZ86770_1	1	-1	0	0	1	0	0	0	0	0	0	0	0	0	0	0	0	0	0	0	0	0	1	1	-1	1	1	-1	0	1	1	0	1	0	-1	0	1	-1	-1	1	0	-1	-1	1	1	40.4	94	56	83.4	175	29	0.8941	4.838	NA	NA	NA
WP_094543093_1	1	-1	0	0	1	0	0	0	0	0	0	0	0	0	0	0	0	0	0	0	0	0	1	1	-1	1	1	-1	0	1	1	0	1	0	-1	0	1	-1	-1	1	0	-1	-1	1	1	40.4	94	56	83.4	175	29	0.8748	5.857	NA	NA	NA
WP_042307698_1	1	-1	0	0	1	0	0	0	0	0	0	0	0	0	0	0	0	0	0	0	0	0	1	1	-1	1	1	-1	0	1	1	0	1	0	1	0	1	-1	-1	1	0	0	-1	1	1	41.9	86	50	88.6	175	20	0.9111	5.156	NA	NA	NA
KKF70262_1	1	-1	0	0	1	0	0	0	0	0	0	0	0	0	0	0	0	0	0	0	0	0	1	1	-1	1	1	-1	0	1	1	0	1	0	1	0	1	-1	-1	1	0	0	-1	1	1	48.9	47	24	86.9	175	23	0.9171	5.177	NA	NA	NA
PCQ46540_1	1	-1	0	0	1	0	0	0	0	0	0	0	0	0	0	0	0	0	0	0	0	0	1	1	-1	1	1	-1	0	1	1	0	1	0	1	0	1	-1	-1	1	0	0	-1	1	1	44.6	83	46	88.8	170	19	0.9204	4.495	NA	NA	NA
WP_044257599_1	1	-1	0	0	1	0	0	0	0	0	0	0	0	0	0	0	0	0	0	0	0	0	1	1	-1	1	1	-1	0	1	1	0	1	0	1	0	1	-1	-1	1	0	0	-1	1	1	48.9	47	24	86.9	175	23	0.9229	5.117	NA	NA	NA
PNP36600_1	1	-1	0	0	1	0	0	0	0	0	0	0	0	0	0	0	0	0	0	0	0	0	1	1	-1	1	1	-1	0	1	1	0	1	0	1	0	1	-1	-1	1	0	0	-1	1	1	48.9	47	24	86.9	175	23	0.8982	5.307	NA	NA	NA
WP_058911185_1	1	-1	0	0	1	0	0	0	0	0	0	0	0	0	0	0	0	0	0	0	0	0	1	1	-1	1	1	-1	0	1	1	0	1	0	-1	0	1	-1	-1	1	0	-1	-1	1	1	38.2	89	55	84.6	175	27	0.8923	5.005	NA	NA	NA
KLR10725_1	1	-1	0	0	1	0	0	0	0	0	0	0	-1	1	0	0	0	0	0	0	0	0	1	1	-1	1	1	-1	0	1	0	0	1	0	1	1	0	-1	-1	1	0	-1	-1	1	1	38.5	122	63	81.1	175	33	0.8902	5.639	NA	NA	NA
WP_102751012_1	1	-1	0	0	1	0	0	0	0	0	0	0	-1	1	0	0	0	0	0	0	0	0	1	1	-1	1	1	-1	0	1	0	0	1	0	1	1	0	-1	-1	1	0	-1	-1	1	1	46.5	43	23	80	175	35	0.831	5.933	NA	NA	NA
WP_052283520_1	1	-1	0	0	1	0	0	0	0	0	0	0	-1	1	0	0	0	0	0	0	0	0	1	1	-1	1	1	-1	0	1	0	0	1	0	1	1	0	-1	-1	1	0	-1	-1	1	1	41.4	87	51	81.1	175	33	0.8979	5.132	NA	NA	NA
WP_052900445_1	1	-1	0	0	1	0	0	0	0	0	0	0	-1	0	0	0	0	0	0	0	0	0	1	1	-1	1	1	-1	0	1	1	0	1	0	1	0	0	-1	-1	1	0	-1	-1	1	1	41.7	84	49	82.9	175	30	0.9043	5.073	NA	NA	NA
POV21054_1	1	-1	0	0	1	0	0	0	0	0	0	0	0	0	0	0	0	0	0	0	0	0	1	1	-1	1	1	-1	0	1	1	0	1	0	1	0	1	-1	-1	1	0	-1	-1	1	1	42.2	83	48	86.9	175	23	0.9124	5.878	NA	NA	NA
KXP48816_1	1	-1	0	0	1	0	0	0	0	0	0	0	-1	1	0	0	0	0	0	0	0	0	1	1	-1	1	1	-1	0	1	0	0	1	0	1	1	0	-1	-1	1	0	-1	-1	1	1	46.5	43	23	80	175	35	0.8872	4.866	NA	NA	NA
STH65845_1	1	-1	0	0	1	0	0	0	0	0	0	0	-1	1	0	0	0	0	0	0	0	0	1	1	-1	1	1	-1	0	1	0	0	1	0	1	1	0	-1	-1	1	0	-1	-1	1	1	46.5	43	23	80	175	35	0.8975	4.858	NA	NA	NA
PQH08927_1	1	-1	0	0	1	0	0	0	0	0	0	0	-1	1	0	0	0	0	0	0	0	0	1	1	-1	1	1	-1	0	1	0	0	1	0	1	1	0	-1	-1	1	0	-1	-1	1	1	46.5	43	23	80	175	35	0.8984	4.849	NA	NA	NA
KLG45750_1	1	-1	0	0	1	0	0	0	0	0	0	0	-1	1	0	0	0	0	0	0	0	0	1	1	-1	1	1	-1	0	1	0	0	1	0	1	1	0	-1	-1	1	0	-1	-1	1	1	46.5	43	23	80	175	35	0.8949	4.842	NA	NA	NA
WP_114213126_1	1	-1	0	0	1	0	0	0	0	0	0	0	-1	1	0	0	0	0	0	0	0	0	1	1	-1	1	1	-1	0	1	0	0	1	0	1	1	0	-1	-1	1	0	-1	-1	1	1	46.5	43	23	80	175	35	0.8816	4.995	NA	NA	NA
WP_088540285_1	1	-1	0	0	1	0	0	0	0	0	0	0	-1	1	0	0	0	0	0	0	0	0	1	1	-1	1	1	-1	0	1	0	0	1	0	1	1	0	-1	-1	1	0	-1	-1	1	1	46.5	43	23	80	175	35	0.8895	4.867	NA	NA	NA
PBO90818_1	1	-1	0	0	1	0	0	0	0	0	0	0	-1	1	0	0	0	0	0	0	0	0	1	1	-1	1	1	-1	0	1	0	0	1	0	1	1	0	-1	-1	1	0	-1	-1	1	1	46.5	43	23	80	175	35	0.8898	4.909	NA	NA	NA
WP_063108198_1	1	-1	0	0	1	0	0	0	0	0	0	0	-1	1	0	0	0	0	0	0	0	0	1	1	-1	1	1	-1	0	1	0	0	1	0	1	1	0	-1	-1	1	0	-1	-1	1	1	46.5	43	23	80	175	35	0.8852	4.892	NA	NA	NA
WP_072649111_1	1	-1	0	0	1	0	0	0	0	0	0	0	-1	1	0	0	0	0	0	0	0	0	1	1	-1	1	1	-1	0	1	0	0	1	0	1	1	0	-1	-1	1	0	-1	-1	1	1	46.5	43	23	80	175	35	0.8961	4.853	NA	NA	NA
WP_115196488_1	1	-1	0	0	1	0	0	0	0	0	0	0	-1	1	0	0	0	0	0	0	0	0	1	1	-1	1	1	-1	0	1	0	0	1	0	1	1	0	-1	-1	1	0	-1	-1	1	1	46.5	43	23	80.6	175	34	0.8684	5.033	NA	NA	NA
WP_096132785_1	1	-1	0	0	1	0	0	0	0	0	0	0	-1	1	0	0	0	0	0	0	0	0	1	1	-1	1	1	-1	0	1	0	0	1	0	1	1	0	-1	-1	1	0	-1	-1	1	1	46.5	43	23	80	175	35	0.8873	4.861	NA	NA	NA
WP_024242498_1	1	-1	0	0	1	0	0	0	0	0	0	0	-1	1	0	0	0	0	0	0	0	0	1	1	-1	1	1	-1	0	1	0	0	1	0	1	1	0	-1	-1	1	0	-1	-1	1	1	46.5	43	23	80	175	35	0.8792	4.939	NA	NA	NA
AAL30167_1	1	-1	0	0	1	0	0	0	0	0	0	0	-1	1	0	0	0	0	0	0	0	0	1	1	-1	1	1	-1	0	1	0	0	1	0	1	1	0	-1	-1	1	0	-1	-1	1	1	46.5	43	23	80	175	35	0.8823	4.935	NA	NA	NA
EYE03638_1	1	-1	0	0	1	0	0	0	0	0	0	0	-1	1	0	0	0	0	0	0	0	0	1	1	-1	1	1	-1	0	1	0	0	1	0	1	1	0	-1	-1	1	0	-1	-1	1	1	46.5	43	23	79.4	175	36	0.8908	4.991	NA	NA	NA
WP_049035818_1	1	-1	0	0	1	0	0	0	0	0	0	0	-1	1	0	0	0	0	0	0	0	0	1	1	-1	1	1	-1	0	1	0	0	1	0	1	1	0	-1	-1	1	0	-1	-1	1	1	46.5	43	23	79.4	175	36	0.9022	4.943	NA	NA	NA
AAF85764_1	1	-1	0	0	1	0	0	0	0	0	0	0	-1	1	0	0	0	0	0	0	0	0	1	1	-1	1	1	-1	0	1	0	0	1	0	1	1	0	-1	-1	1	0	-1	-1	1	1	44.2	43	24	79.4	175	36	0.8858	4.969	NA	NA	NA
AUM07778_1	1	-1	0	0	1	0	0	0	0	0	0	0	-1	1	0	0	0	0	0	0	0	0	1	1	-1	1	1	-1	0	1	0	0	1	0	1	1	0	-1	-1	1	0	-1	-1	1	1	46.5	43	23	79.4	175	36	0.9097	4.874	NA	NA	NA
EHN85875_1	1	-1	0	0	1	0	0	0	0	0	0	0	-1	1	0	0	0	0	0	0	0	0	1	1	-1	1	1	-1	0	1	0	0	1	0	1	1	0	-1	-1	1	0	-1	-1	1	1	46.5	43	23	79.4	175	36	0.8929	4.984	NA	NA	NA
WP_105461766_1	1	-1	0	0	1	0	0	0	0	0	0	0	-1	1	0	0	0	0	0	0	0	0	1	1	-1	1	1	-1	0	1	0	0	1	0	1	1	0	-1	-1	1	0	-1	-1	1	1	46.5	43	23	79.4	175	36	0.9039	4.864	NA	NA	NA
OOH62673_1	1	-1	0	0	1	0	0	0	0	0	0	0	-1	1	0	0	0	0	0	0	0	0	1	1	-1	1	1	-1	0	1	0	0	1	0	1	1	0	-1	-1	1	0	-1	-1	1	1	46.5	43	23	79.4	175	36	0.8949	4.956	NA	NA	NA
RCZ88580_1	1	-1	0	0	1	0	0	0	0	0	0	0	-1	1	0	0	0	0	0	0	0	0	1	1	-1	1	1	-1	0	1	0	0	1	0	1	1	0	-1	-1	1	0	-1	-1	1	1	46.5	43	23	79.4	175	36	0.9065	4.905	NA	NA	NA
RCA67187_1	1	-1	0	0	1	0	0	0	0	0	0	0	-1	1	0	0	0	0	0	0	0	0	1	1	-1	1	1	-1	0	1	0	0	1	0	1	1	0	-1	-1	1	0	-1	-1	1	1	46.5	43	23	79.4	175	36	0.9033	4.94	NA	NA	NA
EMU69612_1	1	-1	0	0	1	0	0	0	0	0	0	0	-1	1	0	0	0	0	0	0	0	0	1	1	-1	1	1	-1	0	1	0	0	1	0	1	1	0	-1	-1	1	0	-1	-1	1	1	46.5	43	23	79.4	175	36	0.8996	4.928	NA	NA	NA
WP_105271409_1	1	-1	0	0	1	0	0	0	0	0	0	0	-1	1	0	0	0	0	0	0	0	0	1	1	-1	1	1	-1	0	1	0	0	1	0	1	1	0	-1	-1	1	0	-1	-1	1	1	46.5	43	23	79.4	175	36	0.8957	4.952	NA	NA	NA
WP_097729655_1	1	-1	0	0	1	0	0	0	0	0	0	0	-1	1	0	0	0	0	0	0	0	0	1	1	-1	1	1	-1	0	1	0	0	1	0	1	1	0	-1	-1	1	0	-1	-1	1	1	46.5	43	23	79.4	175	36	0.9007	4.927	NA	NA	NA
WP_104773717_1	1	-1	0	0	1	0	0	0	0	0	0	0	-1	1	0	0	0	0	0	0	0	0	1	1	-1	1	1	-1	0	1	0	0	1	0	1	1	0	-1	-1	1	0	-1	-1	1	1	46.5	43	23	79.4	175	36	0.8996	4.962	NA	NA	NA
KDG07849_1	1	-1	0	0	1	0	0	0	0	0	0	0	-1	1	0	0	0	0	0	0	0	0	1	1	-1	1	1	-1	0	1	0	0	1	0	1	1	0	-1	-1	1	0	-1	-1	1	1	46.5	43	23	79.2	178	37	0.9094	4.449	NA	NA	NA
WP_096936957_1	1	-1	0	0	1	0	0	0	0	0	0	0	-1	1	0	0	0	0	0	0	0	0	1	1	-1	1	1	-1	0	1	0	0	1	0	1	1	0	-1	-1	1	0	-1	-1	1	1	46.5	43	23	79.2	178	37	0.8942	4.97	NA	NA	NA
WP_109336540_1	1	-1	0	0	1	0	0	0	0	0	0	0	-1	1	0	0	0	0	0	0	0	0	1	1	-1	1	1	-1	0	1	0	0	1	0	1	1	0	-1	-1	1	0	-1	-1	1	1	39.3	84	51	79.2	178	37	0.9014	4.537	NA	NA	NA
KYZ99726_1	1	-1	0	0	1	0	0	0	0	0	0	0	-1	1	0	0	0	0	0	0	0	0	1	1	-1	1	1	-1	0	1	0	0	1	0	1	1	0	-1	-1	1	0	-1	-1	1	1	46.5	43	23	79.2	178	37	0.9042	5.088	NA	NA	NA
OWD58587_1	1	-1	0	0	1	0	0	0	0	0	0	0	-1	1	0	0	0	0	0	0	0	0	1	1	-1	1	1	-1	0	1	0	0	1	0	1	1	0	-1	-1	1	0	-1	-1	1	1	46.5	43	23	79.2	178	37	0.8805	5.023	NA	NA	NA
WP_021523129_1	1	-1	0	0	1	0	0	0	0	0	0	0	-1	1	0	0	0	0	0	0	0	0	1	1	-1	1	1	-1	0	1	0	0	1	0	1	1	0	-1	-1	1	0	-1	-1	1	1	46.5	43	23	79.2	178	37	0.9056	4.516	NA	NA	NA
OXL74638_1	1	-1	0	0	1	0	0	0	0	0	0	0	-1	1	0	0	0	0	0	0	0	0	1	1	-1	1	1	-1	0	1	0	0	1	0	1	1	0	-1	-1	1	0	-1	-1	1	1	46.5	43	23	79.2	178	37	0.8893	4.976	NA	NA	NA
WP_096323423_1	1	-1	0	0	1	0	0	0	0	0	0	0	-1	1	0	0	0	0	0	0	0	0	1	1	-1	1	1	-1	0	1	0	0	1	0	1	1	0	-1	-1	1	0	-1	-1	1	1	46.5	43	23	79.2	178	37	0.9144	4.442	NA	NA	NA
WP_063082485_1	1	-1	0	0	1	0	0	0	0	0	0	0	-1	1	0	0	0	0	0	0	0	0	1	1	-1	1	1	-1	0	1	0	0	1	0	1	1	0	-1	-1	1	0	-1	-1	1	1	46.5	43	23	79.2	178	37	0.9093	5.553	NA	NA	NA
WP_063119697_1	1	-1	0	0	1	0	0	0	0	0	0	0	-1	1	0	0	0	0	0	0	0	0	1	1	-1	1	1	-1	0	1	0	0	1	0	1	1	0	-1	-1	1	0	-1	-1	1	1	46.5	43	23	79.2	178	37	0.8965	4.906	NA	NA	NA
WP_032333159_1	1	-1	0	0	1	0	0	0	0	0	0	0	-1	1	0	0	0	0	0	0	0	0	1	1	-1	1	1	-1	0	1	0	0	1	0	1	1	0	-1	-1	1	0	-1	-1	1	1	46.5	43	23	79.2	178	37	0.8961	5.591	NA	NA	NA
WP_104122830_1	1	-1	0	0	1	0	0	0	0	0	0	0	-1	1	0	0	0	0	0	0	0	0	1	1	-1	1	1	-1	0	1	0	0	1	0	1	1	0	-1	-1	1	0	-1	-1	1	1	46.5	43	23	79.2	178	37	0.9083	4.451	NA	NA	NA
WP_108433743_1	1	-1	0	0	1	0	0	0	0	0	0	0	-1	1	0	0	0	0	0	0	0	0	1	1	-1	1	1	-1	0	1	0	0	1	0	1	1	0	-1	-1	1	0	-1	-1	1	1	46.5	43	23	79.2	178	37	0.9013	5.963	NA	NA	NA
AVJ69681_1	1	-1	0	0	1	0	0	0	0	0	0	0	-1	1	0	0	0	0	0	0	0	0	1	1	-1	1	1	-1	0	1	0	0	1	0	1	1	0	-1	-1	1	0	-1	-1	1	1	46.5	43	23	79.2	178	37	0.8992	5.148	NA	NA	NA
OOJ10038_1	1	-1	0	0	1	0	0	0	0	0	0	0	-1	1	0	0	0	0	0	0	0	0	1	1	-1	1	1	-1	0	1	0	0	1	0	1	1	0	-1	-1	1	0	-1	-1	1	1	46.5	43	23	79.2	178	37	0.903	5.998	NA	NA	NA
WP_115939865_1	1	-1	0	0	1	0	0	0	0	0	0	0	-1	1	0	0	0	0	0	0	0	0	1	1	-1	1	1	-1	0	1	0	0	1	0	1	1	0	-1	-1	1	0	-1	-1	1	1	46.5	43	23	79.2	178	37	0.8898	4.949	NA	NA	NA
ODQ10586_1	1	-1	0	0	1	0	0	0	0	0	0	0	-1	1	0	0	0	0	0	0	0	0	1	1	-1	1	1	-1	0	1	0	0	1	0	1	1	0	-1	-1	1	0	-1	-1	1	1	46.5	43	23	79.2	178	37	0.9124	4.441	NA	NA	NA
WP_100321493_1	1	-1	0	0	1	0	0	0	0	0	0	0	-1	1	0	0	0	0	0	0	0	0	1	1	-1	1	1	-1	0	1	0	0	1	0	1	1	0	-1	-1	1	0	-1	-1	1	1	46.5	43	23	79.2	178	37	0.8996	6.011	NA	NA	NA
STG14976_1	1	-1	0	0	1	0	0	0	0	0	0	0	-1	1	0	0	0	0	0	0	0	0	1	1	-1	1	1	-1	0	1	0	0	1	0	1	1	0	-1	-1	1	0	-1	-1	1	1	46.5	43	23	79.2	178	37	0.9192	4.384	NA	NA	NA
ATY18527_1	1	-1	0	0	1	0	0	0	0	0	0	0	-1	1	0	0	0	0	0	0	0	0	1	1	-1	1	1	-1	0	1	0	0	1	0	1	1	0	-1	-1	1	0	-1	-1	1	1	46.5	43	23	79.2	178	37	0.9114	4.47	NA	NA	NA
WP_104934178_1	1	-1	0	0	1	0	0	0	0	0	0	0	-1	1	0	0	0	0	0	0	0	0	1	1	-1	1	1	-1	0	1	0	0	1	0	1	1	0	-1	-1	1	0	-1	-1	1	1	46.5	43	23	79.2	178	37	0.9194	4.421	NA	NA	NA
ELJ29759_1	1	-1	0	0	1	0	0	0	0	0	0	0	-1	1	0	0	0	0	0	0	0	0	1	1	-1	1	1	-1	0	1	0	0	1	0	1	1	0	-1	-1	1	0	-1	-1	1	1	46.5	43	23	79.2	178	37	0.9066	4.541	NA	NA	NA
CTV82675_1	1	-1	0	0	1	0	0	0	0	0	0	0	-1	1	0	0	0	0	0	0	0	0	1	1	-1	1	1	-1	0	1	0	0	1	0	1	1	0	-1	-1	1	0	-1	-1	1	1	44.2	43	24	79.2	178	37	0.9263	4.337	NA	NA	NA
EQT25473_1	1	-1	0	0	1	0	0	0	0	0	0	0	-1	1	0	0	0	0	0	0	0	0	1	1	-1	1	1	-1	0	1	0	0	1	0	1	1	0	-1	-1	1	0	-1	-1	1	1	46.5	43	23	79.2	178	37	0.8924	4.961	NA	NA	NA
WP_059342425_1	1	-1	0	0	1	0	0	0	0	0	0	0	-1	1	0	0	0	0	0	0	0	0	1	1	-1	1	1	-1	0	1	0	0	1	0	1	1	0	-1	-1	1	0	-1	-1	1	1	46.5	43	23	79.2	178	37	0.8998	4.911	NA	NA	NA
PJI56652_1	1	-1	0	0	1	0	0	0	0	0	0	0	-1	1	0	0	0	0	0	0	0	0	1	1	-1	1	1	-1	0	1	0	0	1	0	1	1	0	-1	-1	1	0	-1	-1	1	1	46.5	43	23	79.2	178	37	0.9004	4.911	NA	NA	NA
PSS94556_1	1	-1	0	0	1	0	0	0	0	0	0	0	-1	1	0	0	0	0	0	0	0	0	1	1	-1	1	1	-1	0	1	0	0	1	0	1	1	0	-1	-1	1	0	-1	-1	1	1	46.5	43	23	79.2	178	37	0.8816	5.006	NA	NA	NA
EHU30501_1	1	-1	0	0	1	0	0	0	0	0	0	0	-1	1	0	0	0	0	0	0	0	0	1	1	-1	1	1	-1	0	1	0	0	1	0	1	1	0	-1	-1	1	0	-1	-1	1	1	46.5	43	23	79.2	178	37	0.8899	4.962	NA	NA	NA
SNU21179_1	1	-1	0	0	1	0	0	0	0	0	0	0	-1	1	0	0	0	0	0	0	0	0	1	1	-1	1	1	-1	0	1	0	0	1	0	1	1	0	-1	-1	1	0	-1	-1	1	1	46.5	43	23	79.2	178	37	0.8983	5.111	NA	NA	NA
WP_096845161_1	1	-1	0	0	1	0	0	0	0	0	0	0	-1	1	0	0	0	0	0	0	0	0	1	1	-1	1	1	-1	0	1	0	0	1	0	1	1	0	-1	-1	1	0	-1	-1	1	1	46.5	43	23	78.7	178	38	0.9227	4.391	NA	NA	NA
AAD28519_2	1	-1	0	0	1	0	0	0	0	0	0	0	-1	1	0	0	0	0	0	0	0	0	1	1	-1	1	1	-1	0	1	0	0	1	0	1	1	0	-1	-1	1	0	-1	-1	1	1	NA	NA	NA	77.9	163	36	0.913	5.1	NA	NA	NA
OII49698_1	1	-1	0	0	1	0	0	0	0	0	0	0	-1	1	0	0	0	0	0	0	0	0	1	1	-1	1	1	-1	0	1	0	0	1	0	1	1	0	-1	-1	1	0	-1	-1	1	1	46.5	43	23	79.2	178	37	0.8932	5.147	NA	NA	NA
WP_113271797_1	1	-1	0	0	1	0	0	0	0	0	0	0	-1	1	0	0	0	0	0	0	0	0	1	1	-1	1	1	-1	0	1	0	0	1	0	1	1	0	-1	-1	1	0	-1	-1	1	1	46.5	43	23	79.2	178	37	0.8926	4.951	NA	NA	NA
CUA55156_1	1	-1	0	0	1	0	0	0	0	0	0	0	-1	1	0	0	0	0	0	0	0	0	1	1	-1	1	1	-1	0	1	0	0	1	0	1	1	0	-1	-1	1	0	-1	-1	1	1	44.2	43	24	79.2	178	37	0.9003	4.538	NA	NA	NA
WP_105465562_1	1	-1	0	0	1	0	0	0	0	0	0	0	-1	1	0	0	0	0	0	0	0	0	1	1	-1	1	1	-1	0	1	0	0	1	0	1	1	0	-1	-1	1	0	-1	-1	1	1	46.5	43	23	79.2	178	37	0.9024	4.909	NA	NA	NA
WP_096842334_1	1	-1	0	0	1	0	0	0	0	0	0	0	-1	1	0	0	0	0	0	0	0	0	1	1	-1	1	1	-1	0	1	0	0	1	0	1	1	0	-1	-1	1	0	-1	-1	1	1	46.5	43	23	79.2	178	37	0.9043	5.087	NA	NA	NA
WP_097410904_1	1	-1	0	0	1	0	0	0	0	0	0	0	-1	1	0	0	0	0	0	0	0	0	1	1	-1	1	1	-1	0	1	0	0	1	0	1	1	0	-1	-1	1	0	-1	-1	1	1	46.5	43	23	78.7	178	38	0.8981	4.891	NA	NA	NA
WP_097315018_1	1	-1	0	0	1	0	0	0	0	0	0	0	-1	1	0	0	0	0	0	0	0	0	1	1	-1	1	1	-1	0	1	0	0	1	0	1	1	0	-1	-1	1	0	-1	-1	1	1	44.2	43	24	78.7	178	38	0.9032	6.007	NA	NA	NA
CTW86122_1	1	-1	0	0	1	0	0	0	0	0	0	0	-1	1	0	0	0	0	0	0	0	0	1	1	-1	1	1	-1	0	1	0	0	1	0	1	1	0	-1	-1	1	0	-1	-1	1	1	44.2	43	24	79.2	178	37	0.9133	4.48	NA	NA	NA
WP_097469321_1	1	-1	0	0	1	0	0	0	0	0	0	0	-1	1	0	0	0	0	0	0	0	0	1	1	-1	1	1	-1	0	1	0	0	1	0	1	1	0	-1	-1	1	0	-1	-1	1	1	46.5	43	23	79.2	178	37	0.909	4.421	NA	NA	NA
CTW84405_1	1	-1	0	0	1	0	0	0	0	0	0	0	-1	1	0	0	0	0	0	0	0	0	1	1	-1	1	1	-1	0	1	0	0	1	0	1	1	0	-1	-1	1	0	-1	-1	1	1	44.2	43	24	79.2	178	37	0.9102	4.479	NA	NA	NA
CTU64362_1	1	-1	0	0	1	0	0	0	0	0	0	0	-1	1	0	0	0	0	0	0	0	0	1	1	-1	1	1	-1	0	1	0	0	1	0	1	1	0	-1	-1	1	0	-1	-1	1	1	44.2	43	24	79.2	178	37	0.9122	5.982	NA	NA	NA
WP_053892582_1	1	-1	0	0	1	0	0	0	0	0	0	0	-1	1	0	0	0	0	0	0	0	0	1	1	-1	1	1	-1	0	1	0	0	1	0	1	1	0	-1	-1	1	0	-1	-1	1	1	44.2	43	24	79.2	178	37	0.9228	4.393	NA	NA	NA
AAD28520_2	1	-1	0	0	1	0	0	0	0	0	0	0	-1	1	0	0	0	0	0	0	0	0	1	1	-1	1	1	-1	0	1	0	0	1	0	1	1	0	-1	-1	1	0	-1	-1	1	1	NA	NA	NA	77.7	157	35	0.891	5.309	NA	NA	NA
WP_062778184_1	1	-1	0	0	1	0	0	0	0	0	0	0	-1	1	0	0	0	0	0	0	0	0	1	1	-1	1	1	-1	0	1	0	0	1	0	1	1	0	-1	-1	1	0	-1	-1	1	1	46.5	43	23	79.2	178	37	0.9079	4.569	NA	NA	NA
KQJ28205_1	1	-1	0	0	1	0	0	0	0	0	0	0	-1	1	0	0	0	0	0	0	0	0	1	1	-1	1	1	-1	0	1	0	0	1	0	1	1	0	-1	-1	1	0	-1	-1	1	1	46.5	43	23	78.7	178	38	0.8861	4.621	NA	NA	NA
WP_097474743_1	1	-1	0	0	1	0	0	0	0	0	0	0	-1	1	0	0	0	0	0	0	0	0	1	1	-1	1	1	-1	0	1	0	0	1	0	1	1	0	-1	-1	1	0	-1	-1	1	1	46.5	43	23	78.7	178	38	0.9107	4.48	NA	NA	NA
KDZ30611_1	1	-1	0	0	1	0	0	0	0	0	0	0	-1	1	0	0	0	0	0	0	0	0	1	1	-1	1	1	-1	0	1	0	0	1	0	1	1	0	-1	-1	1	0	-1	-1	1	1	46.5	43	23	78.7	178	38	0.9238	4.446	NA	NA	NA
WP_096187396_1	1	-1	0	0	1	0	0	0	0	0	0	0	-1	1	0	0	0	0	0	0	0	0	1	1	-1	1	1	-1	0	1	0	0	1	0	1	1	0	-1	-1	1	0	-1	-1	1	1	46.5	43	23	78.7	178	38	0.9154	4.477	NA	NA	NA
STQ35038_1	1	-1	0	0	1	0	0	0	0	0	0	0	-1	1	0	0	0	0	0	0	0	0	1	1	-1	1	1	-1	0	1	0	0	1	0	1	1	0	-1	-1	1	0	-1	-1	1	1	46.5	43	23	78.7	178	38	0.9143	4.47	NA	NA	NA
WP_097502644_1	1	-1	0	0	1	0	0	0	0	0	0	0	-1	1	0	0	0	0	0	0	0	0	1	1	-1	1	1	-1	0	1	0	0	1	0	1	1	0	-1	-1	1	0	-1	-1	1	1	46.5	43	23	78.7	178	38	0.8895	5.59	NA	NA	NA
KUH03734_1	1	-1	0	0	1	0	0	0	0	0	0	0	-1	1	0	0	0	0	0	0	0	0	1	1	-1	1	1	-1	0	1	0	0	1	0	1	1	0	-1	-1	1	0	-1	-1	1	1	46.5	43	23	78.7	178	38	0.909	4.477	NA	NA	NA
EZK30331_1	1	-1	0	0	1	0	0	0	0	0	0	0	-1	1	0	0	0	0	0	0	0	0	1	1	-1	1	1	-1	0	1	0	0	1	0	1	1	0	-1	-1	1	0	-1	-1	1	1	46.5	43	23	78.7	178	38	0.9112	4.454	NA	NA	NA
PXF78105_1	1	-1	0	0	1	0	0	0	0	0	0	0	-1	1	0	0	0	0	0	0	0	0	1	1	-1	1	1	-1	0	1	0	0	1	0	1	1	0	-1	-1	1	0	-1	-1	1	1	46.5	43	23	78.7	178	38	0.9231	4.497	NA	NA	NA
ARA29727_1	1	-1	0	0	1	0	0	0	0	0	0	0	-1	1	0	0	0	0	0	0	0	0	1	1	-1	1	1	-1	0	1	0	0	1	0	1	1	0	-1	-1	1	0	-1	-1	1	1	46.5	43	23	78.7	178	38	0.9211	4.436	NA	NA	NA
WP_089527447_1	1	-1	0	0	1	0	0	0	0	0	0	0	-1	1	0	0	0	0	0	0	0	0	1	1	-1	1	1	-1	0	1	0	0	1	0	1	1	0	-1	-1	1	0	-1	-1	1	1	46.5	43	23	78.7	178	38	0.9077	4.506	NA	NA	NA
WP_097450844_1	1	-1	0	0	1	0	0	0	0	0	0	0	-1	1	0	0	0	0	0	0	0	0	1	1	-1	1	1	-1	0	1	0	0	1	0	1	1	0	-1	-1	1	0	-1	-1	1	1	46.5	43	23	78.7	178	38	0.9011	4.531	NA	NA	NA
WP_097307003_1	1	-1	0	0	1	0	0	0	0	0	0	0	-1	1	0	0	0	0	0	0	0	0	1	1	-1	1	1	-1	0	1	0	0	1	0	1	1	0	-1	-1	1	0	-1	-1	1	1	46.5	43	23	78.7	178	38	0.9081	5.124	NA	NA	NA
WP_045145316_1	1	-1	0	0	1	0	0	0	0	0	0	0	-1	1	0	0	0	0	0	0	0	0	1	1	-1	1	1	-1	0	1	0	0	1	0	1	1	0	-1	-1	1	0	-1	-1	1	1	46.5	43	23	78.7	178	38	0.9195	4.395	NA	NA	NA
WP_001581138_1	1	-1	0	0	1	0	0	0	0	0	0	0	-1	1	0	0	0	0	0	0	0	0	1	1	-1	1	1	-1	0	1	0	0	1	0	1	1	0	-1	-1	1	0	-1	-1	1	1	46.5	43	23	78.7	178	38	0.9082	4.798	NA	NA	NA
ENA83798_1	1	-1	0	0	1	0	0	0	0	0	0	0	-1	1	0	0	0	0	0	0	0	0	1	1	-1	1	1	-1	0	1	0	0	1	0	1	1	0	-1	-1	1	0	-1	-1	1	1	46.5	43	23	78.7	178	38	0.9122	4.513	NA	NA	NA
EGB36605_1	1	-1	0	0	1	0	0	0	0	0	0	0	-1	1	0	0	0	0	0	0	0	0	1	1	-1	1	1	-1	0	1	0	0	1	0	1	1	0	-1	-1	1	0	-1	-1	1	1	46.5	43	23	78.7	178	38	0.9208	4.432	NA	NA	NA
CTV83112_1	1	-1	0	0	1	0	0	0	0	0	0	0	-1	1	0	0	0	0	0	0	0	0	1	1	-1	1	1	-1	0	1	0	0	1	0	1	1	0	-1	-1	1	0	-1	-1	1	1	46.5	43	23	78.7	178	38	0.9164	4.478	NA	NA	NA
WP_096836843_1	1	-1	0	0	1	0	0	0	0	0	0	0	-1	1	0	0	0	0	0	0	0	0	1	1	-1	1	1	-1	0	1	0	0	1	0	1	1	0	-1	-1	1	0	-1	-1	1	1	46.5	43	23	78.7	178	38	0.9156	4.448	NA	NA	NA
SQR81638_1	1	-1	0	0	1	0	0	0	0	0	0	0	-1	1	0	0	0	0	0	0	0	0	1	1	-1	1	1	-1	0	1	0	0	1	0	1	1	0	-1	-1	1	0	-1	-1	1	1	46.5	43	23	78.7	178	38	0.9068	4.513	NA	NA	NA
KIO87539_1	1	-1	0	0	1	0	0	0	0	0	0	0	-1	1	0	0	0	0	0	0	0	0	1	1	-1	1	1	-1	0	1	0	0	1	0	1	1	0	-1	-1	1	0	-1	-1	1	1	46.5	43	23	78.7	178	38	0.9216	4.392	NA	NA	NA
WP_029397656_1	1	-1	0	0	1	0	0	0	0	0	0	0	-1	1	0	0	0	0	0	0	0	0	1	1	-1	1	1	-1	0	1	0	0	1	0	1	1	0	-1	-1	1	0	-1	-1	1	1	46.5	43	23	78.7	178	38	0.9061	4.514	NA	NA	NA
EMW79073_1	1	-1	0	0	1	0	0	0	0	0	0	0	-1	1	0	0	0	0	0	0	0	0	1	1	-1	1	1	-1	0	1	0	0	1	0	1	1	0	-1	-1	1	0	-1	-1	1	1	46.5	43	23	78.1	178	39	0.9169	4.433	NA	NA	NA
EOW96111_1	1	-1	0	0	1	0	0	0	0	0	0	0	-1	1	0	0	0	0	0	0	0	0	1	1	-1	1	1	-1	0	1	0	0	1	0	1	1	0	-1	-1	1	0	-1	-1	1	1	46.5	43	23	78.7	178	38	0.9207	4.428	NA	NA	NA
PLB67551_1	1	-1	0	0	1	0	0	0	0	0	0	0	-1	1	0	0	0	0	0	0	0	0	1	1	-1	1	1	-1	0	1	0	0	1	0	1	1	0	-1	-1	1	0	-1	-1	1	1	46.5	43	23	78.7	178	38	0.9102	4.479	NA	NA	NA
WP_024229433_1	1	-1	0	0	1	0	0	0	0	0	0	0	-1	1	0	0	0	0	0	0	0	0	1	1	-1	1	1	-1	0	1	0	0	1	0	1	1	0	-1	-1	1	0	-1	-1	1	1	46.5	43	23	78.7	178	38	0.9165	4.452	NA	NA	NA
WP_096248085_1	1	-1	0	0	1	0	0	0	0	0	0	0	-1	1	0	0	0	0	0	0	0	0	1	1	-1	1	1	-1	0	1	0	0	1	0	1	1	0	-1	-1	1	0	-1	-1	1	1	46.5	43	23	78.7	178	38	0.9221	4.402	NA	NA	NA
WP_032361722_1	1	-1	0	0	1	0	0	0	0	0	0	0	-1	1	0	0	0	0	0	0	0	0	1	1	-1	1	1	-1	0	1	0	0	1	0	1	1	0	-1	-1	1	0	-1	-1	1	1	46.5	43	23	78.7	178	38	0.9024	4.49	NA	NA	NA
WP_000079732_1	1	-1	0	0	1	0	0	0	0	0	0	0	-1	1	0	0	0	0	0	0	0	0	1	1	-1	1	1	-1	0	1	0	0	1	0	1	1	0	-1	-1	1	0	-1	-1	1	1	46.5	43	23	78.7	178	38	0.9049	5.074	NA	NA	NA
KUG78099_1	1	-1	0	0	1	0	0	0	0	0	0	0	-1	1	0	0	0	0	0	0	0	0	1	1	-1	1	1	-1	0	1	0	0	1	0	1	1	0	-1	-1	1	0	-1	-1	1	1	46.5	43	23	78.7	178	38	0.9158	5.973	NA	NA	NA
KZO67725_1	1	-1	0	0	1	0	0	0	0	0	0	0	-1	1	0	0	0	0	0	0	0	0	1	1	-1	1	1	-1	0	1	0	0	1	0	1	1	0	-1	-1	1	0	-1	-1	1	1	46.5	43	23	78.7	178	38	0.9267	4.449	NA	NA	NA
WP_112046840_1	1	-1	0	0	1	0	0	0	0	0	0	0	-1	1	0	0	0	0	0	0	0	0	1	1	-1	1	1	-1	0	1	0	0	1	0	1	1	0	-1	-1	1	0	-1	-1	1	1	46.5	43	23	78.1	178	39	0.9039	4.475	NA	NA	NA
PAB94937_1	1	-1	0	0	1	0	0	0	0	0	0	0	-1	1	0	0	0	0	0	0	0	0	1	1	-1	1	1	-1	0	1	0	0	1	0	1	1	0	-1	-1	1	0	-1	-1	1	1	46.5	43	23	79.2	178	37	0.9172	4.448	NA	NA	NA
EMW97999_1	1	-1	0	0	1	0	0	0	0	0	0	0	-1	1	0	0	0	0	0	0	0	0	1	1	-1	1	1	-1	0	1	0	0	1	0	1	1	0	-1	-1	1	0	-1	-1	1	1	46.5	43	23	77.5	178	39	0.8582	4.632	NA	NA	NA
AXO39461_1	1	-1	0	0	1	0	0	0	0	0	0	0	-1	1	0	0	0	0	0	0	0	0	1	1	-1	1	1	-1	0	1	0	0	1	0	1	1	0	-1	-1	1	0	-1	-1	1	1	42.5	87	50	79.8	178	36	0.9254	4.411	NA	NA	NA
KTI74399_1	1	-1	0	0	1	0	0	0	0	0	0	0	-1	1	0	0	0	0	0	0	0	0	1	1	-1	1	1	-1	0	1	0	0	1	0	1	1	0	-1	-1	1	0	-1	-1	1	1	42.5	87	50	79.8	178	36	0.9025	4.548	NA	NA	NA
WP_058676969_1	1	-1	0	0	1	0	0	0	0	0	0	0	-1	1	0	0	0	0	0	0	0	0	1	1	-1	1	1	-1	0	1	0	0	1	0	1	1	0	-1	-1	1	0	-1	-1	1	1	42.5	87	50	79.8	178	36	0.9026	4.515	NA	NA	NA
WP_063157889_1	1	-1	0	0	1	0	0	0	0	0	0	0	-1	1	0	0	0	0	0	0	0	0	1	1	-1	1	1	-1	0	1	0	0	1	0	1	1	0	-1	-1	1	0	-1	-1	1	1	42.5	87	50	79.8	178	36	0.9235	4.41	NA	NA	NA
KTH77612_1	1	-1	0	0	1	0	0	0	0	0	0	0	-1	1	0	0	0	0	0	0	0	0	1	1	-1	1	1	-1	0	1	0	0	1	0	1	1	0	-1	-1	1	0	-1	-1	1	1	42.5	87	50	79.8	178	36	0.9016	4.529	NA	NA	NA
WP_045896637_1	1	-1	0	0	1	0	0	0	0	0	0	0	-1	1	0	0	0	0	0	0	0	0	1	1	-1	1	1	-1	0	1	0	0	1	0	1	1	0	-1	-1	1	0	-1	-1	1	1	42.5	87	50	79.8	178	36	0.9217	4.454	NA	NA	NA
ESM48048_1	1	-1	0	0	1	0	0	0	0	0	0	0	-1	1	0	0	0	0	0	0	0	0	1	1	-1	1	1	-1	0	1	0	0	1	0	1	1	0	-1	-1	1	0	-1	-1	1	1	42.5	87	50	79.8	178	36	0.9142	4.439	NA	NA	NA
KVJ99407_1	1	-1	0	0	1	0	0	0	0	0	0	0	-1	1	0	0	0	0	0	0	0	0	1	1	-1	1	1	-1	0	1	0	0	1	0	1	1	0	-1	-1	1	0	-1	-1	1	1	42.5	87	50	79.8	178	36	0.9141	4.459	NA	NA	NA
AXF62371_1	1	-1	0	0	1	0	0	0	0	0	0	0	-1	1	0	0	0	0	0	0	0	0	1	1	-1	1	1	-1	0	1	0	0	1	0	1	1	0	-1	-1	1	0	-1	-1	1	1	35.6	87	56	79.2	178	37	0.9174	4.443	NA	NA	NA
WP_113857599_1	1	-1	0	0	1	0	0	0	0	0	0	0	-1	1	0	0	0	0	0	0	0	0	1	1	-1	1	1	-1	0	1	0	0	1	0	1	1	0	-1	-1	1	0	-1	-1	1	1	39.1	87	53	80.3	178	35	0.9025	4.519	NA	NA	NA
ORT39682_1	1	-1	0	0	1	0	0	0	0	0	0	0	-1	1	0	0	0	0	0	0	0	0	1	1	-1	1	1	-1	0	1	0	0	1	0	1	1	0	-1	-1	1	0	-1	-1	1	1	46.5	43	23	79.4	175	36	0.9182	4.838	NA	NA	NA
OJP74749_1	1	-1	0	0	1	0	0	0	0	0	0	0	-1	1	0	0	0	0	0	0	0	0	1	1	-1	1	1	-1	0	1	0	0	1	0	1	1	0	-1	-1	1	0	-1	-1	1	1	46.5	43	23	78.9	175	37	0.9163	4.893	NA	NA	NA
WP_062891861_1	1	-1	0	0	1	0	0	0	0	0	0	0	-1	1	0	0	0	0	0	0	0	0	1	1	-1	1	1	-1	0	1	0	0	1	0	1	1	0	-1	-1	1	0	-1	-1	1	1	46.5	43	23	79.4	175	36	0.9161	4.862	NA	NA	NA
OWE11242_1	1	-1	0	0	1	0	0	0	0	0	0	0	-1	1	0	0	0	0	0	0	0	0	1	1	-1	1	1	-1	0	1	0	0	1	0	1	1	0	-1	-1	1	0	-1	-1	1	1	46.5	43	23	79.4	175	36	0.9111	4.851	NA	NA	NA
WP_072662821_1	1	-1	0	0	1	0	0	0	0	0	0	0	-1	1	0	0	0	0	0	0	0	0	1	1	-1	1	1	-1	0	1	0	0	1	0	1	1	0	-1	-1	1	0	-1	-1	1	1	46.5	43	23	78.9	175	37	0.9135	4.865	NA	NA	NA
AAQ22689_1	1	-1	0	0	1	0	0	0	0	0	0	0	-1	1	0	0	0	0	0	0	0	0	1	1	-1	1	1	-1	0	1	0	0	1	0	1	1	0	-1	-1	1	0	-1	-1	1	1	46.5	43	23	79.4	175	36	0.909	4.933	NA	NA	NA
RBP15189_1	1	-1	0	0	1	0	0	0	0	0	0	0	-1	1	0	0	0	0	0	0	0	0	1	1	-1	1	1	-1	0	1	0	0	1	0	1	1	0	-1	-1	1	0	-1	-1	1	1	46.5	43	23	79.4	175	36	0.9154	5.9	NA	NA	NA
WP_100287037_1	1	-1	0	0	1	0	0	0	0	0	0	0	-1	1	0	0	0	0	0	0	0	0	1	1	-1	1	1	-1	0	1	0	0	1	0	1	1	0	-1	-1	1	0	-1	-1	1	1	46.5	43	23	79.4	175	36	0.9205	4.872	NA	NA	NA
OWG58734_1	1	-1	0	0	1	0	0	0	0	0	0	0	-1	1	0	0	0	0	0	0	0	0	1	1	-1	1	1	-1	0	1	0	0	1	0	1	1	0	-1	-1	1	0	-1	-1	1	1	34.5	87	57	78.7	178	38	0.9282	5.039	NA	NA	NA
WP_032083558_1	1	-1	0	0	1	0	0	0	0	0	0	0	-1	1	0	0	0	0	0	0	0	0	1	1	-1	1	1	-1	0	1	0	0	1	0	1	1	0	-1	-1	1	0	-1	-1	1	1	34.5	87	57	78.7	178	38	0.8864	5.048	NA	NA	NA
KSX90538_1	1	-1	0	0	1	0	0	0	0	0	0	0	-1	1	0	0	0	0	0	0	0	0	1	1	-1	1	1	-1	0	1	0	0	1	0	1	1	0	-1	-1	1	0	-1	-1	1	1	34.5	87	57	78.7	178	38	0.9151	5.657	NA	NA	NA
WP_113368149_1	1	-1	0	0	1	0	0	0	0	0	0	0	-1	1	0	0	0	0	0	0	0	0	1	1	-1	1	1	-1	0	1	0	0	1	0	1	1	0	-1	-1	1	0	-1	-1	1	1	34.5	87	57	78.7	178	38	0.8985	5.163	NA	NA	NA
ARA34547_1	1	-1	0	0	1	0	0	0	0	0	0	0	-1	1	0	0	0	0	0	0	0	0	1	1	-1	1	1	-1	0	1	0	0	1	0	1	1	0	-1	-1	1	0	-1	-1	1	1	34.5	87	57	78.7	178	38	0.9078	5.064	NA	NA	NA
RHG01375_1	1	-1	0	0	1	0	0	0	0	0	0	0	-1	1	0	0	0	0	0	0	0	0	1	1	-1	1	1	-1	0	1	0	0	1	0	1	1	0	-1	-1	1	0	-1	-1	1	1	34.5	87	57	78.7	178	38	0.908	5.108	NA	NA	NA
OYI14806_1	1	-1	0	0	1	0	0	0	0	0	0	0	-1	1	0	0	0	0	0	0	0	0	1	1	-1	1	1	-1	0	1	0	0	1	0	1	1	0	-1	-1	1	0	-1	-1	1	1	34.5	87	57	78.1	178	39	0.9049	4.952	NA	NA	NA
WP_113449945_1	1	-1	0	0	1	0	0	0	0	0	0	0	-1	1	0	0	0	0	0	0	0	0	1	1	-1	1	1	-1	0	1	0	0	1	0	1	1	0	-1	-1	1	0	-1	-1	1	1	34.5	87	57	78.7	178	38	0.9186	5.047	NA	NA	NA
PPV71953_1	1	-1	0	0	1	0	0	0	0	0	0	0	-1	1	0	0	0	0	0	0	0	0	1	1	-1	1	1	-1	0	1	0	0	1	0	1	1	0	-1	-1	1	0	-1	-1	1	1	34.5	87	57	78.7	178	38	0.9068	5.199	NA	NA	NA
ERB18717_1	1	-1	0	0	1	0	0	0	0	0	0	0	-1	1	0	0	0	0	0	0	0	0	1	1	-1	1	1	-1	0	1	0	0	1	0	1	1	0	-1	-1	1	0	-1	-1	1	1	34.5	87	57	78.1	178	39	0.9059	5.78	NA	NA	NA
WP_062892575_1	1	-1	0	0	1	0	0	0	0	0	0	0	-1	1	0	0	0	0	0	0	0	0	1	1	-1	1	1	-1	0	1	0	0	1	0	1	1	0	-1	-1	1	0	-1	-1	1	1	46.5	43	23	78.7	178	38	0.8948	5.016	NA	NA	NA
KNA39232_1	1	-1	0	0	1	0	0	0	0	0	0	0	-1	1	0	0	0	0	0	0	0	0	1	1	-1	1	1	-1	0	1	0	0	1	0	1	1	0	-1	-1	1	0	-1	-1	1	1	46.5	43	23	78.1	178	39	0.9173	4.94	NA	NA	NA
WP_103216083_1	1	-1	0	0	1	0	0	0	0	0	0	0	-1	1	0	0	0	0	0	0	0	0	1	1	-1	1	1	-1	0	1	0	0	1	0	1	1	0	-1	-1	1	0	-1	-1	1	1	34.5	87	57	78.7	178	38	0.9092	5.121	NA	NA	NA
WP_053276252_1	1	-1	0	0	1	0	0	0	0	0	0	0	-1	1	0	0	0	0	0	0	0	0	1	1	-1	1	1	-1	0	1	0	0	1	0	1	1	0	-1	-1	1	0	-1	-1	1	1	34.5	87	57	78.7	178	38	0.887	5.791	NA	NA	NA
WP_096315925_1	1	-1	0	0	1	0	0	0	0	0	0	0	-1	1	0	0	0	0	0	0	0	0	1	1	-1	1	1	-1	0	1	0	0	1	0	1	1	0	-1	-1	1	0	-1	-1	1	1	37.9	87	54	78.7	178	38	NA	NA	NA	NA	NA
PQK66582_1	1	-1	0	0	1	0	0	0	0	0	0	0	-1	1	0	0	0	0	0	0	0	0	1	1	-1	1	1	-1	0	1	0	0	1	0	1	1	0	-1	-1	1	0	-1	-1	1	1	46.5	43	23	78.7	178	38	0.8875	5.089	NA	NA	NA
WP_097431229_1	1	-1	0	0	1	0	0	0	0	0	0	0	-1	1	0	0	0	0	0	0	0	0	1	1	-1	1	1	-1	0	1	0	0	1	0	1	1	0	-1	-1	1	0	-1	-1	1	1	46.5	43	23	78.7	178	38	0.9176	4.899	NA	NA	NA
WP_096838299_1	1	-1	0	0	1	0	0	0	0	0	0	0	-1	1	0	0	0	0	0	0	0	0	1	1	-1	1	1	-1	0	1	0	0	1	0	1	1	0	-1	-1	1	0	-1	-1	1	1	46.5	43	23	78.7	178	38	0.9016	5.02	NA	NA	NA
WP_097308239_1	1	-1	0	0	1	0	0	0	0	0	0	0	-1	1	0	0	0	0	0	0	0	0	1	1	-1	1	1	-1	0	1	0	0	1	0	1	1	0	-1	-1	1	0	-1	-1	1	1	46.5	43	23	78.1	178	39	0.9169	4.946	NA	NA	NA
WP_112899773_1	1	-1	0	0	1	0	0	0	0	0	0	0	-1	1	0	0	0	0	0	0	0	0	1	1	-1	1	1	-1	0	1	0	0	1	0	1	1	0	-1	-1	1	0	-1	-1	1	1	46.5	43	23	78.7	178	38	0.904	4.966	NA	NA	NA
WP_097501303_1	1	-1	0	0	1	0	0	0	0	0	0	0	-1	1	0	0	0	0	0	0	0	0	1	1	-1	1	1	-1	0	1	0	0	1	0	1	1	0	-1	-1	1	0	-1	-1	1	1	46.5	43	23	78.7	178	38	0.9131	4.928	NA	NA	NA
WP_106719723_1	1	-1	0	0	1	0	0	0	0	0	0	0	-1	1	0	0	0	0	0	0	0	0	1	1	-1	1	1	-1	0	1	0	0	1	0	1	1	0	-1	-1	1	0	-1	-1	1	1	46.5	43	23	78.7	178	38	0.905	4.987	NA	NA	NA
KQI77904_1	1	-1	0	0	1	0	0	0	0	0	0	0	-1	1	0	0	0	0	0	0	0	0	1	1	-1	1	1	-1	0	1	0	0	1	0	1	1	0	-1	-1	1	0	-1	-1	1	1	46.5	43	23	78.7	178	38	0.9226	4.914	NA	NA	NA
WP_088563192_1	1	-1	0	0	1	0	0	0	0	0	0	0	-1	1	0	0	0	0	0	0	0	0	1	1	-1	1	1	-1	0	1	0	0	1	0	1	1	0	-1	-1	1	0	-1	-1	1	1	46.5	43	23	78.7	178	38	0.914	4.916	NA	NA	NA
WP_047662191_1	1	-1	0	0	1	0	0	0	0	0	0	0	-1	1	0	0	0	0	0	0	0	0	1	1	-1	1	1	-1	0	1	0	0	1	0	1	1	0	-1	-1	1	0	-1	-1	1	1	46.5	43	23	78.7	178	38	0.91	5.018	NA	NA	NA
KXQ66022_1	1	-1	0	0	1	0	0	0	0	0	0	0	-1	1	0	0	0	0	0	0	0	0	1	1	-1	1	1	-1	0	1	0	0	1	0	1	1	0	-1	-1	1	0	-1	-1	1	1	46.5	43	23	78.7	178	38	0.901	5.012	NA	NA	NA
WP_089639268_1	1	-1	0	0	1	0	0	0	0	0	0	0	-1	1	0	0	0	0	0	0	0	0	1	1	-1	1	1	-1	0	1	0	0	1	0	1	1	0	-1	-1	1	0	-1	-1	1	1	46.5	43	23	78.1	178	39	0.9151	4.92	NA	NA	NA
WP_096268609_1	1	-1	0	0	1	0	0	0	0	0	0	0	-1	1	0	0	0	0	0	0	0	0	1	1	-1	1	1	-1	0	1	0	0	1	0	1	1	0	-1	-1	1	0	-1	-1	1	1	46.5	43	23	78.7	178	38	0.91	4.984	NA	NA	NA
SQQ85566_1	1	-1	0	0	1	0	0	0	0	0	0	0	-1	1	0	0	0	0	0	0	0	0	1	1	-1	1	1	-1	0	1	0	0	1	0	1	1	0	-1	-1	1	0	-1	-1	1	1	36.8	87	55	78.7	178	38	0.9026	4.999	NA	NA	NA
STM38522_1	1	NA	NA	NA	NA	0	0	0	0	0	0	0	-1	1	0	0	0	0	0	0	0	0	1	NA	NA	NA	NA	-1	0	1	0	0	1	0	1	1	0	-1	-1	1	0	-1	-1	1	1	46.5	43	23	67.9	84	27	0.8175	8.364	NA	NA	NA
WP_072651399_1	1	-1	0	0	1	0	0	0	0	0	0	0	-1	1	0	0	0	0	0	0	0	0	1	1	-1	1	1	-1	0	1	0	0	1	0	1	1	0	-1	-1	1	0	-1	-1	1	1	46.5	43	23	78.7	178	38	0.9231	4.925	NA	NA	NA
WP_025210582_1	1	-1	0	0	1	0	0	0	0	0	0	0	-1	1	0	0	0	0	0	0	0	0	1	1	-1	1	1	-1	0	1	0	0	1	0	1	1	0	-1	-1	1	0	-1	-1	1	1	46.5	43	23	79.2	178	37	0.902	4.979	NA	NA	NA
KXK89298_1	1	-1	0	0	1	0	0	0	0	0	0	0	-1	1	0	0	0	0	0	0	0	0	1	1	-1	1	1	-1	0	1	0	0	1	0	1	1	0	-1	-1	1	0	-1	-1	1	1	46.5	43	23	79.2	178	37	0.8996	4.966	NA	NA	NA
EZB24448_1	1	-1	0	0	1	0	0	0	0	0	0	0	-1	1	0	0	0	0	0	0	0	0	1	1	-1	1	1	-1	0	1	0	0	1	0	1	1	0	-1	-1	1	0	-1	-1	1	1	46.5	43	23	79.2	178	37	0.9099	4.973	NA	NA	NA
EIF19934_1	1	-1	0	0	1	0	0	0	0	0	0	0	-1	1	0	0	0	0	0	0	0	0	1	1	-1	1	1	-1	0	1	0	0	1	0	1	1	0	-1	-1	1	0	-1	-1	1	1	36.9	84	53	79.8	178	36	0.918	4.922	NA	NA	NA
ELF20028_1	1	-1	0	0	1	0	0	0	0	0	0	0	-1	1	0	0	0	0	0	0	0	0	1	1	-1	1	1	-1	0	1	0	0	1	0	1	1	0	-1	-1	1	0	-1	-1	1	1	36.9	84	53	79.8	178	36	0.9133	5.928	NA	NA	NA
WP_096983143_1	1	-1	0	0	1	0	0	0	0	0	0	0	-1	1	0	0	0	0	0	0	0	0	1	1	-1	1	1	-1	0	1	0	0	1	0	1	1	0	-1	-1	1	0	-1	-1	1	1	36.9	84	53	79.8	178	36	0.8997	5.004	NA	NA	NA
EFF13234_1	1	-1	0	0	1	0	0	0	0	0	0	0	-1	1	0	0	0	0	0	0	0	0	1	1	-1	1	1	-1	0	1	0	0	1	0	1	1	0	-1	-1	1	0	-1	-1	1	1	36.9	84	53	79.8	178	36	0.9112	5.943	NA	NA	NA
WP_105462630_1	1	-1	0	0	1	0	0	0	0	0	0	0	-1	1	0	0	0	0	0	0	0	0	1	1	-1	1	1	-1	0	1	0	0	1	0	1	1	0	-1	-1	1	0	-1	-1	1	1	35.7	84	54	79.8	178	36	0.9289	4.86	NA	NA	NA
PWU41143_1	1	-1	0	0	1	0	0	0	0	0	0	0	-1	1	0	0	0	0	0	0	0	0	1	1	-1	1	1	-1	0	1	0	0	1	0	1	1	0	-1	-1	1	0	-1	-1	1	1	46.5	43	23	80.3	178	35	0.9118	6.058	NA	NA	NA
EGJ86427_1	1	-1	0	0	1	0	0	0	0	0	0	0	-1	1	0	0	0	0	0	0	0	0	1	1	-1	1	1	-1	0	1	0	0	1	0	1	1	0	-1	-1	1	0	-1	-1	1	1	46.5	43	23	80	175	35	0.9096	4.519	NA	NA	NA
EGK37100_1	1	-1	0	0	1	0	0	0	0	0	0	0	-1	1	0	0	0	0	0	0	0	0	1	1	-1	1	1	-1	0	1	0	0	1	0	1	1	0	-1	-1	1	0	-1	-1	1	1	46.5	43	23	80	175	35	0.9141	4.6	NA	NA	NA
SVF84708_1	1	-1	0	0	1	0	0	0	0	0	0	0	-1	1	0	0	0	0	0	0	0	0	1	1	-1	1	1	-1	0	1	0	0	1	0	1	1	0	-1	-1	1	0	-1	-1	1	1	46.5	43	23	80	175	35	0.9135	4.505	NA	NA	NA
SVH86472_1	1	-1	0	0	1	0	0	0	0	0	0	0	-1	1	0	0	0	0	0	0	0	0	1	1	-1	1	1	-1	0	1	0	0	1	0	1	1	0	-1	-1	1	0	-1	-1	1	1	46.5	43	23	80	175	35	0.9196	4.371	NA	NA	NA
RDS49448_1	1	-1	0	0	1	0	0	0	0	0	0	0	-1	1	0	0	0	0	0	0	0	0	1	1	-1	1	1	-1	0	1	0	0	1	0	1	1	0	-1	-1	1	0	-1	-1	1	1	46.5	43	23	80	175	35	0.9161	4.523	NA	NA	NA
WP_097738309_1	1	-1	0	0	1	0	0	0	0	0	0	0	-1	1	0	0	0	0	0	0	0	0	1	1	-1	1	1	-1	0	1	0	0	1	0	1	1	0	-1	-1	1	0	-1	-1	1	1	46.5	43	23	80	175	35	0.9118	4.423	NA	NA	NA
SUI82229_1	1	-1	0	0	1	0	0	0	0	0	0	0	-1	1	0	0	0	0	0	0	0	0	1	1	-1	1	1	-1	0	1	0	0	1	0	1	1	0	-1	-1	1	0	-1	-1	1	1	46.5	43	23	80	175	35	0.9117	4.54	NA	NA	NA
SRN20836_1	1	NA	0	0	1	0	0	0	0	0	0	0	-1	1	0	0	0	0	0	0	0	0	1	NA	-1	1	1	-1	0	1	0	0	1	0	1	1	0	-1	-1	1	0	-1	-1	1	1	46.5	43	23	77.7	175	35	0.9114	5.011	NA	NA	NA
WP_097420735_1	1	-1	0	0	1	0	0	0	0	0	0	0	-1	1	0	0	0	0	0	0	0	0	1	1	-1	1	1	-1	0	1	0	0	1	0	1	1	0	-1	-1	1	0	-1	-1	1	1	46.5	43	23	80	175	35	0.9092	5.997	NA	NA	NA
STM15349_1	1	-1	0	0	1	0	0	0	0	0	0	0	-1	1	0	0	0	0	0	0	0	0	1	1	-1	1	1	-1	0	1	0	0	1	0	1	1	0	-1	-1	1	0	-1	-1	1	1	46.5	43	23	80	175	35	0.9039	4.511	NA	NA	NA
AAF32260_1	1	-1	0	0	1	0	0	0	0	0	0	0	-1	1	0	0	0	0	0	0	0	0	1	1	-1	1	1	-1	0	1	0	0	1	0	1	1	0	-1	-1	1	0	-1	-1	1	1	46.5	43	23	80	175	35	NA	NA	NA	NA	NA
BAM84061_1	1	-1	0	0	1	0	0	0	0	0	0	0	-1	1	0	0	0	0	0	0	0	0	1	1	-1	1	1	-1	0	1	0	0	1	0	1	1	0	-1	-1	1	0	-1	-1	1	1	46.5	43	23	80	175	35	0.9085	4.475	NA	NA	NA
WP_048949167_1	1	-1	0	0	1	0	0	0	0	0	0	0	-1	1	0	0	0	0	0	0	0	0	1	1	-1	1	1	-1	0	1	0	0	1	0	1	1	0	-1	-1	1	0	-1	-1	1	1	46.5	43	23	80	175	35	0.9189	4.547	NA	NA	NA
WP_085454954_1	1	-1	0	0	1	0	0	0	0	0	0	0	-1	1	0	0	0	0	0	0	0	0	1	1	-1	1	1	-1	0	1	0	0	1	0	1	1	0	-1	-1	1	0	-1	-1	1	1	46.5	43	23	80	175	35	0.9111	4.549	NA	NA	NA
CZX92808_1	1	-1	0	0	1	0	0	0	0	0	0	0	-1	1	0	0	0	0	0	0	0	0	1	1	-1	1	1	-1	0	1	0	0	1	0	1	1	0	-1	-1	1	0	-1	-1	1	1	46.5	43	23	80	175	35	0.9223	4.392	NA	NA	NA
WP_048209446_1	1	-1	0	0	1	0	0	0	0	0	0	0	-1	1	0	0	0	0	0	0	0	0	1	1	-1	1	1	-1	0	1	0	0	1	0	1	1	0	-1	-1	1	0	-1	-1	1	1	46.5	43	23	80	175	35	0.8991	6.097	NA	NA	NA
KYH18089_1	1	-1	0	0	1	0	0	0	0	0	0	0	-1	1	0	0	0	0	0	0	0	0	1	1	-1	1	1	-1	0	1	0	0	1	0	1	1	0	-1	-1	1	0	-1	-1	1	1	46.5	43	23	80	175	35	0.9163	4.479	NA	NA	NA
OAH39155_1	1	-1	0	0	1	0	0	0	0	0	0	0	-1	1	0	0	0	0	0	0	0	0	1	1	-1	1	1	-1	0	1	0	0	1	0	1	1	0	-1	-1	1	0	-1	-1	1	1	46.5	43	23	80	175	35	0.9131	4.49	NA	NA	NA
WP_049109684_1	1	-1	0	0	1	0	0	0	0	0	0	0	-1	1	0	0	0	0	0	0	0	0	1	1	-1	1	1	-1	0	1	0	0	1	0	1	1	0	-1	-1	1	0	-1	-1	1	1	46.5	43	23	81.1	175	33	0.904	6.046	NA	NA	NA
KJN47636_1	1	-1	0	0	1	0	0	0	0	0	0	0	-1	1	0	0	0	0	0	0	0	0	1	1	-1	1	1	-1	0	1	0	0	1	0	1	1	0	-1	-1	1	0	-1	-1	1	1	46.5	43	23	82.3	175	31	0.9148	4.571	NA	NA	NA
WP_047736726_1	1	-1	0	0	1	0	0	0	0	0	0	0	-1	1	0	0	0	0	0	0	0	0	1	1	-1	1	1	-1	0	1	0	0	1	0	1	1	0	-1	-1	1	0	-1	-1	1	1	46.5	43	23	82.3	175	31	0.9066	4.596	NA	NA	NA
WP_058959871_1	1	-1	0	0	1	0	0	0	0	0	0	0	-1	1	0	0	0	0	0	0	0	0	1	1	-1	1	1	-1	0	1	1	0	1	0	1	1	0	-1	-1	1	0	-1	-1	1	1	47.5	40	21	80.6	175	34	0.9031	4.638	NA	NA	NA
STG06125_1	1	-1	0	0	1	0	0	0	0	0	0	0	-1	1	0	0	0	0	0	0	0	0	1	1	-1	1	1	-1	0	1	0	0	1	0	1	1	0	-1	-1	1	0	-1	-1	1	1	46.5	43	23	80	175	35	0.9233	4.473	NA	NA	NA
EGB87154_1	1	-1	0	0	1	0	0	0	0	0	0	0	-1	1	0	0	0	0	0	0	0	0	1	1	-1	1	1	-1	0	1	0	0	1	0	1	1	0	-1	-1	1	0	-1	-1	1	1	46.5	43	23	80	175	35	0.9111	4.524	NA	NA	NA
WP_001583610_1	1	-1	0	0	1	0	0	0	0	0	0	0	-1	1	0	0	0	0	0	0	0	0	1	1	-1	1	1	-1	0	1	0	0	1	0	1	1	0	-1	-1	1	0	-1	-1	1	1	46.5	43	23	80	175	35	0.9176	4.482	NA	NA	NA
ABV20773_1	1	-1	0	0	1	0	0	0	0	0	0	0	-1	1	0	0	0	0	0	0	0	0	1	1	-1	1	1	-1	0	1	0	0	1	0	1	1	0	-1	-1	1	0	-1	-1	1	1	46.5	43	23	80	175	35	0.9254	4.549	NA	NA	NA
OKB79061_1	1	-1	0	0	1	0	0	0	0	0	0	0	-1	1	0	0	0	0	0	0	0	0	1	1	-1	1	1	-1	0	1	0	0	1	0	1	1	0	-1	-1	1	0	-1	-1	1	1	46.5	43	23	80	175	35	0.9281	4.453	NA	NA	NA
WP_112901619_1	1	-1	0	0	1	0	0	0	0	0	0	0	-1	1	0	0	0	0	0	0	0	0	1	1	-1	1	1	-1	0	1	0	0	1	0	1	1	0	-1	-1	1	0	-1	-1	1	1	46.5	43	23	80	175	35	0.926	4.564	NA	NA	NA
ELG89028_1	1	-1	0	0	1	0	0	0	0	0	0	0	-1	1	0	0	0	0	0	0	0	0	1	1	-1	1	1	-1	0	1	0	0	1	0	1	1	0	-1	-1	1	0	-1	-1	1	1	46.5	43	23	80	175	35	0.9362	4.375	NA	NA	NA
OCS70657_1	1	-1	0	0	1	0	0	0	0	0	0	0	-1	1	0	0	0	0	0	0	0	0	1	1	-1	1	1	-1	0	1	0	0	1	0	1	1	0	-1	-1	1	0	-1	-1	1	1	46.5	43	23	80	175	35	0.9243	4.409	NA	NA	NA
WP_029392984_1	1	-1	0	0	1	0	0	0	0	0	0	0	-1	1	0	0	0	0	0	0	0	0	1	1	-1	1	1	-1	0	1	0	0	1	0	1	1	0	-1	-1	1	0	-1	-1	1	1	46.5	43	23	80	175	35	0.9265	4.397	NA	NA	NA
WP_106631492_1	1	-1	0	0	1	0	0	0	0	0	0	0	-1	1	0	0	0	0	0	0	0	0	1	1	-1	1	1	-1	0	1	0	0	1	0	1	1	0	-1	-1	1	0	-1	-1	1	1	46.5	43	23	80	175	35	0.9281	4.419	NA	NA	NA
WP_115740110_1	1	-1	0	0	1	0	0	0	0	0	0	0	-1	1	0	0	0	0	0	0	0	0	1	1	-1	1	1	-1	0	1	0	0	1	0	1	1	0	-1	-1	1	0	-1	-1	1	1	46.5	43	23	80	175	35	0.9326	4.484	NA	NA	NA
WP_062881075_1	1	-1	0	0	1	0	0	0	0	0	0	0	-1	1	0	0	0	0	0	0	0	0	1	1	-1	1	1	-1	0	1	0	0	1	0	1	1	0	-1	-1	1	0	-1	-1	1	1	46.5	43	23	80	175	35	0.9106	5.959	NA	NA	NA
WP_050867050_1	1	-1	0	0	1	0	0	0	0	0	0	0	-1	1	0	0	0	0	0	0	0	0	1	1	-1	1	1	-1	0	1	0	0	1	0	1	1	0	-1	-1	1	0	-1	-1	1	1	46.5	43	23	80	175	35	0.9181	4.477	NA	NA	NA
AGF36290_1	NA	-1	0	0	1	0	0	0	0	0	0	0	-1	1	0	0	0	0	0	0	0	0	NA	1	-1	1	1	-1	0	1	0	0	1	0	1	1	0	-1	-1	1	0	-1	-1	1	NA	NA	NA	NA	79.1	153	32	0.9123	5.356	NA	NA	NA
KLW55982_1	1	-1	0	0	1	0	0	0	0	0	0	0	-1	1	0	0	0	0	0	0	0	0	1	1	-1	1	1	-1	0	1	0	0	1	0	1	1	0	-1	-1	1	0	-1	-1	1	1	46.5	43	23	80.6	175	34	0.9238	4.37	NA	NA	NA
OAH37283_1	1	-1	0	0	1	0	0	0	0	0	0	0	-1	1	0	0	0	0	0	0	0	0	1	1	-1	1	1	-1	0	1	0	0	1	0	1	1	0	-1	-1	1	0	-1	-1	1	1	46.5	43	23	81.1	175	33	0.9083	4.569	NA	NA	NA
KUQ38796_1	1	-1	0	0	1	0	0	0	0	0	0	0	-1	1	0	0	0	0	0	0	0	0	1	1	-1	1	1	-1	0	1	0	0	1	0	1	1	0	-1	-1	1	0	-1	-1	1	1	46.5	43	23	81.1	175	33	0.92	4.444	NA	NA	NA
KJL68310_1	1	-1	0	0	1	0	0	0	0	0	0	0	-1	1	0	0	0	0	0	0	0	0	1	1	-1	1	1	-1	0	1	0	0	1	0	1	1	0	-1	-1	1	0	-1	-1	1	1	46.5	43	23	81.1	175	33	0.9294	4.441	NA	NA	NA
KYH16856_1	1	-1	0	0	1	0	0	0	0	0	0	0	-1	1	0	0	0	0	0	0	0	0	1	1	-1	1	1	-1	0	1	0	0	1	0	1	1	0	-1	-1	1	0	-1	-1	1	1	46.5	43	23	81.1	175	33	0.9142	4.541	NA	NA	NA
WP_117500232_1	1	-1	0	0	1	0	0	0	0	0	0	0	-1	1	0	0	0	0	0	0	0	0	1	1	-1	1	1	-1	0	1	0	0	1	0	1	1	0	-1	-1	1	0	-1	-1	1	1	46.5	43	23	81.1	175	33	0.916	4.467	NA	NA	NA
WP_096971714_1	1	-1	0	0	1	0	0	0	0	0	0	0	-1	1	0	0	0	0	0	0	0	0	1	1	-1	1	1	-1	0	1	0	0	1	0	1	1	0	-1	-1	1	0	-1	-1	1	1	35.6	87	56	80.6	175	34	0.9201	4.581	NA	NA	NA
WP_089617915_1	1	-1	0	0	1	0	0	0	0	0	0	0	-1	1	0	0	0	0	0	0	0	0	1	1	-1	1	1	-1	0	1	0	0	1	0	1	1	0	-1	-1	1	0	-1	-1	1	1	35.6	87	56	80.6	175	34	0.9123	4.614	NA	NA	NA
WP_097488249_1	1	-1	0	0	1	0	0	0	0	0	0	0	-1	1	0	0	0	0	0	0	0	0	1	1	-1	1	1	-1	0	1	0	0	1	0	1	1	0	-1	-1	1	0	-1	-1	1	1	35.6	87	56	80.6	175	34	0.9162	4.606	NA	NA	NA
WP_097490874_1	1	-1	0	0	1	0	0	0	0	0	0	0	-1	1	0	0	0	0	0	0	0	0	1	1	-1	1	1	-1	0	1	0	0	1	0	1	1	0	-1	-1	1	0	-1	-1	1	1	35.6	87	56	80.6	175	34	0.9142	4.574	NA	NA	NA
STH41726_1	1	-1	0	0	1	0	0	0	0	0	0	0	-1	1	0	0	0	0	0	0	0	0	1	1	-1	1	1	-1	0	1	0	0	1	0	1	1	0	-1	-1	1	0	-1	-1	1	1	35.6	87	56	80.6	175	34	0.9113	6.031	NA	NA	NA
WP_112203083_1	1	-1	0	0	1	0	0	0	0	0	0	0	-1	1	0	0	0	0	0	0	0	0	1	1	-1	1	1	-1	0	1	0	0	1	0	1	1	0	-1	-1	1	0	-1	-1	1	1	31.6	114	72	80.6	175	34	0.9151	4.489	NA	NA	NA
RDP75070_1	1	-1	0	0	1	0	0	0	0	0	0	0	-1	1	0	0	0	0	0	0	0	0	1	1	-1	1	1	-1	0	1	0	0	1	0	1	1	0	-1	-1	1	0	-1	-1	1	1	46.5	43	23	80.6	175	34	0.8988	4.644	NA	NA	NA
WP_097336217_1	1	-1	0	0	1	0	0	0	0	0	0	0	-1	1	0	0	0	0	0	0	0	0	1	1	-1	1	1	-1	0	1	0	0	1	0	1	1	0	-1	-1	1	0	-1	-1	1	1	46.5	43	23	80.6	175	34	0.9039	4.559	NA	NA	NA
AGA03821_1	1	-1	0	0	1	0	0	0	0	0	0	0	-1	1	0	0	0	0	0	0	0	0	1	1	-1	1	1	-1	0	1	0	0	1	0	1	1	0	-1	-1	1	0	-1	-1	1	1	36.8	87	55	80.6	175	34	0.908	4.532	NA	NA	NA
WP_020240299_1	1	-1	0	0	1	0	0	0	0	0	0	0	-1	1	0	0	0	0	0	0	0	0	1	1	-1	1	1	-1	0	1	0	0	1	0	1	1	0	-1	-1	1	0	-1	-1	1	1	36.8	87	55	80.6	175	34	0.9125	4.589	NA	NA	NA
WP_096856876_1	1	-1	0	0	1	0	0	0	0	0	0	0	-1	1	0	0	0	0	0	0	0	0	1	1	-1	1	1	-1	0	1	0	0	1	0	1	1	0	-1	-1	1	0	-1	-1	1	1	36.8	87	55	80	175	35	0.902	4.605	NA	NA	NA
OJS02542_1	1	-1	0	0	1	0	0	0	0	0	0	0	-1	1	0	0	0	0	0	0	0	0	1	1	-1	1	1	-1	0	1	0	0	1	0	1	1	0	-1	-1	1	0	-1	-1	1	1	46.5	43	23	80	175	35	0.8997	4.63	NA	NA	NA
WP_088541408_1	1	-1	0	0	1	0	0	0	0	0	0	0	-1	1	0	0	0	0	0	0	0	0	1	1	-1	1	1	-1	0	1	0	0	1	0	1	1	0	-1	-1	1	0	-1	-1	1	1	46.5	43	23	80	175	35	0.9012	4.92	NA	NA	NA
WP_021570829_1	1	-1	0	0	1	0	0	0	0	0	0	0	-1	1	0	0	0	0	0	0	0	0	1	1	-1	1	1	-1	0	1	0	0	1	0	1	1	0	-1	-1	1	0	-1	-1	1	1	46.5	43	23	80	175	35	0.9094	4.581	NA	NA	NA
WP_112044143_1	1	-1	0	0	1	0	0	0	0	0	0	0	-1	1	0	0	0	0	0	0	0	0	1	1	-1	1	1	-1	0	1	0	0	1	0	1	1	0	-1	-1	1	0	-1	-1	1	1	46.5	43	23	80	175	35	0.9108	4.594	NA	NA	NA
EQZ41336_1	1	-1	0	0	1	0	0	0	0	0	0	0	-1	1	0	0	0	0	0	0	0	0	1	1	-1	1	1	-1	0	1	0	0	1	0	1	1	0	-1	-1	1	0	-1	-1	1	1	46.5	43	23	79.2	178	37	0.9095	4.477	NA	NA	NA
WP_021542992_1	1	-1	0	0	1	0	0	0	0	0	0	0	-1	1	0	0	0	0	0	0	0	0	1	1	-1	1	1	-1	0	1	0	0	1	0	1	1	0	-1	-1	1	0	-1	-1	1	1	46.5	43	23	79.2	178	37	0.9102	4.476	NA	NA	NA
WP_033548611_1	1	-1	0	0	1	0	0	0	0	0	0	0	-1	1	0	0	0	0	0	0	0	0	1	1	-1	1	1	-1	0	1	0	0	1	0	1	1	0	-1	-1	1	0	-1	-1	1	1	46.5	43	23	79.2	178	37	0.9065	4.471	NA	NA	NA
CTR30888_1	1	-1	0	0	1	0	0	0	0	0	0	0	-1	1	0	0	0	0	0	0	0	0	1	1	-1	1	1	-1	0	1	0	0	1	0	1	1	0	-1	-1	1	0	-1	-1	1	1	46.5	43	23	79.2	178	37	0.903	4.53	NA	NA	NA
WP_032166262_1	1	-1	0	0	1	0	0	0	0	0	0	0	-1	1	0	0	0	0	0	0	0	0	1	1	-1	1	1	-1	0	1	0	0	1	0	1	1	0	-1	-1	1	0	-1	-1	1	1	44.2	43	24	78.7	178	38	0.9168	4.453	NA	NA	NA
OWD69176_1	1	-1	0	0	1	0	0	0	0	0	0	0	-1	1	0	0	0	0	0	0	0	0	1	1	-1	1	1	-1	0	1	0	0	1	0	1	1	0	-1	-1	1	0	-1	-1	1	1	46.5	43	23	80.6	175	34	0.9317	4.492	NA	NA	NA
ACA77366_1	1	-1	0	0	1	0	0	0	0	0	0	0	-1	1	0	0	0	0	0	0	0	0	1	1	-1	1	1	-1	0	1	0	0	1	0	1	1	0	-1	-1	1	0	-1	-1	1	1	46.5	43	23	80.6	175	34	0.9366	4.415	NA	NA	NA
ELE42780_1	1	-1	0	0	1	0	0	0	0	0	0	0	-1	1	0	0	0	0	0	0	0	0	1	1	-1	1	1	-1	0	1	0	0	1	0	1	1	0	-1	-1	1	0	-1	-1	1	1	46.5	43	23	80.6	175	34	0.9281	6.023	NA	NA	NA
WP_062876164_1	1	-1	0	0	1	0	0	0	0	0	0	0	-1	1	0	0	0	0	0	0	0	0	1	1	-1	1	1	-1	0	1	0	0	1	0	1	1	0	-1	-1	1	0	-1	-1	1	1	46.5	43	23	80.6	175	34	0.9107	4.556	NA	NA	NA
PSY81030_1	1	-1	0	0	1	0	0	0	0	0	0	0	-1	1	0	0	0	0	0	0	0	0	1	1	-1	1	1	-1	0	1	0	0	1	0	1	1	0	-1	-1	1	0	-1	-1	1	1	46.5	43	23	80.6	175	34	0.9218	4.499	NA	NA	NA
WP_073535733_1	1	-1	0	0	1	0	0	0	0	0	0	0	-1	1	0	0	0	0	0	0	0	0	1	1	-1	1	1	-1	0	1	0	0	1	0	1	1	0	-1	-1	1	0	-1	-1	1	1	46.5	43	23	80.6	175	34	0.9357	4.429	NA	NA	NA
SQN81219_1	1	-1	0	0	1	0	0	0	0	0	0	0	-1	1	0	0	0	0	0	0	0	0	1	1	-1	1	1	-1	0	1	0	0	1	0	1	1	0	-1	-1	1	0	-1	-1	1	1	46.5	43	23	80.6	175	34	0.9034	6.12	NA	NA	NA
STI33472_1	1	-1	0	0	1	0	0	0	0	0	0	0	-1	1	0	0	0	0	0	0	0	0	1	1	-1	1	1	-1	0	1	0	0	1	0	1	1	0	-1	-1	1	0	-1	-1	1	1	46.5	43	23	80.6	175	34	0.935	4.504	NA	NA	NA
WP_105394399_1	1	-1	0	0	1	0	0	0	0	0	0	0	-1	1	0	0	0	0	0	0	0	0	1	1	-1	1	1	-1	0	1	0	0	1	0	1	1	0	-1	-1	1	0	-1	-1	1	1	46.5	43	23	80.6	175	34	0.9357	4.818	NA	NA	NA
KLR24285_1	1	-1	0	0	1	0	0	0	0	0	0	0	-1	1	0	0	0	0	0	0	0	0	1	1	-1	1	1	-1	0	1	0	0	1	0	1	1	0	-1	-1	1	0	-1	-1	1	1	46.5	43	23	80.3	178	35	0.8986	5.023	NA	NA	NA
CAJ77154_1	1	-1	0	0	1	0	0	0	0	0	0	0	-1	1	0	0	0	0	0	0	0	0	1	1	-1	1	1	-1	0	1	0	0	1	0	1	1	0	-1	-1	1	0	-1	-1	1	1	44.2	43	24	80.3	178	35	NA	NA	NA	NA	NA
SAI49742_1	1	-1	0	0	1	0	0	0	0	0	0	0	-1	1	0	0	0	0	0	0	0	0	1	1	-1	1	1	-1	0	1	0	0	1	0	1	1	0	-1	-1	1	0	-1	-1	1	1	46.5	43	23	80.3	178	35	0.9153	4.856	NA	NA	NA
WP_048235183_1	1	-1	0	0	1	0	0	0	0	0	0	0	0	0	0	0	0	0	0	0	0	0	1	1	-1	1	1	-1	0	1	1	0	1	0	1	0	1	-1	-1	1	0	0	-1	1	1	41.9	86	50	86.5	178	24	0.893	4.961	NA	NA	NA
OIY03435_1	1	-1	0	0	1	0	0	0	0	0	0	0	0	0	0	0	0	0	0	0	0	0	1	1	-1	1	1	-1	0	1	1	0	1	0	1	0	1	-1	-1	1	0	0	-1	1	1	40.8	98	57	86	178	25	0.8939	5.012	NA	NA	NA
WP_060683668_1	1	-1	0	0	1	0	0	0	0	0	0	0	0	0	0	0	0	0	0	0	0	0	1	1	-1	1	1	-1	0	1	1	0	1	0	1	0	1	-1	-1	1	0	0	-1	1	1	41.9	86	50	86	178	25	0.8975	4.968	NA	NA	NA
WP_096252543_1	1	-1	0	0	1	0	0	0	0	0	0	0	0	0	0	0	0	0	0	0	0	0	1	1	-1	1	1	-1	0	1	1	0	1	0	1	0	1	-1	-1	1	0	0	-1	1	1	46.8	47	25	84.8	178	27	0.9121	6.103	NA	NA	NA
EEH93426_1	1	-1	0	0	1	0	0	0	0	0	0	0	0	0	0	0	0	0	0	0	0	0	1	1	-1	1	1	-1	0	1	1	0	1	0	1	0	1	-1	-1	1	0	0	-1	1	1	43	86	49	86	178	25	0.8872	5.077	NA	NA	NA
GAS79089_1	1	-1	0	0	1	0	0	0	0	0	0	0	0	0	0	0	0	0	0	0	0	0	1	1	-1	1	1	-1	0	1	1	0	1	0	1	0	1	-1	-1	1	0	0	-1	1	1	43	86	49	86	178	25	0.898	5.022	NA	NA	NA
OYJ77689_1	1	-1	0	0	1	0	0	0	0	0	0	0	0	0	0	0	0	0	0	0	0	0	1	1	-1	1	1	-1	0	1	1	0	1	0	1	0	1	-1	-1	1	0	0	-1	1	1	43	86	49	86	178	25	0.8907	5.049	NA	NA	NA
KEN11106_1	1	-1	0	0	1	0	0	0	0	0	0	0	0	0	0	0	0	0	0	0	0	0	1	1	-1	1	1	-1	0	1	1	0	1	0	1	0	1	-1	-1	1	0	0	-1	1	1	43	86	49	86	178	25	0.8964	4.993	NA	NA	NA
SUG91701_1	1	-1	0	0	1	0	0	0	0	0	0	0	0	0	0	0	0	0	0	0	0	0	1	1	-1	1	1	-1	0	1	1	0	1	0	1	0	1	-1	-1	1	0	0	-1	1	1	43	86	49	86	178	25	0.9112	5.133	NA	NA	NA
SQQ85962_1	1	-1	0	0	1	0	0	0	0	0	0	0	-1	1	0	0	0	0	0	0	0	0	1	1	-1	1	1	-1	0	1	0	0	1	0	1	1	0	-1	-1	1	0	-1	-1	1	1	46.5	43	23	78.7	178	38	0.9196	4.554	NA	NA	NA
KDW08837_1	1	-1	0	0	1	0	0	0	0	0	0	0	-1	1	0	0	0	0	0	0	0	0	1	1	-1	1	1	-1	0	1	0	0	1	0	1	1	0	-1	-1	1	0	-1	-1	1	1	46.5	43	23	78.7	178	38	0.92	5.944	NA	NA	NA
OJM59639_1	1	-1	0	0	1	0	0	0	0	0	0	0	-1	1	0	0	0	0	0	0	0	0	1	1	-1	1	1	-1	0	1	0	0	1	0	1	1	0	-1	-1	1	0	-1	-1	1	1	46.5	43	23	78.7	178	38	0.8951	4.861	NA	NA	NA
EQN66859_1	1	-1	0	0	1	0	0	0	0	0	0	0	-1	1	0	0	0	0	0	0	0	0	1	1	-1	1	1	-1	0	1	0	0	1	0	1	1	0	-1	-1	1	0	-1	-1	1	1	44.2	43	24	78.7	178	38	0.9224	4.479	NA	NA	NA
WP_112043887_1	1	-1	0	0	1	0	0	0	0	0	0	0	-1	1	0	0	0	0	0	0	0	0	1	1	-1	1	1	-1	0	1	0	0	1	0	1	1	0	-1	-1	1	0	-1	-1	1	1	46.5	43	23	78.1	178	39	0.9167	4.762	NA	NA	NA
WP_097294138_1	1	-1	0	0	1	0	0	0	0	0	0	0	-1	1	0	0	0	0	0	0	0	0	1	1	-1	1	1	-1	0	1	0	0	1	0	1	1	0	-1	-1	1	0	-1	-1	1	1	46.5	43	23	78.7	178	38	0.9265	4.451	NA	NA	NA
OUD17669_1	1	-1	0	0	1	0	0	0	0	0	0	0	-1	1	0	0	0	0	0	0	0	0	1	1	-1	1	1	-1	0	1	0	0	1	0	1	1	0	-1	-1	1	0	-1	-1	1	1	46.5	43	23	79.2	178	37	0.9097	5.979	NA	NA	NA
RCE29406_1	1	-1	0	0	1	0	0	0	0	0	0	0	-1	1	0	0	0	0	0	0	0	0	1	1	-1	1	1	-1	0	1	0	0	1	0	1	1	0	-1	-1	1	0	-1	-1	1	1	46.5	43	23	78.1	178	39	0.891	6.206	NA	NA	NA
WP_097729626_1	1	-1	0	0	1	0	0	0	0	0	0	0	-1	1	0	0	0	0	0	0	0	0	1	1	-1	1	1	-1	0	1	0	0	1	0	1	1	0	-1	-1	1	0	-1	-1	1	1	46.5	43	23	78.7	178	38	0.9218	5.486	NA	NA	NA
PBR66087_1	1	-1	0	0	1	0	0	0	0	0	0	0	-1	1	0	0	0	0	0	0	0	0	1	1	-1	1	1	-1	0	1	0	0	1	0	1	1	0	-1	-1	1	0	-1	-1	1	1	46.5	43	23	78.7	178	38	0.932	4.412	NA	NA	NA
WP_097743402_1	1	-1	0	0	1	0	0	0	0	0	0	0	-1	1	0	0	0	0	0	0	0	0	1	1	-1	1	1	-1	0	1	0	0	1	0	1	1	0	-1	-1	1	0	-1	-1	1	1	46.5	43	23	78.7	178	38	0.9076	4.553	NA	NA	NA
SQO94701_1	1	-1	0	0	1	0	0	0	0	0	0	0	-1	1	0	0	0	0	0	0	0	0	1	1	-1	1	1	-1	0	1	0	0	1	0	1	1	0	-1	-1	1	0	-1	-1	1	1	46.5	43	23	78.7	178	38	0.9325	4.459	NA	NA	NA
RDS37539_1	1	-1	0	0	1	0	0	0	0	0	0	0	-1	1	0	0	0	0	0	0	0	0	1	1	-1	1	1	-1	0	1	0	0	1	0	1	1	0	-1	-1	1	0	-1	-1	1	1	46.5	43	23	78.7	178	38	0.9256	4.465	NA	NA	NA
WP_097444223_1	1	-1	0	0	1	0	0	0	0	0	0	0	-1	1	0	0	0	0	0	0	0	0	1	1	-1	1	1	-1	0	1	0	0	1	0	1	1	0	-1	-1	1	0	-1	-1	1	1	46.5	43	23	78.7	178	38	0.9216	4.481	NA	NA	NA
WP_096835560_1	1	-1	0	0	1	0	0	0	0	0	0	0	-1	1	0	0	0	0	0	0	0	0	1	1	-1	1	1	-1	0	1	0	0	1	0	1	1	0	-1	-1	1	0	-1	-1	1	1	46.5	43	23	78.7	178	38	0.923	4.466	NA	NA	NA
EGX06267_1	1	-1	0	0	1	0	0	0	0	0	0	0	-1	1	0	0	0	0	0	0	0	0	1	1	-1	1	1	-1	0	1	0	0	1	0	1	1	0	-1	-1	1	0	-1	-1	1	1	46.5	43	23	78.7	178	38	0.9225	4.474	NA	NA	NA
OOO83873_1	1	-1	0	0	1	0	0	0	0	0	0	0	-1	1	0	0	0	0	0	0	0	0	1	1	-1	1	1	-1	0	1	0	0	1	0	1	1	0	-1	-1	1	0	-1	-1	1	1	46.5	43	23	78.7	178	38	0.9276	4.449	NA	NA	NA
WP_112836524_1	1	-1	0	0	1	0	0	0	0	0	0	0	-1	1	0	0	0	0	0	0	0	0	1	1	-1	1	1	-1	0	1	0	0	1	0	1	1	0	-1	-1	1	0	-1	-1	1	1	46.5	43	23	78.7	178	38	0.9218	4.474	NA	NA	NA
WP_097446788_1	1	-1	0	0	1	0	0	0	0	0	0	0	-1	1	0	0	0	0	0	0	0	0	1	1	-1	1	1	-1	0	1	0	0	1	0	1	1	0	-1	-1	1	0	-1	-1	1	1	46.5	43	23	78.7	178	38	0.8984	4.626	NA	NA	NA
WP_109957037_1	1	-1	0	0	1	0	0	0	0	0	0	0	-1	1	0	0	0	0	0	0	0	0	1	1	-1	1	1	-1	0	1	0	0	1	0	1	1	0	-1	-1	1	0	-1	-1	1	1	34.5	87	57	78.7	178	38	0.9077	6.065	NA	NA	NA
ATU34692_1	1	-1	0	0	1	0	0	0	0	0	0	0	-1	1	0	0	0	0	0	0	0	0	1	1	-1	1	1	-1	0	1	0	0	1	0	1	1	0	-1	-1	1	0	-1	-1	1	1	46.5	43	23	78.7	178	38	0.9216	4.603	NA	NA	NA
WP_109874022_1	1	-1	0	0	1	0	0	0	0	0	0	0	-1	1	0	0	0	0	0	0	0	0	1	1	-1	1	1	-1	0	1	0	0	1	0	1	1	0	-1	-1	1	0	-1	-1	1	1	37.9	87	54	78.1	178	39	0.9334	4.451	NA	NA	NA
WP_100134461_1	1	-1	0	0	1	0	0	0	0	0	0	0	-1	1	0	0	0	0	0	0	0	0	1	1	-1	1	1	-1	0	1	0	0	1	0	1	1	0	-1	-1	1	0	-1	-1	1	1	46.5	43	23	78.7	178	38	0.9153	4.686	NA	NA	NA
KDX59481_1	1	-1	0	0	1	0	0	0	0	0	0	0	-1	1	0	0	0	0	0	0	0	0	1	1	-1	1	1	-1	0	1	0	0	1	0	1	1	0	-1	-1	1	0	-1	-1	1	1	39.1	87	53	79.2	178	37	0.9132	6.064	NA	NA	NA
ESK13122_1	1	-1	0	0	1	0	0	0	0	0	0	0	-1	1	0	0	0	0	0	0	0	0	1	1	-1	1	1	-1	0	1	0	0	1	0	1	1	0	-1	-1	1	0	-1	-1	1	1	39.1	87	53	79.2	178	37	0.9239	4.494	NA	NA	NA
WP_089552260_1	1	-1	0	0	1	0	0	0	0	0	0	0	-1	1	0	0	0	0	0	0	0	0	1	1	-1	1	1	-1	0	1	0	0	1	0	1	1	0	-1	-1	1	0	-1	-1	1	1	46.5	43	23	79.2	178	37	0.9216	4.541	NA	NA	NA
KQJ02370_1	1	-1	0	0	1	0	0	0	0	0	0	0	-1	1	0	0	0	0	0	0	0	0	1	1	-1	1	1	-1	0	1	0	0	1	0	1	1	0	-1	-1	1	0	-1	-1	1	1	46.5	43	23	79.2	178	37	0.9281	4.502	NA	NA	NA
ABM47498_1	1	-1	0	0	1	0	0	0	0	0	0	0	-1	1	0	0	0	0	0	0	0	0	1	1	-1	1	1	-1	0	1	0	0	1	0	1	1	0	-1	-1	1	0	-1	-1	1	1	29.3	116	76	78.2	170	37	0.9296	4.526	NA	NA	NA
KLW11347_1	1	-1	0	0	1	0	0	0	0	0	0	0	-1	1	0	0	0	0	0	0	0	0	1	1	-1	1	1	-1	0	1	0	0	1	0	1	1	0	-1	-1	1	0	-1	-1	1	1	46.5	43	23	79.2	178	37	0.9227	4.467	NA	NA	NA
WP_069898909_1	1	-1	0	0	1	0	0	0	0	0	0	0	-1	1	0	0	0	0	0	0	0	0	1	1	-1	1	1	-1	0	1	0	0	1	0	1	1	0	-1	-1	1	0	-1	-1	1	1	46.5	43	23	79.2	178	37	0.9301	4.403	NA	NA	NA
WP_094337698_1	1	-1	0	0	1	0	0	0	0	0	0	0	-1	1	0	0	0	0	0	0	0	0	1	1	-1	1	1	-1	0	1	0	0	1	0	1	1	0	-1	-1	1	0	-1	-1	1	1	46.5	43	23	79.2	178	37	0.9288	4.39	NA	NA	NA
OMG97100_1	1	-1	0	0	1	0	0	0	0	0	0	0	-1	1	0	0	0	0	0	0	0	0	1	1	-1	1	1	-1	0	1	0	0	1	0	1	1	0	-1	-1	1	0	-1	-1	1	1	46.5	43	23	79.2	178	37	0.9078	6.071	NA	NA	NA
WP_044864772_1	1	-1	0	0	1	0	0	0	0	0	0	0	-1	1	0	0	0	0	0	0	0	0	1	1	-1	1	1	-1	0	1	0	0	1	0	1	1	0	-1	-1	1	0	-1	-1	1	1	46.5	43	23	79.2	178	37	0.9202	4.503	NA	NA	NA
PPY84643_1	1	-1	0	0	1	0	0	0	0	0	0	0	-1	1	0	0	0	0	0	0	0	0	1	1	-1	1	1	-1	0	1	0	0	1	0	1	1	0	-1	-1	1	0	-1	-1	1	1	46.5	43	23	80	175	35	0.9179	5.071	NA	NA	NA
EMZ82878_1	1	-1	0	0	1	0	0	0	0	0	0	0	-1	1	0	0	0	0	0	0	0	0	1	1	-1	1	1	-1	0	1	0	0	1	0	1	1	0	-1	-1	1	0	-1	-1	1	1	46.5	43	23	80	175	35	0.9347	4.99	NA	NA	NA
AAQ22682_1	1	-1	0	0	1	0	0	0	0	0	0	0	-1	1	0	0	0	0	0	0	0	0	1	1	-1	1	1	-1	0	1	0	0	1	0	1	1	0	-1	-1	1	0	-1	-1	1	1	46.5	43	23	80	175	35	0.9293	4.419	NA	NA	NA
OYA02480_1	1	-1	0	0	1	0	0	0	0	0	0	0	-1	1	0	0	0	0	0	0	0	0	1	1	-1	1	1	-1	0	1	0	0	1	0	1	1	0	-1	-1	1	0	-1	-1	1	1	46.5	43	23	80	175	35	0.9022	5.278	NA	NA	NA
WP_097419161_1	1	-1	0	0	1	0	0	0	0	0	0	0	-1	1	0	0	0	0	0	0	0	0	1	1	-1	1	1	-1	0	1	0	0	1	0	1	1	0	-1	-1	1	0	-1	-1	1	1	46.5	43	23	80	175	35	0.9226	5.029	NA	NA	NA
WP_062878077_1	1	-1	0	0	1	0	0	0	0	0	0	0	-1	1	0	0	0	0	0	0	0	0	1	1	-1	1	1	-1	0	1	0	0	1	0	1	1	0	-1	-1	1	0	-1	-1	1	1	46.5	43	23	80	175	35	0.9372	4.348	NA	NA	NA
AAD28523_2	1	-1	0	0	1	0	0	0	0	0	0	0	-1	1	0	0	0	0	0	0	0	0	1	1	-1	1	1	-1	0	1	0	0	1	0	1	1	0	-1	-1	1	0	-1	-1	1	1	NA	NA	NA	78.8	160	34	0.9334	5.487	NA	NA	NA
WP_097725946_1	1	-1	0	0	1	0	0	0	0	0	0	0	-1	1	0	0	0	0	0	0	0	0	1	1	-1	1	1	-1	0	1	0	0	1	0	1	1	0	-1	-1	1	0	-1	-1	1	1	46.5	43	23	80	175	35	0.9227	5.046	NA	NA	NA
KDX65376_1	1	-1	0	0	1	0	0	0	0	0	0	0	-1	1	0	0	0	0	0	0	0	0	1	1	-1	1	1	-1	0	1	0	0	1	0	1	1	0	-1	-1	1	0	-1	-1	1	1	46.5	43	23	80	175	35	0.9176	5.076	NA	NA	NA
EQW34282_1	1	-1	0	0	1	0	0	0	0	0	0	0	-1	1	0	0	0	0	0	0	0	0	1	1	-1	1	1	-1	0	1	0	0	1	0	1	1	0	-1	-1	1	0	-1	-1	1	1	46.5	43	23	80	175	35	0.9074	4.452	NA	NA	NA
WP_087904735_1	1	-1	0	0	1	0	0	0	0	0	0	0	-1	1	0	0	0	0	0	0	0	0	1	1	-1	1	1	-1	0	1	0	0	1	0	1	1	0	-1	-1	1	0	-1	-1	1	1	46.5	43	23	79.4	175	36	0.9216	5.058	NA	NA	NA
KUH22046_1	1	-1	0	0	1	0	0	0	0	0	0	0	-1	1	0	0	0	0	0	0	0	0	1	1	-1	1	1	-1	0	1	0	0	1	0	1	1	0	-1	-1	1	0	-1	-1	1	1	46.5	43	23	80	175	35	0.9221	5.031	NA	NA	NA
AAA23799_1	1	-1	0	0	1	0	0	0	0	0	0	0	-1	1	0	0	0	0	0	0	0	0	1	1	-1	1	1	-1	0	1	0	0	1	0	1	1	0	-1	-1	1	0	-1	-1	1	1	37.9	87	54	79.4	175	36	0.9255	4.98	NA	NA	NA
WP_033810982_1	1	-1	0	0	1	0	0	0	0	0	0	0	-1	1	0	0	0	0	0	0	0	0	1	1	-1	1	1	-1	0	1	0	0	1	0	1	1	0	-1	-1	1	0	-1	-1	1	1	46.5	43	23	80	175	35	0.9177	5.057	NA	NA	NA
WP_109867566_1	1	-1	0	0	1	0	0	0	0	0	0	0	-1	1	0	0	0	0	0	0	0	0	1	1	-1	1	1	-1	0	1	0	0	1	0	1	1	0	-1	-1	1	0	-1	-1	1	1	NA	NA	NA	80	175	35	0.9126	5.284	NA	NA	NA
WP_096966371_1	1	-1	0	0	1	0	0	0	0	0	0	0	-1	1	0	0	0	0	0	0	0	0	1	1	-1	1	1	-1	0	1	0	0	1	0	1	1	0	-1	-1	1	0	-1	-1	1	1	46.5	43	23	80	175	35	0.9227	4.403	NA	NA	NA
EQV68507_1	1	-1	0	0	1	0	0	0	0	0	0	0	-1	1	0	0	0	0	0	0	0	0	1	1	-1	1	1	-1	0	1	0	0	1	0	1	1	0	-1	-1	1	0	-1	-1	1	1	46.5	43	23	80	175	35	0.919	5.022	NA	NA	NA
AAA23797_1	1	-1	0	0	1	0	0	0	0	0	0	0	-1	1	0	0	0	0	0	0	0	0	1	1	-1	1	1	-1	0	1	0	0	1	0	1	1	0	-1	-1	1	0	-1	-1	1	1	46.5	43	23	80	175	35	0.9342	4.988	NA	NA	NA
ERA49961_1	1	-1	0	0	1	0	0	0	0	0	0	0	-1	1	0	0	0	0	0	0	0	0	1	1	-1	1	1	-1	0	1	0	0	1	0	1	1	0	-1	-1	1	0	-1	-1	1	1	46.5	43	23	80	175	35	0.9192	5.034	NA	NA	NA
WP_024008520_1	1	-1	0	0	1	0	0	1	0	0	0	0	-1	1	0	0	0	0	0	0	0	0	1	1	-1	1	1	-1	0	1	0	0	1	0	1	1	0	-1	-1	1	0	-1	-1	1	1	46.5	43	23	79.4	175	36	0.9186	5.036	NA	NA	NA
WP_096975344_1	1	-1	0	0	1	0	0	0	0	0	0	0	-1	1	0	0	0	0	0	0	0	0	1	1	-1	1	1	-1	0	1	0	0	1	0	1	1	0	-1	-1	1	0	-1	-1	1	1	46.5	43	23	80	175	35	0.9203	5.039	NA	NA	NA
WP_059348251_1	1	-1	0	0	1	0	0	0	0	0	0	0	-1	1	0	0	0	0	0	0	0	0	1	1	-1	1	1	-1	0	1	0	0	1	0	1	1	0	-1	-1	1	0	-1	-1	1	1	46.5	43	23	80	175	35	0.9236	5.02	NA	NA	NA
WP_088129084_1	1	-1	0	0	1	0	0	0	0	0	0	0	-1	1	0	0	0	0	0	0	0	0	1	1	-1	1	1	-1	0	1	0	0	1	0	1	1	0	-1	-1	1	0	-1	-1	1	1	46.5	43	23	80	175	35	0.9217	5.24	NA	NA	NA
WP_042056804_1	1	-1	0	0	1	0	0	0	0	0	0	0	-1	1	0	0	0	0	0	0	0	0	1	1	-1	1	1	-1	0	1	0	0	1	0	1	1	0	-1	-1	1	0	-1	-1	1	1	46.5	43	23	80	175	35	0.9267	5.011	NA	NA	NA
WP_020245376_1	1	-1	0	0	1	0	0	0	0	0	0	0	-1	1	0	0	0	0	0	0	0	0	1	1	-1	1	1	-1	0	1	0	0	1	0	1	1	0	-1	-1	1	0	-1	-1	1	1	46.5	43	23	79.4	175	36	0.9151	5.026	NA	NA	NA
WP_085431557_1	1	-1	0	0	1	0	0	0	0	0	0	0	-1	1	0	0	0	0	0	0	0	0	1	1	-1	1	1	-1	0	1	0	0	1	0	1	1	0	-1	-1	1	0	-1	-1	1	1	46.5	43	23	80	175	35	0.9236	5.001	NA	NA	NA
RBV50224_1	1	-1	0	0	1	0	0	0	0	0	0	0	-1	1	0	0	0	0	0	0	0	0	1	1	-1	1	1	-1	0	1	0	0	1	0	1	1	0	-1	-1	1	0	-1	-1	1	1	46.5	43	23	80	175	35	0.9034	5.115	NA	NA	NA
CUA78576_1	1	-1	0	0	1	0	0	0	0	0	0	0	-1	1	0	0	0	0	0	0	0	0	1	1	-1	1	1	-1	0	1	0	0	1	0	1	1	0	-1	-1	1	0	-1	-1	1	1	46.5	43	23	80	175	35	0.9191	5.026	NA	NA	NA
WP_033551497_1	1	-1	0	0	1	0	0	0	0	0	0	0	-1	1	0	0	0	0	0	0	0	0	1	1	-1	1	1	-1	0	1	0	0	1	0	1	1	0	-1	-1	1	0	-1	-1	1	1	46.5	43	23	80	175	35	0.9196	5.035	NA	NA	NA
WP_112935553_1	1	-1	0	0	1	0	0	0	0	0	0	0	-1	1	0	0	0	0	0	0	0	0	1	1	-1	1	1	-1	0	1	0	0	1	0	1	1	0	-1	-1	1	0	-1	-1	1	1	46.5	43	23	78.8	165	35	0.8886	5.347	NA	NA	NA
WP_115073922_1	1	-1	0	0	1	0	0	0	0	0	0	0	-1	1	0	0	0	0	0	0	0	0	1	1	-1	1	1	-1	0	1	0	0	1	0	1	1	0	-1	-1	1	0	-1	-1	1	1	46.5	43	23	80.6	175	34	0.8984	5.097	NA	NA	NA
KFD04148_1	1	-1	0	0	1	0	0	0	0	0	0	0	-1	1	0	0	0	0	0	0	0	0	1	1	-1	1	1	-1	0	1	0	0	1	0	1	1	0	-1	-1	1	0	-1	-1	1	1	46.5	43	23	80.6	175	34	0.9268	4.39	NA	NA	NA
WP_089563589_1	1	-1	0	0	1	0	0	0	0	0	0	0	-1	1	0	0	0	0	0	0	0	0	1	1	-1	1	1	-1	0	1	0	0	1	0	1	1	0	-1	-1	1	0	-1	-1	1	1	46.5	43	23	80	175	35	0.9228	4.811	NA	NA	NA
CTS47228_1	1	-1	0	0	1	0	0	0	0	0	0	0	-1	1	0	0	0	0	0	0	0	0	1	1	-1	1	1	-1	0	1	0	0	1	0	1	1	0	-1	-1	1	0	-1	-1	1	1	46.5	43	23	80	175	35	0.9205	4.809	NA	NA	NA
WP_072795423_1	1	-1	0	0	1	0	0	0	0	0	0	0	-1	1	0	0	0	0	0	0	0	0	1	1	-1	1	1	-1	0	1	0	0	1	0	1	1	0	-1	-1	1	0	-1	-1	1	1	45.7	46	25	80	175	35	0.9276	4.775	NA	NA	NA
OJR29854_1	1	-1	0	0	1	0	0	0	0	0	0	0	-1	1	0	0	0	0	0	0	0	0	1	1	-1	1	1	-1	0	1	0	0	1	0	1	1	0	-1	-1	1	0	-1	-1	1	1	46.5	43	23	80	175	35	0.9234	4.813	NA	NA	NA
WP_039020702_1	1	-1	0	0	1	0	0	0	0	0	0	0	-1	1	0	0	0	0	0	0	0	0	1	1	-1	1	1	-1	0	1	0	0	1	0	1	1	0	-1	-1	1	0	-1	-1	1	1	46.5	43	23	80.6	175	34	0.9178	4.826	NA	NA	NA
ODJ29624_1	1	-1	0	0	1	0	0	0	0	0	0	0	-1	1	0	0	0	0	0	0	0	0	1	1	-1	1	1	-1	0	1	0	0	1	0	1	1	0	-1	-1	1	0	-1	-1	1	1	46.5	43	23	78.7	178	38	0.9159	4.967	NA	NA	NA
WP_073841290_1	1	-1	0	0	1	0	0	0	0	0	0	0	-1	1	0	0	0	0	0	0	0	0	1	1	-1	1	1	-1	0	1	0	0	1	0	1	1	0	-1	-1	1	0	-1	-1	1	1	46.5	43	23	78.7	178	38	0.9171	4.914	NA	NA	NA
ERB01066_1	1	-1	0	0	1	0	0	0	0	0	0	0	-1	1	0	0	0	0	0	0	0	0	1	1	-1	1	1	-1	0	1	0	0	1	0	1	1	0	-1	-1	1	0	-1	-1	1	1	46.5	43	23	79.2	178	37	0.918	4.901	NA	NA	NA
SRY81973_1	1	-1	0	0	1	0	0	0	0	0	0	0	-1	1	0	0	0	0	0	0	0	0	1	1	-1	1	1	-1	0	1	0	0	1	0	1	1	0	-1	-1	1	0	-1	-1	1	1	46.5	43	23	79.2	178	37	0.9223	4.831	NA	NA	NA
WP_000079697_1	1	-1	0	0	1	0	0	0	0	0	0	0	-1	1	0	0	0	0	0	0	0	0	1	1	-1	1	1	-1	0	1	0	0	1	0	1	1	0	-1	-1	1	0	-1	-1	1	1	46.5	43	23	79.2	178	37	0.9119	4.908	NA	NA	NA
OMI56413_1	1	-1	0	0	1	0	0	0	0	0	0	0	-1	1	0	0	0	0	0	0	0	0	1	1	-1	1	1	-1	0	1	0	0	1	0	1	1	0	-1	-1	1	0	-1	-1	1	1	46.5	43	23	79.2	178	37	0.9242	4.899	NA	NA	NA
OOO75638_1	1	-1	0	0	1	0	0	0	0	0	0	0	-1	1	0	0	0	0	0	0	0	0	1	1	-1	1	1	-1	0	1	0	0	1	0	1	1	0	-1	-1	1	0	-1	-1	1	1	46.5	43	23	78.7	178	38	0.9044	4.892	NA	NA	NA
PQN09021_1	1	-1	0	0	1	0	0	0	0	0	0	0	-1	1	0	0	0	0	0	0	0	0	1	1	-1	1	1	-1	0	1	0	0	1	0	1	1	0	-1	-1	1	0	-1	-1	1	1	46.5	43	23	78.7	178	38	0.913	4.921	NA	NA	NA
SRB07760_1	1	-1	0	0	1	0	0	0	0	0	0	0	-1	1	0	0	0	0	0	0	0	0	1	1	-1	1	1	-1	0	1	0	0	1	0	1	1	0	-1	-1	1	0	-1	-1	1	1	46.5	43	23	79.2	178	37	0.9149	4.865	NA	NA	NA
KUV44491_1	1	-1	0	0	1	0	0	0	0	0	0	0	-1	1	0	0	0	0	0	0	0	0	1	1	-1	1	1	-1	0	1	0	0	1	0	1	1	0	-1	-1	1	0	-1	-1	1	1	46.5	43	23	79.2	178	37	0.9139	4.92	NA	NA	NA
WP_044721758_1	1	-1	0	0	1	0	0	0	0	0	0	0	-1	1	0	0	0	0	0	0	0	0	1	1	-1	1	1	-1	0	1	0	0	1	0	1	1	0	-1	-1	1	0	-1	-1	1	1	46.5	43	23	79.2	178	37	0.9187	4.906	NA	NA	NA
WP_024248252_1	1	-1	0	0	1	0	0	0	0	0	0	0	-1	1	0	0	0	0	0	0	0	0	1	1	-1	1	1	-1	0	1	0	0	1	0	1	1	0	-1	-1	1	0	-1	-1	1	1	46.5	43	23	79.2	178	37	0.9021	5.658	NA	NA	NA
PJX96234_1	1	-1	0	0	1	0	0	0	0	0	0	0	-1	1	0	0	0	0	0	0	0	0	1	1	-1	1	1	-1	0	1	0	0	1	0	1	1	0	-1	-1	1	0	-1	-1	1	1	46.5	43	23	79.2	178	37	0.9132	4.855	NA	NA	NA
WP_032288214_1	1	-1	0	0	1	0	0	0	0	0	0	0	-1	1	0	0	0	0	0	0	0	0	1	1	-1	1	1	-1	0	1	0	0	1	0	1	1	0	-1	-1	1	0	-1	-1	1	1	46.5	43	23	79.2	178	37	0.9212	4.889	NA	NA	NA
BAA05151_1	1	-1	0	0	1	0	0	0	0	0	0	0	-1	1	0	0	0	0	0	0	0	0	1	1	-1	1	1	-1	0	1	0	0	1	0	1	1	0	-1	-1	1	0	-1	-1	1	1	46.5	43	23	77	178	41	0.9126	4.801	NA	NA	NA
PJD43546_1	1	-1	0	0	1	0	0	0	0	0	0	0	-1	1	0	0	0	0	0	0	0	0	1	1	-1	1	1	-1	0	1	0	0	1	0	1	1	0	-1	-1	1	0	-1	-1	1	1	46.5	43	23	80.3	178	35	0.8953	5.201	NA	NA	NA
WP_061718463_1	1	-1	0	0	1	0	0	0	0	0	0	0	-1	1	0	0	0	0	0	0	0	0	1	1	-1	1	1	-1	0	1	1	0	1	0	1	1	0	-1	-1	1	0	-1	-1	1	1	46.5	43	23	81.7	175	32	0.8884	5.215	NA	NA	NA
WP_024225313_1	1	-1	0	0	1	0	0	0	0	0	0	0	-1	1	0	0	0	0	0	0	0	0	1	1	-1	1	1	-1	0	1	0	0	1	0	1	1	0	-1	-1	1	0	-1	-1	1	1	33.3	87	58	79.2	178	37	0.9072	4.894	NA	NA	NA
WP_052897076_1	1	-1	0	0	1	0	0	0	0	0	0	0	-1	1	0	0	0	0	0	0	0	0	1	1	-1	1	1	-1	0	1	0	0	1	0	1	1	0	-1	-1	1	0	-1	-1	1	1	33.3	87	58	79.2	178	37	0.902	4.87	NA	NA	NA
WP_097448258_1	1	-1	0	0	1	0	0	0	0	0	0	0	-1	1	0	0	0	0	0	0	0	0	1	1	-1	1	1	-1	0	1	0	0	1	0	1	1	0	-1	-1	1	0	-1	-1	1	1	33.3	87	58	79.2	178	37	0.9106	4.83	NA	NA	NA
WP_094315561_1	1	-1	0	0	1	0	0	0	0	0	0	0	-1	1	0	0	0	0	0	0	0	0	1	1	-1	1	1	-1	0	1	0	0	1	0	1	1	0	-1	-1	1	0	-1	-1	1	1	33.3	87	58	79.2	178	37	0.9105	4.907	NA	NA	NA
WP_000079696_1	1	-1	0	0	1	0	0	0	0	0	0	0	-1	1	0	0	0	0	0	0	0	0	1	1	-1	1	1	-1	0	1	0	0	1	0	1	1	0	-1	-1	1	0	-1	-1	1	1	33.3	87	58	79.2	178	37	0.9144	4.608	NA	NA	NA
WP_052892279_1	1	-1	0	0	1	0	0	0	0	0	0	0	-1	1	0	0	0	0	0	0	0	0	1	1	-1	1	1	-1	0	1	0	0	1	0	1	1	0	-1	-1	1	0	-1	-1	1	1	34.5	87	57	79.2	178	37	0.9085	4.869	NA	NA	NA
EMZ68269_1	1	-1	0	0	1	0	0	0	0	0	0	0	-1	1	0	0	0	0	0	0	0	0	1	1	-1	1	1	-1	0	1	0	0	1	0	1	1	0	-1	-1	1	0	-1	-1	1	1	33.3	87	58	79.2	178	37	0.9091	4.875	NA	NA	NA
SQP26407_1	1	-1	0	0	1	0	0	0	0	0	0	0	-1	1	0	0	0	0	0	0	0	0	1	1	-1	1	1	-1	0	1	0	0	1	0	1	1	0	-1	-1	1	0	-1	-1	1	1	33.3	87	58	79.2	178	37	0.9079	4.952	NA	NA	NA
CAA85351_1	1	-1	0	0	1	0	0	0	0	0	0	0	-1	1	0	0	0	0	0	0	0	0	1	1	-1	1	1	-1	0	1	0	0	1	0	1	1	0	-1	-1	1	0	-1	-1	1	1	33.3	87	58	79.2	178	37	0.9048	4.921	NA	NA	NA
WP_106927893_1	1	-1	0	0	1	0	0	0	0	0	0	0	-1	1	0	0	0	0	0	0	0	0	1	1	-1	1	1	-1	0	1	0	0	1	0	1	1	0	-1	-1	1	0	-1	-1	1	1	46.5	43	23	81.1	175	33	0.9159	4.833	NA	NA	NA
WP_110248641_1	1	-1	0	0	1	0	0	0	0	0	0	0	0	0	0	0	0	0	0	0	0	0	1	1	-1	1	1	-1	0	1	1	0	1	0	1	0	1	-1	-1	1	0	0	-1	1	1	43	86	49	87.1	178	23	0.907	4.969	NA	NA	NA
AAA23798_1	1	-1	0	0	1	0	0	0	0	0	0	0	-1	1	0	0	0	0	0	0	0	0	1	1	-1	1	1	-1	0	1	0	0	1	0	1	1	0	-1	-1	1	0	-1	-1	1	1	46.5	43	23	79.8	178	36	0.9151	4.934	NA	NA	NA
EKH26188_1	1	-1	0	0	1	0	0	0	0	0	0	0	-1	1	0	0	0	0	0	0	0	0	1	1	-1	1	1	-1	0	1	0	0	1	0	1	1	0	-1	-1	1	0	-1	-1	1	1	46.5	43	23	79.8	178	36	0.9211	4.885	NA	NA	NA
EIP55514_1	1	-1	0	0	1	0	0	0	0	0	0	0	-1	1	0	0	0	0	0	0	0	0	1	1	-1	1	1	-1	0	1	0	0	1	0	1	1	0	-1	-1	1	0	-1	-1	1	1	46.5	43	23	79.8	178	36	0.9103	4.893	NA	NA	NA
AAB17947_1	1	-1	0	0	1	0	0	0	0	0	0	0	-1	1	0	0	0	0	0	0	0	0	1	1	-1	1	1	-1	0	1	0	0	1	0	1	1	0	-1	-1	1	0	-1	-1	1	1	46.5	43	23	80.3	178	35	0.9169	4.912	NA	NA	NA
WP_000079719_1	1	-1	0	0	1	0	0	0	0	0	0	0	-1	1	0	0	0	0	0	0	0	0	1	1	-1	1	1	-1	0	1	0	0	1	0	1	1	0	-1	-1	1	0	-1	-1	1	1	46.5	43	23	79.8	178	36	0.9171	4.943	NA	NA	NA
WP_001503072_1	1	-1	0	0	1	0	0	0	0	0	0	0	-1	1	0	0	0	0	0	0	0	0	1	1	-1	1	1	-1	0	1	0	0	1	0	1	1	0	-1	-1	1	0	-1	-1	1	1	46.5	43	23	79.8	178	36	0.9025	4.92	NA	NA	NA
EYW18015_1	1	-1	0	0	1	0	0	0	0	0	0	0	-1	1	0	0	0	0	0	0	0	0	1	1	-1	1	1	-1	0	1	0	0	1	0	1	1	0	-1	-1	1	0	-1	-1	1	1	46.5	43	23	79.8	178	36	0.9111	4.938	NA	NA	NA
WP_096261149_1	1	-1	0	0	1	0	0	0	0	0	0	0	-1	1	0	0	0	0	0	0	0	0	1	1	-1	1	1	-1	0	1	0	0	1	0	1	1	0	-1	-1	1	0	-1	-1	1	1	44.2	43	24	79.8	178	36	0.9173	4.924	NA	NA	NA
CTY00096_1	1	-1	0	0	1	0	0	0	0	0	0	0	-1	1	0	0	0	0	0	0	0	0	1	1	-1	1	1	-1	0	1	0	0	1	0	1	1	0	-1	-1	1	0	-1	-1	1	1	46.5	43	23	79.8	178	36	0.9168	4.89	NA	NA	NA
WP_115454314_1	1	-1	0	0	1	0	0	0	0	0	0	0	-1	1	0	0	0	0	0	0	0	0	1	1	-1	1	1	-1	0	1	0	0	1	0	1	1	0	-1	-1	1	0	-1	-1	1	1	46.5	43	23	79.2	178	37	0.9027	5.054	NA	NA	NA
ELD64103_1	1	-1	0	0	1	0	0	0	0	0	0	0	-1	1	0	0	0	0	0	0	0	0	1	1	-1	1	1	-1	0	1	0	0	1	0	1	1	0	-1	-1	1	0	-1	-1	1	1	46.5	43	23	79.8	178	36	0.9198	4.919	NA	NA	NA
WP_057699491_1	1	-1	0	0	1	0	0	0	0	0	1	0	-1	1	0	0	0	0	0	0	0	0	1	1	-1	1	1	-1	0	1	0	0	0	0	1	1	0	-1	-1	1	0	-1	-1	1	1	46.5	43	23	79.2	178	37	0.9188	4.905	NA	NA	NA
WP_115447636_1	1	-1	0	0	1	0	0	0	0	0	0	0	-1	1	0	0	0	0	0	0	0	0	1	1	-1	1	1	-1	0	1	0	0	1	0	1	1	0	-1	-1	1	0	-1	-1	1	1	46.5	43	23	79.8	178	36	0.9105	4.939	NA	NA	NA
PSX60053_1	1	-1	0	0	1	0	0	0	0	0	0	0	-1	1	0	0	0	0	0	0	0	0	1	1	-1	1	1	-1	0	1	0	0	1	0	1	1	0	-1	-1	1	0	-1	-1	1	1	46.5	43	23	79.8	178	36	0.9267	4.858	NA	NA	NA
WP_001507853_1	1	-1	0	0	1	0	0	0	0	0	0	0	-1	1	0	0	0	0	0	0	0	0	1	1	-1	1	1	-1	0	1	0	0	1	0	1	1	0	-1	-1	1	0	-1	-1	1	1	46.5	43	23	79.8	178	36	0.919	4.79	NA	NA	NA
KOZ41207_1	1	-1	0	0	1	0	0	0	0	0	0	0	-1	1	0	0	0	0	0	0	0	0	1	1	-1	1	1	-1	0	1	0	0	1	0	1	1	0	-1	-1	1	0	-1	-1	1	1	46.5	43	23	79.8	178	36	0.9031	5.073	NA	NA	NA
WP_001501953_1	1	-1	0	0	1	0	0	0	0	0	0	0	-1	1	0	0	0	0	0	0	0	0	1	1	-1	1	1	-1	0	1	0	0	1	0	1	1	0	-1	-1	1	0	-1	-1	1	1	46.5	43	23	79.8	178	36	0.9263	4.863	NA	NA	NA
AAG56938_1	1	-1	0	0	1	0	0	0	0	0	0	0	-1	1	0	0	0	0	0	0	0	0	1	1	-1	1	1	-1	0	1	0	0	1	0	1	1	0	-1	-1	1	0	-1	-1	1	1	46.5	43	23	79.8	178	36	NA	NA	NA	NA	NA
WP_000079688_1	1	-1	0	0	1	0	0	0	0	0	0	0	-1	1	0	0	0	0	0	0	0	0	1	1	-1	1	1	-1	0	1	0	0	1	0	1	1	0	-1	-1	1	0	-1	-1	1	1	46.5	43	23	79.8	178	36	0.922	4.925	NA	NA	NA
AAF71896_1	1	-1	0	0	1	0	0	0	0	0	0	0	-1	1	0	0	0	0	0	0	0	0	1	1	-1	1	1	-1	0	1	0	0	1	0	1	1	0	-1	-1	1	0	-1	-1	1	1	46.5	43	23	79.8	178	36	0.9213	4.855	NA	NA	NA
OIZ02917_1	1	-1	0	0	1	0	0	0	0	0	0	0	-1	1	0	0	0	0	0	0	0	0	1	1	-1	1	1	-1	0	1	0	0	1	0	1	1	0	-1	-1	1	0	-1	-1	1	1	46.5	43	23	79.8	178	36	0.9153	4.869	NA	NA	NA
WP_033807752_1	1	-1	0	0	1	0	0	0	0	0	0	0	-1	1	0	0	0	0	0	0	0	0	1	1	-1	1	1	-1	0	1	0	0	1	0	1	1	0	-1	-1	1	0	-1	-1	1	1	46.5	43	23	79.8	178	36	0.9029	4.908	NA	NA	NA
POL81556_1	1	-1	0	0	1	0	0	0	0	0	0	0	-1	1	0	0	0	0	0	0	0	0	1	1	-1	1	1	-1	0	1	0	0	1	0	1	1	0	-1	-1	1	0	-1	-1	1	1	46.5	43	23	79.8	178	36	0.9217	4.936	NA	NA	NA
WP_113241545_1	1	-1	0	0	1	0	0	0	0	0	0	0	-1	1	0	0	0	0	0	0	0	0	1	1	-1	1	1	-1	0	1	0	0	1	0	1	1	0	-1	-1	1	0	-1	-1	1	1	46.5	43	23	79.2	178	37	0.9207	4.802	NA	NA	NA
WP_099769993_1	1	-1	0	0	1	0	0	0	0	0	0	0	-1	1	0	0	0	0	0	0	0	0	1	1	-1	1	1	-1	0	1	0	0	1	0	1	1	0	-1	-1	1	0	-1	-1	1	1	46.5	43	23	79.2	178	37	0.9096	4.933	NA	NA	NA
EQR48531_1	1	-1	0	0	1	0	0	0	0	0	0	0	-1	1	0	0	0	0	0	0	0	0	1	1	-1	1	1	-1	0	1	0	0	1	0	1	1	0	-1	-1	1	0	-1	-1	1	1	46.5	43	23	79.8	178	36	0.9144	4.927	NA	NA	NA
WP_016234446_1	1	-1	0	0	1	0	0	0	0	0	0	0	-1	1	0	0	0	0	0	0	0	0	1	1	-1	1	1	-1	0	1	0	0	1	0	1	1	0	-1	-1	1	0	-1	-1	1	1	46.5	43	23	77.5	178	37	0.9068	4.887	NA	NA	NA
AAD28518_2	1	-1	0	0	1	0	0	0	0	0	0	0	-1	1	0	0	0	0	0	0	0	0	1	1	-1	1	1	-1	0	1	0	0	1	0	1	1	0	-1	-1	1	0	-1	-1	1	1	NA	NA	NA	78.3	157	34	0.936	5.185	NA	NA	NA
ASG50333_1	1	-1	0	0	1	0	0	0	0	0	0	0	-1	1	0	0	0	0	0	0	0	0	1	1	-1	1	1	-1	0	1	0	0	1	0	1	1	0	-1	-1	1	0	-1	-1	1	1	46.5	43	23	79.8	178	36	0.9195	4.882	NA	NA	NA
AAD28528_1	1	-1	0	0	1	0	0	0	0	0	0	0	-1	1	0	0	0	0	0	0	0	0	1	1	-1	1	1	-1	0	1	0	0	1	0	1	1	0	-1	-1	1	0	-1	-1	1	1	NA	NA	NA	76.3	152	36	0.9301	5.104	NA	NA	NA
RAM41494_1	1	-1	0	0	1	0	0	0	0	0	0	0	-1	1	0	0	0	0	0	0	0	0	1	1	-1	1	1	-1	0	1	0	0	1	0	1	1	0	-1	-1	1	0	-1	-1	1	1	46.5	43	23	80.3	178	35	0.9077	6.061	NA	NA	NA
PWU41152_1	1	-1	0	0	1	0	0	0	0	0	0	0	-1	1	0	0	0	0	0	0	0	0	1	1	-1	1	1	-1	0	1	0	0	1	0	1	1	0	-1	-1	1	0	-1	-1	1	1	46.5	43	23	80.3	178	35	0.9107	6.057	NA	NA	NA
ORS69260_1	1	-1	0	0	1	0	0	0	0	0	0	0	-1	1	0	0	0	0	0	0	0	0	1	1	-1	1	1	-1	0	1	0	0	1	0	1	1	0	-1	-1	1	0	-1	-1	1	1	46.5	43	23	80	175	35	0.8991	5.13	NA	NA	NA
EZJ21628_1	1	-1	0	0	1	0	0	0	0	0	0	0	-1	1	0	0	0	0	0	0	0	0	1	1	-1	1	1	-1	0	1	0	0	1	0	1	1	0	-1	-1	1	0	-1	-1	1	1	46.5	43	23	80	175	35	0.8984	5.065	NA	NA	NA
SQU41765_1	1	-1	0	0	1	0	0	0	0	0	0	0	-1	1	0	0	0	0	0	0	0	0	1	1	-1	1	1	-1	0	1	0	0	1	0	1	1	0	-1	-1	1	0	-1	-1	1	1	46.5	43	23	80	175	35	0.9202	4.861	NA	NA	NA
WP_112979290_1	1	-1	0	0	1	0	0	0	0	0	0	0	-1	1	0	0	0	0	0	0	0	0	1	1	-1	1	1	-1	0	1	0	0	1	0	1	1	0	-1	-1	1	0	-1	-1	1	1	46.5	43	23	80	175	35	0.9278	4.817	NA	NA	NA
SQM31038_1	1	-1	0	0	1	0	0	0	0	0	0	0	-1	1	0	0	0	0	0	0	0	0	1	1	-1	1	1	-1	0	1	0	0	1	0	1	1	0	-1	-1	1	0	-1	-1	1	1	46.5	43	23	80	175	35	0.9121	4.853	NA	NA	NA
AAP13313_1	1	-1	0	0	1	0	0	0	0	0	0	0	-1	1	0	0	0	0	0	0	0	0	1	1	-1	1	1	-1	0	1	0	0	1	0	1	1	0	-1	-1	1	0	-1	-1	1	1	46.5	43	23	80	175	35	0.9244	4.849	NA	NA	NA
WP_053264486_1	1	-1	0	0	1	0	0	0	0	0	0	0	-1	1	0	0	0	0	0	0	0	0	1	1	-1	1	1	-1	0	1	0	0	1	0	1	1	0	-1	-1	1	0	-1	-1	1	1	46.5	43	23	80.6	175	34	0.9158	4.886	NA	NA	NA
ATS94113_1	1	-1	0	0	1	0	0	0	0	0	0	0	0	0	0	0	0	0	0	0	0	0	1	1	-1	1	1	-1	0	1	1	0	1	0	-1	0	1	-1	-1	1	0	-1	-1	1	1	42.9	84	48	86.5	178	24	0.8555	6.561	NA	NA	NA
WP_108085430_1	1	-1	0	0	1	0	0	0	0	0	0	0	0	0	0	0	0	0	0	0	0	0	1	1	-1	1	1	-1	0	1	1	0	1	0	-1	0	1	-1	-1	1	0	0	-1	1	1	42.1	95	51	89.9	179	18	0.9271	4.226	NA	NA	NA
OWC95930_1	1	-1	0	0	1	0	0	0	0	0	0	0	0	0	0	0	0	0	0	0	0	0	1	1	-1	1	1	-1	0	1	1	0	1	0	-1	0	1	-1	-1	1	0	0	-1	1	1	42.1	95	51	89.9	179	18	0.9254	4.244	NA	NA	NA
WP_061353988_1	1	-1	0	0	1	0	0	0	0	0	0	0	0	0	0	0	0	0	0	0	0	0	1	1	-1	1	1	-1	0	1	1	0	1	0	-1	0	1	-1	-1	1	0	0	-1	1	1	42.1	95	51	89.9	179	18	0.9252	4.249	NA	NA	NA
ELE15773_1	1	-1	0	0	1	0	0	0	0	0	0	0	0	0	0	0	0	0	0	0	0	0	1	1	-1	1	1	-1	0	1	1	0	1	0	-1	0	1	-1	-1	1	0	0	-1	1	1	42.1	95	51	89.9	179	18	0.919	4.291	NA	NA	NA
OOV70376_1	1	-1	0	0	1	0	0	0	0	0	0	0	0	0	0	0	0	0	0	0	0	0	1	1	-1	1	1	-1	0	1	1	0	1	0	-1	0	1	-1	-1	1	0	0	-1	1	1	42.1	95	51	89.9	179	18	0.9204	4.282	NA	NA	NA
WP_097444869_1	1	-1	0	0	1	0	0	0	0	0	0	0	0	0	0	0	0	0	0	0	0	0	1	1	-1	1	1	-1	0	1	1	0	1	0	-1	0	1	-1	-1	1	0	0	-1	1	1	42.1	95	51	89.9	179	18	0.9275	4.226	NA	NA	NA
BAD14977_1	1	-1	0	0	1	0	0	0	0	0	0	0	0	0	0	0	0	0	0	0	0	0	1	1	-1	1	1	-1	0	1	1	0	1	0	-1	0	1	-1	-1	1	0	0	-1	1	1	42.1	95	51	89.9	179	18	0.9253	4.255	NA	NA	NA
WP_115601821_1	1	-1	0	0	1	0	0	0	0	0	0	0	0	0	0	0	0	0	0	0	0	0	1	1	-1	1	1	-1	-1	1	0	0	1	0	-1	0	1	-1	-1	1	0	0	-1	1	1	41.6	89	52	91.1	179	16	0.9202	4.601	NA	NA	NA
WP_087051389_1	1	-1	0	0	1	0	0	0	0	0	0	0	0	0	0	0	0	0	0	0	0	0	1	1	-1	1	1	-1	-1	1	0	0	1	0	-1	0	1	-1	-1	1	0	0	-1	1	1	37.1	89	56	91.1	179	16	0.9287	4.544	NA	NA	NA
OIZ51257_1	1	-1	0	0	1	0	0	0	0	0	0	0	0	0	0	0	0	0	0	0	0	0	1	1	-1	1	1	-1	-1	1	0	0	1	0	-1	0	1	-1	-1	1	0	0	-1	1	1	37.1	89	56	91.1	179	16	0.9251	4.577	NA	NA	NA
WP_109018029_1	1	-1	0	0	1	0	0	0	0	0	0	0	0	0	0	0	0	0	0	0	0	0	1	1	-1	1	1	-1	-1	1	0	0	1	0	-1	0	1	-1	-1	1	0	0	-1	1	1	41.9	86	50	91.1	179	16	0.9257	4.92	NA	NA	NA
KLV66844_1	1	-1	0	0	1	0	0	0	0	0	0	0	0	0	0	0	0	0	0	0	0	0	1	1	-1	1	1	-1	-1	1	0	0	1	0	-1	0	1	-1	-1	1	0	0	-1	1	1	41.9	86	50	91.7	180	15	0.9119	5.03	NA	NA	NA
WP_038641547_1	1	-1	0	0	1	0	0	0	0	0	0	0	0	0	0	0	0	0	0	0	0	0	1	1	-1	1	1	-1	-1	1	0	0	1	0	-1	0	1	-1	-1	1	0	0	-1	1	1	47.8	46	24	90.5	179	17	0.9258	4.557	NA	NA	NA
OPX48867_1	1	-1	0	0	1	0	0	0	0	0	0	0	0	0	0	0	0	0	0	0	0	0	1	1	-1	1	1	-1	-1	1	0	0	1	0	-1	0	1	-1	-1	1	0	0	-1	1	1	47.8	46	24	90.5	179	17	0.9271	4.908	NA	NA	NA
APR33004_1	1	-1	0	0	1	0	0	0	0	0	0	0	0	0	0	0	0	0	0	0	0	0	1	1	-1	1	1	-1	-1	1	0	0	1	0	-1	0	1	-1	-1	1	0	0	-1	1	1	47.8	46	24	90.5	179	17	0.9345	4.487	NA	NA	NA
SUX99679_1	1	-1	0	0	1	0	0	0	0	0	0	0	0	0	0	0	0	0	0	0	0	0	1	1	-1	1	1	-1	-1	1	0	0	1	0	-1	0	1	-1	-1	1	0	0	-1	1	1	41.9	86	50	90.5	179	17	0.9289	4.901	NA	NA	NA
OPX49714_1	1	-1	0	0	1	0	0	0	0	0	0	0	0	0	0	0	0	0	0	0	0	0	1	1	-1	1	1	-1	-1	1	0	0	1	0	-1	0	1	-1	-1	1	0	0	-1	1	1	38.2	89	55	91.1	179	16	0.9301	4.496	NA	NA	NA
ESF63752_1	1	-1	0	0	1	0	0	0	0	0	0	0	0	0	0	0	0	0	0	0	0	0	1	1	-1	1	1	-1	-1	1	1	0	1	0	-1	0	1	-1	-1	1	0	-1	-1	1	1	NA	NA	NA	98.3	179	3	0.4166	4.546	NA	NA	NA
Q549S3_StFliC	1	-1	0	0	1	0	0	0	0	0	0	0	0	0	0	0	0	0	0	0	0	0	1	1	-1	1	1	-1	-1	1	1	0	1	0	-1	0	1	-1	-1	1	0	-1	-1	1	1	46.8	47	25	98.3	179	3	0.9271	4.215	0	1	active
WP_016156836_1	1	-1	0	0	1	0	0	0	0	0	0	0	0	0	0	0	0	0	0	0	0	0	1	1	-1	1	1	-1	-1	1	0	0	1	0	-1	0	1	-1	-1	1	0	0	-1	1	1	47.8	46	24	91.1	179	16	0.9247	4.575	NA	NA	NA
WP_116360507_1	1	-1	0	0	1	0	0	0	0	0	0	0	0	0	0	0	0	0	0	0	0	0	1	1	-1	1	1	-1	-1	1	0	0	1	0	-1	0	1	-1	-1	1	0	0	-1	1	1	41.9	86	50	90.6	180	17	0.9258	4.943	NA	NA	NA
STB09497_1	1	-1	0	0	1	0	0	0	0	0	0	0	0	0	0	0	0	0	0	0	0	0	1	1	-1	1	1	-1	-1	1	0	0	1	0	-1	0	1	-1	-1	1	0	0	-1	1	1	47.8	46	24	90.5	179	17	0.9212	4.631	NA	NA	NA
PMD03381_1	1	-1	0	0	1	0	0	0	0	0	0	0	0	0	0	0	0	0	0	0	0	0	1	1	-1	1	1	-1	-1	1	0	0	1	0	-1	0	1	-1	-1	1	0	0	-1	1	1	47.8	46	24	90.5	179	17	0.9227	4.605	NA	NA	NA
OIZ55386_1	1	-1	0	0	1	0	0	0	0	0	0	0	0	0	0	0	0	0	0	0	0	0	1	1	-1	1	1	-1	-1	1	0	0	1	0	-1	0	1	-1	-1	1	0	0	-1	1	1	47.8	46	24	90.5	179	17	0.9257	4.55	NA	NA	NA
OUE50761_1	1	-1	0	0	1	0	0	0	0	0	0	0	0	0	0	0	0	0	0	0	0	0	1	1	-1	1	1	-1	-1	1	0	0	1	0	-1	0	1	-1	-1	1	0	0	-1	1	1	47.8	46	24	90.6	180	17	0.9277	4.59	NA	NA	NA
SCA42408_1	1	-1	0	0	1	0	0	0	0	0	0	0	0	0	0	0	0	0	0	0	0	0	1	1	-1	1	1	-1	-1	1	0	0	1	0	-1	0	1	-1	-1	1	0	0	-1	1	1	41.9	86	50	90.6	180	17	0.9219	4.983	NA	NA	NA
EIQ75074_1	1	-1	0	0	1	0	0	0	0	0	0	0	0	0	0	0	0	0	0	0	0	0	1	1	-1	1	1	-1	-1	1	0	0	1	0	-1	0	1	-1	-1	1	0	0	-1	1	1	47.8	46	24	90.6	180	17	0.9202	4.97	NA	NA	NA
WP_040232444_1	1	-1	0	0	1	0	0	0	0	0	0	0	0	0	0	0	0	0	0	0	0	0	1	1	-1	1	1	-1	-1	1	0	0	1	0	-1	0	1	-1	-1	1	0	0	-1	1	1	40.7	86	51	90.6	180	17	0.9233	5.798	NA	NA	NA
WP_100194506_1	1	-1	0	0	1	0	0	0	0	0	0	0	0	0	0	0	0	0	0	0	0	0	1	1	-1	1	1	-1	-1	1	0	0	1	0	-1	0	1	-1	-1	1	0	0	-1	1	1	41.9	86	50	90.6	180	17	0.9249	5.777	NA	NA	NA
ATX95805_1	1	-1	0	0	1	0	0	0	0	0	0	0	0	0	0	0	0	0	0	0	0	0	1	1	-1	1	1	-1	-1	1	0	0	1	0	-1	0	1	-1	-1	1	0	0	-1	1	1	41.9	86	50	90.6	180	17	0.9228	4.992	NA	NA	NA
WP_061068104_1	1	-1	0	0	1	0	0	0	0	0	0	0	0	0	0	0	0	0	0	0	0	0	1	1	-1	1	1	-1	-1	1	0	0	1	0	-1	0	1	-1	-1	1	0	0	-1	1	1	40.7	86	51	90.5	179	17	0.9246	4.91	NA	NA	NA
WP_069324711_1	1	-1	0	0	1	0	0	0	0	0	0	0	0	0	0	0	0	0	0	0	0	0	1	1	-1	1	1	-1	-1	1	0	0	1	0	-1	0	1	-1	-1	1	0	0	-1	1	1	39.5	86	52	91.1	179	16	0.9266	4.933	NA	NA	NA
OUE72005_1	1	-1	0	0	1	0	0	0	0	0	0	0	0	0	0	0	0	0	0	0	0	0	1	1	-1	1	1	-1	-1	1	0	0	1	0	-1	0	1	-1	-1	1	0	0	-1	1	1	40.4	89	53	90.6	180	17	0.9272	4.665	NA	NA	NA
CAA27130_1	1	-1	0	0	1	0	0	0	0	0	0	0	0	0	0	0	0	0	0	0	0	0	1	1	-1	1	1	-1	-1	1	1	0	1	0	-1	0	1	-1	-1	1	0	-1	-1	1	1	41.9	86	50	96.1	179	7	0.8985	6.358	NA	NA	NA
RHG44808_1	1	-1	0	0	1	0	0	0	0	0	0	0	0	0	0	0	0	0	0	0	0	0	1	1	-1	1	1	-1	0	1	1	0	1	0	-1	0	1	-1	-1	1	0	-1	-1	1	1	46.7	45	24	81.1	175	33	0.8906	5.153	NA	NA	NA
WP_109396453_1	1	-1	0	0	1	0	0	0	0	0	0	0	0	0	-1	0	0	0	0	0	0	0	1	1	-1	1	1	-1	0	1	1	0	1	0	1	0	1	-1	-1	1	0	0	-1	1	1	48.8	43	22	75.4	171	41	0.9052	6.27	NA	NA	NA
WP_115349977_1	1	-1	0	0	1	0	0	0	0	0	0	0	0	1	-1	0	0	0	0	0	0	0	1	1	-1	1	1	-1	0	1	1	0	1	0	1	1	1	-1	-1	1	0	0	-1	1	1	48.8	43	22	74.9	171	42	0.9099	6.256	NA	NA	NA
WP_109400744_1	1	-1	0	0	1	0	0	0	0	0	0	0	0	1	-1	0	0	0	0	0	0	0	1	1	-1	1	1	-1	0	1	1	0	1	0	1	1	1	-1	-1	1	0	0	-1	1	1	48.8	43	22	74.6	173	43	0.9194	5.974	NA	NA	NA
AUU35724_1	1	-1	0	0	1	0	0	0	0	0	0	0	0	1	-1	0	0	0	0	0	0	0	1	1	-1	1	1	-1	0	1	1	0	1	0	1	1	1	-1	-1	1	0	0	-1	1	1	48.8	43	22	74.3	171	43	0.9158	6.195	NA	NA	NA
WP_060555538_1	1	-1	0	0	1	0	0	0	0	0	0	0	0	1	-1	0	0	0	0	0	0	0	1	1	-1	1	1	-1	0	1	1	0	1	0	1	1	1	-1	-1	1	0	0	-1	1	1	48.8	43	22	74.3	171	43	0.9106	6.214	NA	NA	NA
OOQ51728_1	1	-1	0	0	1	0	0	0	0	0	0	0	0	1	-1	0	0	0	0	0	0	0	1	1	-1	1	1	-1	0	1	1	0	1	0	1	1	1	-1	-1	1	0	0	-1	1	1	48.8	43	22	74.3	171	43	0.908	6.249	NA	NA	NA
PXA29470_1	1	-1	0	0	1	0	0	0	0	0	0	0	0	1	-1	0	0	0	0	0	0	0	1	1	-1	1	1	-1	0	1	1	0	1	0	1	1	1	-1	-1	1	0	0	-1	1	1	48.8	43	22	74.3	171	43	0.9033	6.249	NA	NA	NA
EKA98415_1	1	-1	0	0	1	0	0	0	0	0	0	0	0	1	-1	0	0	0	0	0	0	0	1	1	-1	1	1	-1	0	1	1	0	1	0	1	1	1	-1	-1	1	0	0	-1	1	1	46.5	43	23	74.3	171	43	0.9111	6.237	NA	NA	NA
WP_060961259_1	1	-1	0	0	1	0	0	0	0	0	0	0	0	1	-1	0	0	0	0	0	0	0	1	1	-1	1	1	-1	0	1	1	0	1	0	1	1	1	-1	-1	1	0	0	-1	1	1	48.8	43	22	74.3	171	43	0.9069	6.248	NA	NA	NA
WP_071425510_1	1	-1	0	0	1	0	0	0	0	0	0	0	0	1	-1	0	0	0	0	0	0	0	1	1	-1	1	1	-1	0	1	1	0	1	0	1	1	1	-1	-1	1	0	0	-1	1	1	48.8	43	22	74.3	171	43	0.9025	6.267	NA	NA	NA
ATN00196_1	1	-1	0	0	1	0	0	0	0	0	0	0	0	0	-1	0	0	0	0	0	0	0	1	1	-1	1	1	-1	0	1	1	0	1	0	1	0	1	-1	-1	1	0	0	-1	1	1	48.8	43	22	76	171	40	0.9147	6.216	NA	NA	NA
OAH95658_1	1	-1	0	0	1	0	0	0	0	0	0	0	0	0	0	0	0	0	0	0	0	0	1	1	-1	1	1	-1	0	1	1	0	1	0	1	1	1	-1	-1	1	0	0	-1	1	1	46.5	43	23	60.8	171	66	0.9098	6.23	NA	NA	NA
EKA99887_1	1	-1	0	0	1	0	0	0	0	0	0	0	0	0	0	0	0	0	0	0	0	0	1	1	-1	1	1	-1	0	1	1	0	1	0	1	1	1	-1	-1	1	0	0	-1	1	1	46.5	43	23	60.8	171	66	0.9093	6.23	NA	NA	NA
WP_036969874_1	1	-1	0	0	1	0	0	0	0	0	0	0	0	0	0	0	0	0	0	0	0	0	1	1	-1	1	1	-1	0	1	1	0	1	0	1	1	1	-1	-1	1	0	0	-1	1	1	46.5	43	23	60.8	171	66	0.8908	6.335	NA	NA	NA
WP_049213401_1	NA	-1	0	0	1	0	0	0	0	0	0	0	0	0	0	0	0	0	0	0	0	0	NA	1	-1	1	1	-1	0	1	1	0	1	0	1	1	1	-1	-1	1	0	0	-1	1	NA	NA	NA	NA	60.8	171	66	0.8949	6.873	NA	NA	NA
SUC08244_1	1	-1	0	0	1	0	0	0	0	0	0	0	0	0	0	0	0	0	0	0	0	0	1	1	-1	1	1	-1	0	1	1	0	1	0	1	1	1	-1	-1	1	0	0	-1	1	1	46.5	43	23	60.8	171	66	0.9037	6.351	NA	NA	NA
sp|P42273_1|FLIC2_PROMI	1	-1	0	0	1	0	0	0	0	0	0	0	0	0	0	0	0	0	0	0	0	0	1	1	-1	1	1	-1	0	1	1	0	1	0	1	1	1	-1	-1	1	0	0	-1	1	1	46.5	43	23	60.8	171	66	NA	NA	NA	NA	NA
WP_036900189_1	1	-1	0	0	1	0	0	0	0	0	0	0	0	1	-1	0	0	0	0	0	0	0	1	1	-1	1	1	-1	0	1	1	0	1	0	1	1	1	-1	-1	1	0	0	-1	1	1	46.5	43	23	74.9	171	42	0.9102	6.231	NA	NA	NA
AND12717_1	1	-1	0	0	1	0	0	0	0	0	0	0	0	0	0	0	0	0	0	0	0	0	1	1	-1	1	1	-1	0	1	1	0	1	0	1	1	1	-1	-1	1	0	0	-1	1	1	46.5	43	23	60.8	171	66	0.901	6.262	NA	NA	NA
WP_049236280_1	1	-1	0	0	1	0	0	0	0	0	0	0	0	0	0	0	0	0	0	0	0	0	1	1	-1	1	1	-1	0	1	1	0	1	0	1	1	1	-1	-1	1	0	0	-1	1	1	46.5	43	23	59.7	176	70	0.9056	6.236	NA	NA	NA
ARA23413_1	1	-1	0	0	1	0	0	0	0	0	0	0	0	0	0	0	0	0	0	0	0	0	1	1	-1	1	1	-1	0	1	1	0	1	0	1	1	1	-1	-1	1	0	0	-1	1	1	46.5	43	23	59.7	176	70	0.9137	6.213	NA	NA	NA
AUU35723_1	1	-1	0	0	1	0	0	0	0	0	0	0	0	0	0	0	0	0	0	0	0	0	1	1	-1	1	1	-1	0	1	1	0	1	0	1	1	1	-1	-1	1	0	0	-1	1	1	46.5	43	23	59.7	176	70	0.9063	6.264	NA	NA	NA
WP_049199564_1	NA	-1	0	0	1	0	0	0	0	0	0	0	0	0	0	0	0	0	0	0	0	0	NA	1	-1	1	1	-1	0	1	1	0	1	0	1	1	1	-1	-1	1	0	0	-1	1	NA	NA	NA	NA	59.7	176	70	0.9184	6.782	NA	NA	NA
KSW18141_1	1	-1	0	0	1	0	0	0	0	0	0	0	0	0	0	0	0	0	0	0	0	0	1	1	-1	1	1	-1	0	1	1	0	1	0	1	1	1	-1	-1	1	0	0	-1	1	1	46.5	43	23	59.7	176	70	0.9036	6.26	NA	NA	NA
KXC00671_1	1	-1	0	0	1	0	0	0	0	0	0	0	0	0	0	0	0	0	0	0	0	0	1	1	-1	1	1	-1	0	1	1	0	1	0	1	1	1	-1	-1	1	0	0	-1	1	1	46.5	43	23	59.7	176	70	0.8121	6.232	NA	NA	NA
WP_049203467_1	1	-1	0	0	1	0	0	0	0	0	0	0	0	0	0	0	0	0	0	0	0	0	1	1	-1	1	1	-1	0	1	1	0	1	0	1	1	1	-1	-1	1	0	0	-1	1	1	46.5	43	23	59.7	176	70	0.9121	6.229	NA	NA	NA
WP_017827780_1	1	-1	0	0	1	0	0	0	0	0	0	0	0	0	0	0	0	0	0	0	0	0	1	1	-1	1	1	-1	0	1	1	0	1	0	1	1	1	-1	-1	1	0	0	-1	1	1	46.5	43	23	59.7	176	70	0.9062	6.257	NA	NA	NA
WP_049216850_1	NA	-1	0	0	1	0	0	0	0	0	0	0	0	0	0	0	0	0	0	0	0	0	NA	1	-1	1	1	-1	0	1	1	0	1	0	1	1	1	-1	-1	1	0	0	-1	1	NA	NA	NA	NA	73.3	176	46	0.9282	6.698	NA	NA	NA
SUC07083_1	1	-1	0	0	1	0	0	0	0	0	0	0	0	0	0	0	0	0	0	0	0	0	1	1	-1	1	1	-1	0	1	1	0	1	0	1	1	1	-1	-1	1	0	0	-1	1	1	46.5	43	23	71.6	176	49	0.9026	6.265	NA	NA	NA
EEI48859_1	1	-1	0	0	1	0	0	0	0	0	0	0	0	0	0	0	0	0	0	0	0	0	1	1	-1	1	1	-1	0	1	1	0	1	0	1	1	1	-1	-1	1	0	0	-1	1	1	46.5	43	23	59.7	176	70	0.8154	6.199	NA	NA	NA
PCQ35271_1	1	-1	0	0	1	0	0	0	0	0	0	0	0	0	0	0	0	0	0	0	0	1	1	1	-1	1	1	-1	0	1	1	0	1	0	1	1	1	-1	-1	1	0	0	-1	1	1	46.5	43	23	59.7	176	70	0.8822	6.369	NA	NA	NA
WP_049197456_1	1	-1	0	0	1	0	0	0	0	0	0	0	0	0	0	0	0	0	0	0	0	0	1	1	-1	1	1	-1	0	1	1	0	1	0	1	1	1	-1	-1	1	0	0	-1	1	1	46.5	43	23	60.8	171	66	0.9101	6.24	NA	NA	NA
WP_060555106_1	1	-1	0	0	1	0	0	0	0	0	0	0	0	0	0	0	0	0	0	0	0	0	1	1	-1	1	1	-1	0	1	1	0	1	0	1	1	1	-1	-1	1	0	0	-1	1	1	46.5	43	23	59.7	176	70	0.9094	6.23	NA	NA	NA
OOQ51729_1	1	-1	0	0	1	0	0	0	0	0	0	0	0	0	0	0	0	0	0	0	0	0	1	1	-1	1	1	-1	0	1	1	0	1	0	1	1	1	-1	-1	1	0	0	-1	1	1	46.5	43	23	60.8	171	66	0.9021	6.267	NA	NA	NA
RCE53073_1	1	-1	0	0	1	0	0	0	0	0	0	0	0	1	-1	0	0	0	0	0	0	0	1	1	-1	1	1	-1	0	1	1	0	1	0	1	1	1	-1	-1	1	0	0	-1	1	1	48.8	43	22	74.3	171	43	0.9112	6.206	NA	NA	NA
WP_060558625_1	1	-1	0	0	1	0	0	0	0	0	0	0	0	1	-1	0	0	0	0	0	0	0	1	1	-1	1	1	-1	0	1	1	0	1	0	1	1	1	-1	-1	1	0	0	-1	1	1	48.8	43	22	74.3	171	43	0.8998	6.251	NA	NA	NA
WP_107034206_1	1	-1	0	0	1	0	0	0	0	0	0	0	0	1	-1	0	0	0	0	0	0	0	1	1	-1	1	1	-1	0	1	1	0	1	0	1	1	1	-1	-1	1	0	0	-1	1	1	48.8	43	22	74.3	171	43	0.9064	6.24	NA	NA	NA
sp|P42272_3|FLIC1_PROMI	1	-1	0	0	1	0	0	0	0	0	0	0	0	1	0	0	0	0	0	0	0	0	1	1	-1	1	1	-1	0	1	1	0	1	0	1	1	1	-1	-1	1	0	0	-1	1	1	48.8	43	22	73.7	171	44	NA	NA	NA	NA	NA
WP_088206605_1	1	-1	0	0	1	0	0	0	0	0	0	0	0	0	0	0	0	0	0	0	0	0	1	1	-1	1	1	-1	0	1	1	0	1	0	1	1	1	-1	-1	1	0	0	-1	1	1	46.5	43	23	61.4	171	65	0.8981	6.29	NA	NA	NA
AWR58090_1	1	-1	0	0	1	0	0	0	0	0	0	0	0	0	0	0	0	0	0	0	0	0	1	1	-1	1	1	-1	0	1	1	0	1	0	1	1	1	-1	-1	1	0	0	-1	1	1	46.5	43	23	61.4	171	65	0.9102	6.23	NA	NA	NA
EKA98416_1	1	-1	0	0	1	0	0	0	0	0	0	0	0	0	0	0	0	0	0	0	0	0	1	1	-1	1	1	-1	0	1	1	0	1	0	1	1	1	-1	-1	1	0	0	-1	1	1	46.5	43	23	60.8	171	66	0.9074	6.214	NA	NA	NA
WP_049210617_1	1	-1	0	0	1	0	0	0	0	0	0	0	0	0	0	0	0	0	0	0	0	0	1	1	-1	1	1	-1	0	1	1	0	1	0	1	1	1	-1	-1	1	0	0	-1	1	1	46.5	43	23	59.7	176	70	0.9122	6.207	NA	NA	NA
KKC61091_1	1	-1	0	0	1	0	0	0	0	0	0	0	0	0	0	0	0	0	0	0	0	0	1	1	-1	1	1	-1	0	1	1	0	1	0	1	1	1	-1	-1	1	0	0	-1	1	1	46.5	43	23	59.7	176	70	0.9011	6.269	NA	NA	NA
WP_063108395_1	1	-1	0	0	1	0	0	0	0	0	0	0	0	0	0	0	0	0	0	0	0	0	1	1	-1	1	1	-1	0	1	1	0	1	0	1	1	1	-1	-1	1	0	0	-1	1	1	46.5	43	23	60.8	171	66	0.9116	6.211	NA	NA	NA
WP_107034207_1	1	-1	0	0	1	0	0	0	0	0	0	0	0	0	0	0	0	0	0	0	0	0	1	1	-1	1	1	-1	0	1	1	0	1	0	1	1	1	-1	-1	1	0	0	-1	1	1	46.5	43	23	60.8	171	66	0.9047	6.24	NA	NA	NA
WP_060558626_1	1	-1	0	0	1	0	0	0	0	0	0	0	0	0	0	0	0	0	0	0	0	0	1	1	-1	1	1	-1	0	1	1	0	1	0	1	1	1	-1	-1	1	0	0	-1	1	1	46.5	43	23	60.8	171	66	0.9076	6.217	NA	NA	NA
KKC61092_1	1	-1	0	0	1	0	0	0	0	0	0	0	0	1	-1	0	0	0	0	0	0	0	1	1	-1	1	1	-1	0	1	1	0	1	0	1	1	1	-1	-1	1	0	0	-1	1	1	48.8	43	22	74.3	171	43	0.914	6.224	NA	NA	NA
CRL60397_1	1	-1	0	0	1	0	0	0	0	0	0	0	0	1	-1	0	0	0	0	0	0	0	1	1	-1	1	1	-1	0	1	1	0	1	0	1	1	1	-1	-1	1	0	0	-1	1	1	48.8	43	22	74.9	171	42	0.9181	6.192	NA	NA	NA
WP_109391448_1	1	-1	0	0	1	0	0	0	0	0	0	0	0	0	-1	0	0	0	0	0	0	0	1	1	-1	1	1	-1	0	1	1	0	1	0	1	0	1	-1	-1	1	0	0	-1	1	1	48.8	43	22	76	171	40	0.8935	6.313	NA	NA	NA
WP_109418902_1	1	-1	0	0	1	0	0	0	0	0	0	0	0	0	-1	0	0	0	0	0	0	0	1	1	-1	1	1	-1	0	1	1	0	1	0	1	0	1	-1	-1	1	0	0	-1	1	1	48.8	43	22	75.4	171	41	0.9068	6.238	NA	NA	NA
WP_109395118_1	1	-1	0	0	1	0	0	0	0	0	0	0	0	0	-1	0	0	0	0	0	0	0	1	1	-1	1	1	-1	0	1	1	0	1	0	1	0	1	-1	-1	1	0	0	-1	1	1	48.8	43	22	75.4	171	41	0.9006	6.289	NA	NA	NA
SUC17311_1	1	-1	0	0	1	0	0	0	0	0	0	0	0	0	-1	0	0	0	0	0	0	0	1	1	-1	1	1	-1	0	1	1	0	1	0	1	0	1	-1	-1	1	0	0	-1	1	1	48.8	43	22	75.4	171	41	0.9089	6.226	NA	NA	NA
SPZ03148_1	1	-1	0	0	1	0	0	0	0	0	0	0	0	1	-1	0	0	0	0	0	0	0	1	1	-1	1	1	-1	0	1	1	0	1	0	1	1	1	-1	-1	1	0	0	-1	1	1	48.8	43	22	74.3	171	43	0.917	6.185	NA	NA	NA
ARX34433_1	1	-1	0	0	1	0	0	0	0	0	0	0	0	1	-1	0	0	0	0	0	0	0	1	1	-1	1	1	-1	0	1	1	0	1	0	1	1	1	-1	-1	1	0	0	-1	1	1	48.8	43	22	74.3	171	43	0.9134	6.174	NA	NA	NA
WP_049197457_1	1	-1	0	0	1	0	0	0	0	0	0	0	0	1	-1	0	0	0	0	0	0	0	1	1	-1	1	1	-1	0	1	1	0	1	0	1	1	1	-1	-1	1	0	0	-1	1	1	48.8	43	22	74.3	171	43	0.9074	6.239	NA	NA	NA
ATN00197_1	1	-1	0	0	1	0	0	0	0	0	0	0	0	0	-1	0	0	0	0	0	0	0	1	1	-1	1	1	-1	0	1	1	0	1	0	1	0	1	-1	-1	1	0	0	-1	1	1	44.7	47	26	72.4	170	47	0.9315	5.57	NA	NA	NA
WP_109407793_1	1	-1	0	0	1	0	0	0	0	0	0	0	0	0	-1	0	0	0	0	0	0	0	1	1	-1	1	1	-1	0	1	1	0	1	0	1	0	1	-1	-1	1	0	0	-1	1	1	44.2	43	24	75.9	170	41	0.9257	5.61	NA	NA	NA
WP_104459748_1	1	-1	0	0	1	0	0	0	0	0	0	0	0	1	-1	0	0	0	0	0	0	0	1	1	-1	1	1	-1	0	1	1	0	1	0	1	1	1	-1	-1	1	0	0	-1	1	1	48.8	43	22	74.3	171	43	0.915	6.181	NA	NA	NA
AND12716_1	1	-1	0	0	1	0	0	0	0	0	0	0	0	0	-1	0	0	0	0	0	0	0	1	1	-1	1	1	-1	0	1	1	0	1	0	1	0	1	-1	-1	1	0	0	-1	1	1	48.8	43	22	75.7	173	41	0.9147	6.611	NA	NA	NA
AWR58089_1	1	-1	0	0	1	0	0	0	0	0	0	0	0	0	-1	0	0	0	0	0	0	0	1	1	-1	1	1	-1	0	1	1	0	1	0	1	0	1	-1	-1	1	0	0	-1	1	1	48.8	43	22	75.7	173	41	0.9183	6.203	NA	NA	NA
WP_066746385_1	1	-1	0	0	1	0	0	0	0	0	0	0	0	0	-1	0	0	0	0	0	0	0	1	1	-1	1	1	-1	0	1	1	0	1	0	1	0	1	-1	-1	1	0	0	-1	1	1	46.5	43	23	74.6	173	43	0.9169	6.215	NA	NA	NA
EST58483_1	1	-1	0	0	1	0	0	0	0	0	0	0	0	0	-1	0	0	0	0	0	0	0	1	1	-1	1	1	-1	0	1	1	0	1	0	1	0	1	-1	-1	1	0	0	-1	1	1	48.8	43	22	75.7	173	41	0.9205	6.209	NA	NA	NA
ASB00423_1	1	-1	0	0	1	0	0	0	0	0	0	0	0	0	-1	0	0	0	0	0	0	0	1	1	-1	1	1	-1	0	1	1	0	1	0	1	0	1	-1	-1	1	0	0	-1	1	1	48.8	43	22	75.7	173	41	0.9154	6.223	NA	NA	NA
WP_094959495_1	1	-1	0	0	1	0	0	0	0	0	0	0	0	0	-1	0	0	0	0	0	0	0	1	1	-1	1	1	-1	0	1	1	0	1	0	1	0	1	-1	-1	1	0	0	-1	1	1	48.8	43	22	75.7	173	41	0.9221	6.195	NA	NA	NA
WP_115065462_1	1	-1	0	0	1	0	0	0	0	0	0	0	0	1	-1	0	0	0	0	0	0	0	1	1	-1	1	1	-1	0	1	1	0	1	0	1	1	1	-1	-1	1	0	0	-1	1	1	48.8	43	22	75.1	173	42	0.9113	6.254	NA	NA	NA
WP_004909974_1	1	-1	0	0	1	0	0	0	0	0	0	0	0	-1	-1	0	0	0	0	0	0	0	1	1	-1	1	1	-1	0	1	1	0	1	0	1	1	1	-1	-1	1	0	0	-1	1	1	46.7	45	24	72.8	169	45	0.9012	6.436	NA	NA	NA
WP_109407794_1	1	-1	0	0	1	0	0	0	0	0	0	0	-1	-1	-1	0	0	0	0	0	0	0	1	1	-1	1	1	-1	0	1	1	0	1	0	1	1	1	-1	-1	1	0	0	-1	1	1	44.8	87	48	73.1	175	47	0.8857	7.402	NA	NA	NA
EJO47731_1	1	-1	0	0	1	0	0	0	0	0	0	-1	0	0	0	0	0	0	0	0	0	0	1	1	-1	1	1	-1	0	1	1	0	1	1	-1	0	1	-1	-1	1	0	0	-1	1	1	36.1	83	53	73.4	158	39	0.8963	2.791	NA	NA	NA
WP_025759919_1	1	-1	0	0	1	0	0	0	0	0	0	-1	0	0	0	0	0	0	0	0	0	0	1	1	-1	1	1	-1	0	1	1	0	1	1	-1	0	1	-1	-1	1	0	0	-1	1	1	33.7	83	55	76.2	147	34	0.8903	3.067	NA	NA	NA
KVJ93029_1	1	-1	0	0	1	0	0	0	0	0	0	0	0	0	0	0	0	0	0	0	0	0	1	1	-1	1	1	-1	0	1	1	0	1	1	0	1	1	-1	-1	1	0	0	-1	1	1	40	90	54	71.1	159	42	0.9232	3.319	NA	NA	NA
WP_041909382_1	1	-1	0	0	1	0	0	0	0	0	0	0	0	0	0	0	0	0	0	0	0	0	1	1	-1	1	1	-1	0	1	1	0	1	1	0	1	1	-1	-1	1	0	0	-1	1	1	41.1	90	53	71.1	159	42	0.9351	3.211	NA	NA	NA
AHE70116_1	1	-1	0	0	1	0	0	0	0	0	0	0	0	0	0	0	0	0	0	0	0	0	1	1	-1	1	1	-1	0	1	1	0	1	1	0	1	1	-1	-1	1	0	0	-1	1	1	40	90	54	71.1	159	42	0.9321	3.236	NA	NA	NA
WP_063618404_1	1	-1	0	0	1	0	0	0	0	0	0	0	0	0	0	0	0	0	0	0	0	0	1	1	-1	1	1	-1	0	1	1	0	1	1	0	1	1	-1	-1	1	0	0	-1	1	1	40	90	54	71.1	159	42	0.9342	3.202	NA	NA	NA
WP_049000131_1	1	-1	0	0	1	0	0	0	0	0	0	0	0	0	0	0	0	0	0	0	0	0	1	1	-1	1	1	-1	0	1	1	0	1	1	0	1	1	-1	-1	1	0	0	-1	1	1	41.1	90	53	71.1	159	42	0.9295	3.265	NA	NA	NA
WP_063154953_1	1	-1	0	0	1	0	0	0	0	0	0	0	0	0	0	0	0	0	0	0	0	0	1	1	-1	1	1	-1	0	1	1	0	1	1	0	1	1	-1	-1	1	0	0	-1	1	1	41.1	90	53	71.1	159	42	0.9393	3.168	NA	NA	NA
EHM45987_1	1	-1	0	0	1	0	0	0	0	-1	0	0	0	0	0	0	0	0	0	0	0	0	1	1	-1	1	1	-1	0	1	0	1	1	0	0	0	1	-1	-1	1	0	0	-1	1	1	46.7	45	24	67.1	170	52	0.9496	3.106	NA	NA	NA
PAO24993_1	1	-1	0	0	1	0	0	0	0	0	0	0	-1	0	0	0	0	0	0	0	0	0	1	1	-1	1	1	-1	-1	1	1	0	1	0	1	0	-1	-1	-1	1	0	-1	-1	1	1	37.1	116	71	67	179	53	0.9229	2.032	NA	NA	NA
WP_065102283_1	1	-1	0	0	1	0	0	0	0	0	0	0	-1	0	0	0	0	0	0	0	0	0	1	1	-1	1	1	-1	-1	1	1	0	1	0	1	0	-1	-1	-1	1	0	-1	-1	1	1	37.1	116	71	67	179	53	0.9291	1.86	NA	NA	NA
WP_032658647_1	1	-1	0	0	1	0	0	0	0	0	0	0	-1	1	0	0	0	0	0	0	0	0	1	1	-1	1	1	-1	-1	1	0	0	1	0	1	1	-1	-1	-1	1	0	-1	-1	1	1	37.9	116	70	68.4	171	50	0.9355	1.631	NA	NA	NA
WP_048977131_1	1	-1	0	0	1	0	0	0	0	0	0	0	-1	1	0	0	0	0	0	0	0	0	1	1	-1	1	1	-1	-1	1	1	0	1	0	1	1	-1	-1	-1	1	0	-1	-1	1	1	37.9	116	70	69.1	178	49	0.9238	1.889	NA	NA	NA
WP_087855437_1	1	-1	0	0	1	0	0	0	0	0	0	0	0	0	0	0	0	0	0	0	0	0	1	1	-1	1	1	-1	-1	1	1	0	1	0	0	1	1	-1	-1	1	0	0	-1	1	1	41.1	90	53	61.9	155	59	0.8934	3.168	NA	NA	NA
WP_000079831_1	1	-1	0	0	1	0	0	0	0	0	0	0	-1	0	0	0	0	0	0	0	0	0	1	1	-1	1	1	-1	-1	1	1	0	1	0	1	1	1	-1	-1	1	0	-1	-1	1	1	36.8	95	60	83.8	179	29	0.8989	5.524	NA	NA	NA
WP_075182065_1	1	-1	0	0	1	0	0	0	0	0	0	0	0	0	0	0	0	0	0	0	0	0	1	1	-1	1	1	-1	-1	1	1	0	1	0	1	1	1	-1	-1	1	0	0	-1	1	1	37.9	95	59	82.1	179	32	0.8916	4.697	NA	NA	NA
WP_080068203_1	1	-1	0	0	1	0	0	0	0	0	0	0	0	0	0	0	0	0	0	0	0	0	1	1	-1	1	1	-1	-1	1	1	0	1	0	1	1	1	-1	-1	1	0	0	-1	1	1	38.9	95	58	82.1	179	32	0.8965	5.485	NA	NA	NA
SSW86889_1	1	-1	0	0	1	0	0	0	0	0	0	0	0	0	0	0	0	0	0	0	0	0	1	1	-1	1	1	-1	-1	1	1	0	1	0	1	1	1	-1	-1	1	0	0	-1	1	1	38.9	95	58	82.1	179	32	0.8119	5.594	NA	NA	NA
WP_100160401_1	1	-1	0	0	1	0	0	0	0	0	0	0	-1	0	-1	0	0	0	0	0	0	0	1	1	-1	1	1	-1	0	1	1	0	1	0	1	0	1	-1	-1	1	0	0	-1	1	1	48.9	45	23	73.3	176	46	0.8867	7.36	NA	NA	NA
WP_109373771_1	1	-1	0	0	1	0	0	0	0	0	0	0	-1	0	-1	0	0	0	0	0	0	0	1	1	-1	1	1	-1	0	1	1	0	1	0	1	0	1	-1	-1	1	0	0	-1	1	1	48.9	45	23	77.6	152	33	0.9035	3.147	NA	NA	NA
WP_064483776_1	1	-1	0	0	1	0	0	0	0	0	0	0	-1	-1	0	0	0	0	0	0	0	0	1	1	-1	1	1	-1	0	1	1	0	1	0	1	1	1	-1	-1	1	0	0	-1	1	1	42.2	90	52	75.3	170	42	0.9155	5.3	NA	NA	NA
WP_036418429_1	1	-1	0	0	1	0	0	0	0	0	0	0	-1	-1	0	0	0	0	0	0	0	0	1	1	-1	1	1	-1	0	1	1	0	1	0	1	1	1	-1	-1	1	0	0	-1	1	1	42.2	90	52	75.3	170	42	0.9176	5.319	NA	NA	NA
WP_046024340_1	1	-1	0	0	1	0	0	0	0	0	0	0	-1	-1	0	0	0	0	0	0	0	0	1	1	-1	1	1	-1	0	1	1	0	1	0	1	1	1	-1	-1	1	0	0	-1	1	1	42.2	90	52	75.9	170	41	0.9005	5.471	NA	NA	NA
AGG30860_1	1	-1	0	0	1	0	0	0	0	0	0	0	-1	-1	0	0	0	0	0	0	0	0	1	1	-1	1	1	-1	0	1	1	0	1	0	1	1	1	-1	-1	1	0	0	-1	1	1	42.2	90	52	75.3	170	42	0.9143	5.37	NA	NA	NA
OVF51506_1	1	-1	0	0	1	0	0	0	0	0	0	0	-1	-1	0	0	0	0	0	0	0	0	1	1	-1	1	1	-1	0	1	1	0	1	0	1	1	1	-1	-1	1	0	0	-1	1	1	42.2	90	52	75.3	170	42	0.9093	5.39	NA	NA	NA
WP_108943347_1	1	-1	0	0	1	0	0	0	0	0	0	0	-1	-1	0	0	0	0	0	0	0	0	1	1	-1	1	1	-1	0	1	1	0	1	0	1	1	1	-1	-1	1	0	0	-1	1	1	42.2	90	52	75.3	170	42	0.9104	5.48	NA	NA	NA
REL18981_1	1	-1	0	0	1	0	0	0	0	0	0	0	-1	-1	0	0	0	0	0	0	0	0	1	1	-1	1	1	-1	0	1	1	0	1	0	1	1	1	-1	-1	1	0	0	-1	1	1	42.2	90	52	75.3	170	42	0.9134	5.42	NA	NA	NA
PCP71946_1	1	-1	0	0	1	0	0	0	0	0	0	0	-1	-1	0	0	0	0	0	0	0	0	1	1	-1	1	1	-1	0	1	1	0	1	0	1	1	1	-1	-1	1	0	0	-1	1	1	42.2	90	52	74.7	170	43	0.9191	5.335	NA	NA	NA
PLA33496_1	1	-1	0	0	1	0	0	0	0	0	0	0	-1	-1	0	0	0	0	0	0	0	0	1	1	-1	1	1	-1	0	1	1	0	1	0	1	1	1	-1	-1	1	0	0	-1	1	1	48.9	45	23	75.3	170	42	0.9169	5.391	NA	NA	NA
WP_048822160_1	1	-1	0	0	1	0	0	0	0	0	0	0	-1	-1	0	0	0	0	0	0	0	0	1	1	-1	1	1	-1	0	1	1	0	1	0	1	1	1	-1	-1	1	0	0	-1	1	1	42.2	90	52	74.7	170	43	0.9202	5.272	NA	NA	NA
WP_004240059_1	1	-1	0	0	1	0	0	0	0	0	0	0	-1	-1	0	0	0	0	0	0	0	0	1	1	-1	1	1	-1	0	1	1	0	1	0	1	1	1	-1	-1	1	0	0	-1	1	1	48.9	45	23	75.3	170	42	0.9044	5.936	NA	NA	NA
ATF53960_1	1	-1	0	0	1	0	0	0	0	0	0	0	-1	-1	0	0	0	0	0	0	0	0	1	1	-1	1	1	-1	0	1	1	0	1	0	1	1	1	-1	-1	1	0	0	-1	1	1	40.4	89	53	75.3	170	42	0.9008	5.453	NA	NA	NA
KJF77397_1	1	-1	0	0	1	0	0	0	0	0	0	0	-1	-1	0	0	0	0	0	0	0	0	1	1	-1	1	1	-1	0	1	1	0	1	0	1	1	1	-1	-1	1	0	0	-1	1	1	34.9	86	56	74.9	175	44	0.8976	7.36	NA	NA	NA
WP_054426034_1	1	-1	0	0	1	0	0	0	0	0	0	0	-1	-1	0	0	0	0	0	0	0	0	1	1	-1	1	1	-1	0	1	1	0	1	0	1	1	1	-1	-1	1	0	0	-1	1	1	42.2	45	26	74.3	175	45	0.8852	6.913	NA	NA	NA
EKT66390_1	1	-1	0	0	1	0	0	0	0	0	0	0	1	1	0	0	0	0	0	0	0	0	1	1	-1	1	1	-1	0	1	1	0	1	0	1	1	-1	-1	-1	1	0	0	-1	1	1	40.9	88	52	71.9	178	50	0.89	3.084	NA	NA	NA
WP_036965147_1	1	-1	0	0	1	0	0	0	0	0	0	0	1	0	0	0	0	0	0	0	0	0	1	1	-1	1	1	-1	0	1	1	0	1	0	1	1	-1	-1	-1	1	0	0	-1	1	1	40.9	88	52	74.7	170	43	0.9063	4.732	NA	NA	NA
EEB47392_1	1	-1	0	0	1	0	0	0	0	0	0	0	1	0	0	0	0	0	0	0	0	0	1	1	-1	1	1	-1	0	1	1	0	1	0	1	0	-1	-1	-1	1	0	0	-1	1	1	46.7	45	24	73.3	180	48	0.8943	4.407	NA	NA	NA
ETT00686_1	1	-1	0	0	1	0	0	0	0	0	0	0	1	0	0	0	0	0	0	0	0	0	1	1	-1	1	1	-1	0	1	1	0	1	0	1	0	-1	-1	-1	1	0	0	-1	1	1	46.7	45	24	75.3	170	42	0.86	6.754	NA	NA	NA
KGP45290_1	1	-1	0	0	1	0	0	0	0	0	0	0	-1	-1	0	0	0	0	0	0	0	0	1	1	-1	1	1	-1	-1	1	1	0	1	0	1	1	1	-1	-1	1	0	0	-1	1	1	38.4	86	53	76.6	175	41	0.8978	6.106	NA	NA	NA
WP_067424613_1	1	-1	0	0	1	0	0	0	0	0	0	0	-1	0	0	0	0	0	0	0	0	0	1	1	-1	1	1	-1	-1	1	1	0	1	0	1	0	1	-1	-1	1	0	0	-1	1	1	39.5	86	52	73.7	175	46	0.9018	5.685	NA	NA	NA
OBU07509_1	1	-1	0	0	1	0	0	0	0	0	0	0	-1	0	0	0	0	0	0	0	0	0	1	1	-1	1	1	-1	-1	1	1	0	1	0	1	0	1	-1	-1	1	0	0	-1	1	1	39.5	86	52	73.7	175	46	0.8937	5.662	NA	NA	NA
WP_038248752_1	1	-1	0	0	1	0	0	0	0	0	0	0	-1	0	0	0	0	0	0	0	0	0	1	1	-1	1	1	-1	0	1	1	0	1	0	1	0	1	-1	-1	1	0	0	-1	1	1	48.9	45	23	76.8	177	41	0.8912	3.457	NA	NA	NA
SUC01945_1	1	-1	0	0	1	0	0	0	0	0	0	0	-1	0	0	0	0	0	0	0	0	0	1	1	-1	1	1	-1	0	1	1	0	1	0	1	1	1	-1	-1	1	0	0	-1	1	1	41.9	86	50	74.4	180	46	0.9049	6.689	NA	NA	NA
WP_109406686_1	1	-1	0	0	1	0	0	0	0	0	0	0	-1	0	0	0	0	0	0	0	0	0	1	1	-1	1	1	-1	0	1	1	0	1	0	1	1	1	-1	-1	1	0	0	-1	1	1	45.8	48	26	73.9	180	47	0.9024	5.621	NA	NA	NA
SUC01943_1	1	-1	0	0	1	0	0	0	0	0	0	0	-1	0	0	0	0	0	0	0	0	0	1	1	-1	1	1	-1	0	1	1	0	1	0	1	1	1	-1	-1	1	0	0	-1	1	1	41.4	99	54	73.9	180	47	0.8945	5.616	NA	NA	NA
WP_109847296_1	1	-1	0	0	1	0	0	0	0	0	0	0	-1	0	0	0	0	0	0	0	0	0	1	1	-1	1	1	-1	0	1	1	0	1	0	1	1	1	-1	-1	1	0	0	-1	1	1	41.4	99	54	74.4	180	46	0.9068	5.508	NA	NA	NA
WP_109400882_1	1	NA	NA	NA	NA	NA	NA	NA	0	0	0	0	-1	0	0	0	0	0	0	0	0	0	1	NA	NA	NA	NA	NA	NA	NA	1	0	1	0	1	1	1	-1	-1	1	0	0	-1	1	1	42.2	83	48	55	80	36	NA	NA	NA	NA	NA
WP_115370832_1	1	NA	NA	NA	NA	NA	NA	NA	NA	NA	NA	0	-1	0	0	0	0	0	0	0	0	0	1	NA	NA	NA	NA	NA	NA	NA	NA	NA	NA	0	1	1	1	-1	-1	1	0	0	-1	1	1	39.8	103	58	55.4	74	33	NA	NA	NA	NA	NA
SUC01944_1	1	-1	0	0	1	0	0	0	0	0	0	0	-1	0	0	0	0	0	0	0	0	0	1	1	-1	1	1	-1	0	1	1	0	1	0	1	1	1	-1	-1	1	0	0	-1	1	1	43.2	95	54	74.2	178	46	0.9028	5.955	NA	NA	NA
XP_023292965_1	1	-1	0	0	1	0	0	0	0	0	0	0	0	0	-1	0	0	0	0	0	0	0	1	1	-1	1	1	-1	0	1	1	0	1	0	-1	0	1	-1	-1	1	0	0	-1	1	1	46.7	45	24	73.6	178	47	0.8805	4.636	NA	NA	NA
AMG69668_1	1	-1	0	0	1	0	0	0	0	0	0	0	-1	0	-1	0	0	0	0	0	0	0	1	1	-1	1	1	-1	0	1	1	0	1	0	1	1	1	-1	-1	1	0	0	-1	1	1	46.7	45	24	72.9	170	46	0.8951	3.914	NA	NA	NA
SSN06183_1	1	-1	0	0	1	0	0	0	0	0	0	0	-1	0	-1	0	0	0	0	0	0	0	1	1	-1	1	1	-1	0	1	1	0	1	0	1	1	1	-1	-1	1	0	0	-1	1	1	46.7	45	24	72.9	170	46	0.8909	3.971	NA	NA	NA
PCP71945_1	1	-1	0	0	1	0	0	0	0	0	0	0	-1	0	-1	0	0	0	0	0	0	0	1	1	-1	1	1	-1	0	1	1	0	1	0	1	1	1	-1	-1	1	0	0	-1	1	1	46.7	45	24	72.9	170	46	0.89	3.953	NA	NA	NA
REL18982_1	1	-1	0	0	1	0	0	0	0	0	0	0	-1	0	-1	0	0	0	0	0	0	0	1	1	-1	1	1	-1	0	1	1	0	1	0	1	1	1	-1	-1	1	0	0	-1	1	1	46.7	45	24	72.9	170	46	0.9001	3.894	NA	NA	NA
WP_108657303_1	1	-1	0	0	1	0	0	0	0	0	0	0	-1	0	-1	0	0	0	0	0	0	0	1	1	-1	1	1	-1	0	1	1	0	1	0	1	1	1	-1	-1	1	0	0	-1	1	1	35.7	84	54	64.4	163	58	0.8894	3.913	NA	NA	NA
WP_117064235_1	1	-1	0	0	1	0	0	0	0	0	0	0	-1	0	-1	0	0	0	0	0	0	0	1	1	-1	1	1	-1	0	1	1	0	1	0	1	1	1	-1	-1	1	0	0	-1	1	1	38.6	83	51	72.3	177	49	0.8928	3.896	NA	NA	NA
OQP28643_1	1	-1	0	0	1	0	0	0	0	0	0	0	0	1	-1	0	0	0	0	0	0	0	1	1	-1	1	1	-1	0	1	1	0	1	0	-1	1	1	-1	-1	1	0	0	-1	1	1	46.7	45	24	72	175	49	0.8809	9.879	NA	NA	NA
WP_107679385_1	1	-1	0	0	1	0	0	0	0	0	0	0	0	1	-1	0	0	0	0	0	0	0	1	1	-1	1	1	-1	0	1	1	0	1	0	-1	1	1	-1	-1	1	0	0	-1	1	1	46.7	45	24	72.6	175	48	0.8887	7.687	NA	NA	NA
WP_052927396_1	1	-1	0	0	1	0	0	0	0	0	0	0	0	0	-1	0	0	0	0	0	0	0	1	1	-1	1	1	-1	0	1	1	0	1	0	-1	1	1	-1	-1	1	0	0	-1	1	1	46.7	45	24	72.6	175	48	0.9014	3.352	NA	NA	NA
WP_036406925_1	1	-1	0	0	1	0	0	0	0	-1	0	0	-1	1	0	0	0	0	0	0	0	0	1	1	-1	1	1	-1	-1	1	1	1	1	0	1	1	-1	-1	-1	1	0	0	-1	1	1	40.5	84	50	70.6	170	50	0.8987	3.616	NA	NA	NA
KHP88089_1	1	-1	0	0	1	0	0	0	0	0	0	0	0	0	0	0	0	0	0	0	0	0	1	1	-1	1	1	-1	0	1	1	0	1	0	-1	0	1	-1	-1	1	0	-1	-1	1	1	41.9	86	50	85.4	178	26	0.9403	4.711	NA	NA	NA
WP_115454694_1	1	-1	0	0	1	0	0	0	0	0	0	0	-1	0	0	0	0	0	0	0	0	0	1	1	-1	1	1	-1	0	1	1	0	1	0	1	1	1	-1	-1	1	0	-1	-1	1	1	41.9	86	50	84	175	28	0.9179	6.111	NA	NA	NA
PPS50802_1	1	-1	0	0	1	0	0	0	0	0	0	0	-1	-1	0	0	0	0	0	0	0	0	1	1	-1	1	1	-1	0	1	1	0	1	0	1	1	1	-1	-1	1	0	-1	-1	1	1	39.2	97	59	83.4	175	29	0.8915	6.672	NA	NA	NA
KLV74175_1	1	-1	0	0	1	0	0	0	0	0	0	0	-1	-1	0	0	0	0	0	0	0	0	1	1	-1	1	1	-1	0	1	1	0	1	0	1	1	1	-1	-1	1	0	-1	-1	1	1	40.7	86	51	83.4	175	29	0.88	6.868	NA	NA	NA
PZR21202_1	1	-1	0	0	1	0	0	0	0	0	0	0	-1	-1	0	0	0	0	0	0	0	0	1	1	-1	1	1	-1	0	1	1	0	1	0	1	1	1	-1	-1	1	0	-1	-1	1	1	40.7	86	51	82.9	175	30	0.8918	6.419	NA	NA	NA
WP_032936834_1	1	-1	0	0	1	0	0	0	0	0	0	0	-1	-1	0	0	0	0	0	0	0	0	1	1	-1	1	1	-1	0	1	1	0	1	0	1	1	1	-1	-1	1	0	-1	-1	1	1	41.2	97	56	84	175	28	0.9007	6.698	NA	NA	NA
WP_077872065_1	1	-1	0	0	1	0	0	0	0	0	0	0	-1	-1	0	0	0	0	0	0	0	0	1	1	-1	1	1	-1	0	1	1	0	1	0	1	1	1	-1	-1	1	0	-1	-1	1	1	40.7	86	51	76.9	117	27	0.8096	7.314	NA	NA	NA
WP_049282099_1	1	-1	0	0	1	0	0	0	0	0	0	0	-1	0	0	0	0	0	0	0	0	0	1	1	-1	1	1	-1	0	1	1	0	1	0	1	0	1	-1	-1	1	0	-1	-1	1	1	40.7	86	51	82.9	175	30	0.9043	6.789	NA	NA	NA
WP_049016015_1	1	-1	0	0	1	0	0	0	0	0	0	0	-1	0	0	0	0	0	0	0	0	0	1	1	-1	1	1	-1	0	1	1	0	1	0	1	1	1	-1	-1	1	0	-1	-1	1	1	40.7	86	51	85.1	175	26	0.9172	2.871	NA	NA	NA
WP_118262563_1	1	-1	0	0	1	0	0	0	0	0	0	0	0	0	0	0	0	0	0	0	0	0	1	1	-1	1	1	-1	0	1	1	0	1	0	0	1	1	-1	-1	1	0	-1	-1	1	1	35.8	109	70	81.8	176	32	0.9019	5.894	NA	NA	NA
WP_052925609_1	1	-1	0	0	1	0	0	0	0	0	0	0	0	0	0	0	0	0	0	0	0	0	1	1	-1	1	1	-1	0	1	1	0	1	0	0	1	1	-1	-1	1	0	-1	-1	1	1	36.2	105	67	83	176	30	0.9056	4.488	NA	NA	NA
PCD55011_1	1	-1	0	0	1	0	0	0	0	0	0	0	0	0	0	0	0	0	0	0	0	0	1	1	-1	1	1	-1	0	1	1	0	1	0	0	1	1	-1	-1	1	0	-1	-1	1	1	36.2	105	67	83.5	176	29	0.9082	4.645	NA	NA	NA
WP_096983775_1	1	-1	0	0	1	0	0	0	0	0	0	0	0	0	0	0	0	0	0	0	0	0	1	1	-1	1	1	-1	0	1	1	0	1	0	0	1	1	-1	-1	1	0	-1	-1	1	1	36.2	105	67	83.5	176	29	0.9066	4.651	NA	NA	NA
WP_095885521_1	1	-1	0	0	1	0	0	0	0	0	0	0	0	0	0	0	0	0	0	0	0	0	1	1	-1	1	1	-1	0	1	1	0	1	0	0	1	1	-1	-1	1	0	-1	-1	1	1	36.2	105	67	83.5	176	29	0.9143	4.588	NA	NA	NA
WP_089638905_1	1	-1	0	0	1	0	0	0	0	0	0	0	0	0	0	0	0	0	0	0	0	0	1	1	-1	1	1	-1	0	1	1	0	1	0	0	1	1	-1	-1	1	0	-1	-1	1	1	36.2	105	67	83.5	176	29	0.9119	4.447	NA	NA	NA
AAL30164_1	1	-1	0	0	1	0	0	0	0	0	0	0	0	0	0	0	0	0	0	0	0	0	1	1	-1	1	1	-1	0	1	1	0	1	0	0	1	1	-1	-1	1	0	-1	-1	1	1	36.8	106	67	83.5	176	29	0.9169	4.381	NA	NA	NA
STF66726_1	1	-1	0	0	1	0	0	0	0	0	0	0	0	0	0	0	0	0	0	0	0	0	1	1	-1	1	1	-1	0	1	1	0	1	0	0	1	1	-1	-1	1	0	-1	-1	1	1	34.2	111	73	83.5	176	29	0.9209	4.37	NA	NA	NA
WP_097754817_1	1	-1	0	0	1	0	0	0	0	0	0	0	0	0	0	0	0	0	0	0	0	0	1	1	-1	1	1	-1	0	1	1	0	1	0	0	1	1	-1	-1	1	0	-1	-1	1	1	36.2	105	67	83.5	176	29	0.914	4.422	NA	NA	NA
WP_000079821_1	1	-1	0	0	1	0	0	0	0	0	0	0	0	0	0	0	0	0	0	0	0	0	1	1	-1	1	1	-1	0	1	1	0	1	0	0	1	1	-1	-1	1	0	-1	-1	1	1	36.2	105	67	83.5	176	29	0.9101	4.472	NA	NA	NA
KDV56643_1	1	-1	0	0	1	0	0	0	0	0	0	0	0	0	0	0	0	0	0	0	0	0	1	1	-1	1	1	-1	0	1	1	0	1	0	0	1	1	-1	-1	1	0	-1	-1	1	1	36.2	105	67	83.5	176	29	0.9145	4.44	NA	NA	NA
WP_097453086_1	1	-1	0	0	1	0	0	0	0	0	0	0	0	0	0	0	0	0	0	0	0	0	1	1	-1	1	1	-1	0	1	1	0	1	0	0	1	1	-1	-1	1	0	-1	-1	1	1	36.2	105	67	83.5	176	29	0.9088	4.643	NA	NA	NA
WP_112927869_1	1	-1	0	0	1	0	0	0	0	0	0	0	0	0	0	0	0	0	0	0	0	0	1	1	-1	1	1	-1	0	1	1	0	1	0	0	1	1	-1	-1	1	0	-1	-1	1	1	36.2	105	67	83.5	176	29	0.9165	4.423	NA	NA	NA
AAN34780_1	1	-1	0	0	1	0	0	0	0	0	0	0	0	0	0	0	0	0	0	0	0	0	1	1	-1	1	1	-1	0	1	1	0	1	0	0	1	1	-1	-1	1	0	-1	-1	1	1	36.8	106	67	81.8	176	32	0.8968	4.711	NA	NA	NA
WP_097471354_1	1	-1	0	0	1	0	0	0	0	0	0	0	0	0	0	0	0	0	0	0	0	0	1	1	-1	1	1	-1	0	1	1	0	1	0	0	1	1	-1	-1	1	0	-1	-1	1	1	36.2	105	67	83	176	30	0.9113	4.611	NA	NA	NA
KDT51807_1	1	-1	0	0	1	0	0	0	0	0	0	0	0	0	0	0	0	0	0	0	0	0	1	1	-1	1	1	-1	0	1	1	0	1	0	0	1	1	-1	-1	1	0	-1	-1	1	1	36.2	105	67	83	176	30	0.9127	4.428	NA	NA	NA
WP_089622699_1	1	-1	0	0	1	0	0	0	0	0	0	0	0	0	0	0	0	0	0	0	0	0	1	1	-1	1	1	-1	0	1	1	0	1	0	0	1	1	-1	-1	1	0	-1	-1	1	1	36.2	105	67	83	176	30	0.9128	4.435	NA	NA	NA
WP_096985537_1	1	-1	0	0	1	0	0	0	0	0	0	0	0	0	0	0	0	0	0	0	0	1	1	1	-1	1	1	-1	0	1	1	0	1	0	0	1	1	-1	-1	1	0	-1	-1	1	1	36.2	105	67	83	176	30	0.9003	4.693	NA	NA	NA
KLX97186_1	1	-1	0	0	1	0	0	0	0	0	0	0	0	0	0	0	0	0	0	0	0	0	1	1	-1	1	1	-1	0	1	1	0	1	0	0	1	1	-1	-1	1	0	-1	-1	1	1	36.2	105	67	83	176	30	0.905	4.658	NA	NA	NA
AUJ91720_1	1	-1	0	0	1	0	0	0	0	0	0	0	0	1	0	0	0	0	0	0	0	0	1	1	-1	1	1	-1	0	1	1	0	1	0	-1	0	1	-1	-1	1	0	-1	-1	1	1	36.2	105	67	83.5	176	29	0.9096	4.477	NA	NA	NA
WP_039186320_1	1	-1	0	0	0	0	0	0	0	0	0	0	-1	-1	0	0	0	0	0	0	0	0	1	1	-1	1	1	-1	0	1	1	0	1	0	1	1	1	-1	-1	1	0	-1	-1	1	1	46.7	45	24	66.3	175	59	0.9084	5.066	NA	NA	NA
WP_061069990_1	1	-1	0	0	1	0	0	0	0	0	0	0	-1	0	0	0	0	0	0	0	0	0	1	1	-1	1	1	-1	0	1	1	0	1	0	1	0	1	-1	-1	1	0	-1	-1	1	1	41.9	86	50	83.4	175	29	0.8963	4.795	NA	NA	NA
WP_024554442_1	1	-1	0	0	1	0	0	0	0	0	0	0	-1	0	0	0	0	0	0	0	0	0	1	1	-1	1	1	-1	-1	1	1	0	1	0	1	0	1	-1	-1	1	0	-1	-1	1	1	41.9	86	50	84.6	175	27	0.8951	4.978	NA	NA	NA
CSQ64899_1	1	-1	0	0	1	0	0	0	0	0	0	0	-1	0	0	0	0	0	0	0	0	0	1	1	-1	1	1	-1	0	1	1	0	1	0	1	0	1	-1	-1	1	0	-1	-1	1	1	40.2	87	52	83.4	175	29	0.8548	3.256	NA	NA	NA
SIY40202_1	1	-1	0	0	1	0	0	0	0	0	0	0	-1	0	0	0	0	0	0	0	0	0	1	1	-1	1	1	-1	0	1	1	0	1	0	1	0	1	-1	-1	1	0	-1	-1	1	1	40.7	86	51	83.4	175	29	0.8769	5.168	NA	NA	NA
SJE96017_1	1	-1	0	0	1	0	0	0	0	0	0	0	-1	0	0	0	0	0	0	0	0	0	1	1	-1	1	1	-1	0	1	1	0	1	0	1	0	1	-1	-1	1	0	-1	-1	1	1	40.7	86	51	83.4	175	29	0.8826	5.188	NA	NA	NA
KIZ98563_1	1	-1	0	0	1	0	0	0	0	0	0	0	-1	0	0	0	0	0	0	0	0	0	1	1	-1	1	1	-1	0	1	1	0	1	0	1	0	1	-1	-1	1	0	-1	-1	1	1	41.9	86	50	83.4	175	29	0.8769	3.378	NA	NA	NA
SJJ68180_1	1	-1	0	0	1	0	0	0	0	0	0	0	-1	0	0	0	0	0	0	0	0	0	1	1	-1	1	1	-1	0	1	1	0	1	0	1	0	1	-1	-1	1	0	-1	-1	1	1	40.7	86	51	83.4	175	29	0.8498	3.776	NA	NA	NA
WP_052994875_1	1	-1	0	0	1	0	0	0	0	0	0	0	-1	0	0	0	0	0	0	0	0	0	1	1	-1	1	1	-1	0	1	1	0	1	0	1	0	1	-1	-1	1	0	-1	-1	1	1	40.7	86	51	82.9	175	30	0.88	5.103	NA	NA	NA
KGP11232_1	1	-1	0	0	1	0	0	0	0	0	0	0	-1	0	0	0	0	0	0	0	0	0	1	1	-1	1	1	-1	0	1	1	0	1	0	1	0	1	-1	-1	1	0	-1	-1	1	1	41.9	86	50	83.4	175	29	0.895	5.004	NA	NA	NA
EYD99565_1	1	-1	0	0	1	0	0	0	0	0	0	0	-1	0	0	0	0	0	0	0	0	0	1	1	-1	1	1	-1	0	1	1	0	1	0	1	0	1	-1	-1	1	0	-1	-1	1	1	41.9	86	50	83.4	175	29	0.8716	3.512	NA	NA	NA
SQJ24520_1	1	-1	0	0	1	0	0	0	0	0	0	0	-1	0	0	0	0	0	0	0	0	0	1	1	-1	1	1	-1	0	1	1	0	1	0	1	0	1	-1	-1	1	0	-1	-1	1	1	41.9	86	50	83.4	175	29	0.889	5.065	NA	NA	NA
WP_106652127_1	1	-1	0	0	1	0	0	0	0	0	0	0	-1	0	0	0	0	0	0	0	0	0	1	1	-1	1	1	-1	0	1	1	0	1	0	1	0	1	-1	-1	1	0	-1	-1	1	1	41.9	86	50	83.4	175	29	0.8579	3.643	NA	NA	NA
WP_097517272_1	1	-1	0	0	1	0	0	0	0	0	0	0	-1	0	0	0	0	0	0	0	0	0	1	1	-1	1	1	-1	0	1	1	0	1	0	1	0	1	-1	-1	1	0	-1	-1	1	1	41.9	86	50	83.4	175	29	0.8916	5.015	NA	NA	NA
WP_112021499_1	1	-1	0	0	1	0	0	0	0	0	0	0	-1	0	0	0	0	0	0	0	0	0	1	1	-1	1	1	-1	0	1	1	0	1	0	1	0	1	-1	-1	1	0	-1	-1	1	1	41.9	86	50	83.4	175	29	0.8762	3.195	NA	NA	NA
STL01271_1	1	-1	0	0	1	0	0	0	0	0	0	0	-1	0	0	0	0	0	0	0	0	0	1	1	-1	1	1	-1	0	1	1	0	1	0	1	0	1	-1	-1	1	0	-1	-1	1	1	41.9	86	50	83.4	175	29	0.8732	3.179	NA	NA	NA
BAD14980_1	1	-1	0	0	1	0	0	0	0	0	0	0	-1	0	0	0	0	0	0	0	0	0	1	1	-1	1	1	-1	0	1	1	0	1	0	1	0	1	-1	-1	1	0	-1	-1	1	1	41.9	86	50	83.4	175	29	0.9005	4.879	NA	NA	NA
WP_113409648_1	1	-1	0	0	1	0	0	0	0	0	0	0	-1	0	0	0	0	0	0	0	0	0	1	1	-1	1	1	-1	0	1	1	0	1	0	1	0	1	-1	-1	1	0	-1	-1	1	1	41.9	86	50	83.4	175	29	0.9037	4.879	NA	NA	NA
KNF80353_1	1	-1	0	0	1	0	0	0	0	0	0	0	-1	0	0	0	0	0	0	0	0	0	1	1	-1	1	1	-1	0	1	1	0	1	0	1	0	1	-1	-1	1	0	-1	-1	1	1	41.9	86	50	83.4	175	29	0.8759	5.127	NA	NA	NA
WP_074480710_1	1	-1	0	0	1	0	0	0	0	0	0	0	-1	0	0	0	0	0	0	0	0	0	1	1	-1	1	1	-1	0	1	1	0	1	0	1	0	1	-1	-1	1	0	-1	-1	1	1	41.9	86	50	83.4	175	29	0.8804	5.251	NA	NA	NA
WP_089601381_1	1	-1	0	0	1	0	0	0	0	0	0	0	-1	0	0	0	0	0	0	0	0	0	1	1	-1	1	1	-1	0	1	1	0	1	0	1	0	1	-1	-1	1	0	-1	-1	1	1	41.9	86	50	82.9	175	30	0.8622	3.498	NA	NA	NA
RCE61433_1	1	-1	0	0	1	0	0	0	0	0	0	0	-1	0	0	0	0	0	0	0	0	0	1	1	-1	1	1	-1	0	1	1	0	1	0	1	0	1	-1	-1	1	0	-1	-1	1	1	41.9	86	50	83.4	175	29	0.8863	5.083	NA	NA	NA
AAQ22684_1	1	-1	0	0	1	0	0	0	0	0	0	0	-1	0	0	0	0	0	0	0	0	0	1	1	-1	1	1	-1	0	1	1	0	1	0	1	0	1	-1	-1	1	0	-1	-1	1	1	42.5	87	50	83.4	175	29	0.8818	5.058	NA	NA	NA
CSS84545_1	1	-1	0	0	1	0	0	0	0	0	0	0	-1	0	0	0	0	0	0	0	0	0	1	1	-1	1	1	-1	0	1	1	0	1	0	1	0	1	-1	-1	1	0	-1	-1	1	1	40	85	51	83.4	175	29	0.8646	5.163	NA	NA	NA
WP_089584956_1	1	-1	0	0	1	0	0	0	0	0	0	0	-1	0	0	0	0	0	0	0	0	0	1	1	-1	1	1	-1	0	1	1	0	1	0	1	0	1	-1	-1	1	0	-1	-1	1	1	41.9	86	50	83.4	175	29	0.8851	5.035	NA	NA	NA
WP_112910448_1	1	-1	0	0	1	0	0	0	0	0	0	0	-1	0	0	0	0	0	0	0	0	0	1	1	-1	1	1	-1	0	1	1	0	1	0	1	0	1	-1	-1	1	0	-1	-1	1	1	41.9	86	50	83.4	175	29	0.8892	5.034	NA	NA	NA
PPV90206_1	1	-1	0	0	1	0	0	0	0	0	0	0	-1	0	0	0	0	0	0	0	0	0	1	1	-1	1	1	-1	0	1	1	0	1	0	1	0	1	-1	-1	1	0	-1	-1	1	1	41.9	86	50	83.4	175	29	0.8827	3.296	NA	NA	NA
WP_052994221_1	1	-1	0	0	1	0	0	0	0	0	0	0	-1	0	0	0	0	0	0	0	0	0	1	1	-1	1	1	-1	0	1	1	0	1	0	1	0	1	-1	-1	1	0	-1	-1	1	1	38.8	85	52	83.4	175	29	0.8571	5.165	NA	NA	NA
AST80433_1	1	-1	0	0	1	0	0	0	0	0	0	0	-1	0	0	0	0	0	0	0	0	0	1	1	-1	1	1	-1	0	1	1	0	1	0	1	0	1	-1	-1	1	0	-1	-1	1	1	41.9	86	50	84	175	28	0.8721	3.398	NA	NA	NA
WP_054176309_1	1	-1	0	0	1	0	0	0	0	0	0	0	-1	0	0	0	0	0	0	0	0	0	1	1	-1	1	1	-1	0	1	1	0	1	0	1	0	1	-1	-1	1	0	-1	-1	1	1	41.9	86	50	84	175	28	0.9165	5.977	NA	NA	NA
AWV26457_1	1	-1	0	0	1	0	0	0	0	0	0	0	-1	0	0	0	0	0	0	0	0	0	1	1	-1	1	1	-1	0	1	1	0	1	0	1	0	1	-1	-1	1	0	-1	-1	1	1	41.9	86	50	83.4	175	29	0.8941	6.621	NA	NA	NA
WP_054628230_1	1	-1	0	0	1	0	0	0	0	0	0	0	-1	0	0	0	0	0	0	0	0	0	1	1	-1	1	1	-1	-1	1	1	0	1	0	1	0	1	-1	-1	1	0	-1	-1	1	1	36.4	110	69	82.3	175	31	0.8725	4.781	NA	NA	NA
EFV41067_1	1	-1	0	0	0	0	0	0	0	0	0	0	-1	0	0	0	0	0	0	0	0	0	1	1	-1	1	1	-1	0	1	1	0	1	0	1	0	1	-1	-1	1	0	-1	-1	1	1	46.7	45	24	74.3	175	45	0.9247	3.748	NA	NA	NA
SQQ30272_1	1	-1	0	0	1	0	0	0	0	0	0	0	-1	0	0	0	0	0	0	0	0	0	1	1	-1	1	1	-1	0	1	1	0	1	0	1	0	1	-1	-1	1	0	-1	-1	1	1	40.7	86	51	82.1	179	32	0.918	5.295	NA	NA	NA
APC11219_1	1	-1	0	0	1	0	0	0	0	0	0	0	-1	-1	0	0	0	0	0	0	0	0	1	1	-1	1	1	-1	0	1	1	0	1	0	1	1	-1	-1	-1	1	0	0	-1	1	1	46.7	45	24	74.1	174	45	0.8649	4.435	NA	NA	NA
WP_042844213_1	1	-1	0	0	1	0	0	0	0	0	0	0	-1	-1	0	0	0	0	0	0	0	0	1	1	-1	1	1	-1	0	1	1	0	1	0	1	1	-1	-1	-1	1	0	0	-1	1	1	46.7	45	24	74.1	174	45	0.9193	5.075	NA	NA	NA
WP_110591531_1	1	-1	0	0	1	0	0	0	0	0	0	0	-1	1	0	0	0	0	0	0	0	0	1	1	-1	1	1	-1	0	1	0	0	1	0	1	1	-1	-1	-1	1	0	0	-1	1	1	46.7	45	24	72.5	178	49	0.9209	3.955	NA	NA	NA
CAP42435_1	1	-1	0	0	1	0	0	0	0	0	0	0	0	0	0	0	0	0	0	0	0	0	1	1	-1	1	1	-1	0	1	0	0	1	0	1	0	1	-1	-1	1	0	0	-1	1	1	43	86	49	82.9	175	30	0.9222	5.01	NA	NA	NA
WP_053245626_1	1	-1	0	0	1	0	0	0	0	0	0	0	-1	0	0	0	0	0	0	0	0	0	1	1	-1	1	1	-1	0	1	1	0	1	0	1	0	1	-1	-1	1	0	0	-1	1	1	41.9	86	50	82.9	170	29	0.9065	5.193	NA	NA	NA
WP_099075687_1	1	NA	NA	NA	NA	NA	NA	NA	NA	NA	0	0	-1	0	-1	0	0	0	0	0	0	0	1	NA	NA	NA	NA	NA	NA	NA	NA	NA	-1	0	1	0	1	-1	-1	1	0	0	-1	1	1	43.9	98	54	54.3	70	31	NA	NA	NA	NA	NA
CZZ47742_1	1	-1	0	0	1	0	0	0	0	0	0	0	1	0	0	0	0	0	0	0	0	0	1	1	-1	1	1	-1	0	1	1	0	1	0	1	0	-1	-1	-1	1	0	-1	-1	1	1	40	90	54	69.8	172	51	0.9154	2.193	NA	NA	NA
SAJ07229_1	1	-1	0	0	1	0	0	0	0	0	0	0	1	0	0	0	0	0	0	0	0	0	1	1	-1	1	1	-1	0	1	1	0	1	0	1	0	-1	-1	-1	1	0	-1	-1	1	1	40	90	54	69.8	172	51	0.9283	4.584	NA	NA	NA
SSI72927_1	1	-1	0	0	1	0	0	0	0	0	0	0	1	0	0	0	0	0	0	0	0	0	1	1	-1	1	1	-1	0	1	1	0	1	0	1	0	-1	-1	-1	1	0	-1	-1	1	1	40	90	54	69.8	172	51	0.9432	1.736	NA	NA	NA
KLG01495_1	1	-1	0	0	1	0	0	0	0	0	0	0	1	0	0	0	0	0	0	0	0	0	1	1	-1	1	1	-1	0	1	1	0	1	0	1	0	-1	-1	-1	1	0	-1	-1	1	1	40	90	54	69.8	172	51	0.9261	3.255	NA	NA	NA
CBK86303_1	1	-1	0	0	1	0	0	0	0	0	0	0	1	0	0	0	0	0	0	0	0	0	1	1	-1	1	1	-1	0	1	1	0	1	0	1	0	-1	-1	-1	1	0	-1	-1	1	1	40	90	54	69.8	172	51	0.9294	3.312	NA	NA	NA
OUY93342_1	1	-1	0	0	1	0	0	0	0	0	0	0	1	0	0	0	0	0	0	0	0	0	1	1	-1	1	1	-1	0	1	1	0	1	0	1	0	-1	-1	-1	1	0	-1	-1	1	1	40	90	54	69.8	172	51	0.9292	3.239	NA	NA	NA
WP_032669360_1	1	-1	0	0	1	0	0	0	0	0	0	0	1	0	0	0	0	0	0	0	0	0	1	1	-1	1	1	-1	0	1	1	0	1	0	1	0	-1	-1	-1	1	0	-1	-1	1	1	40	90	54	69.8	172	51	0.9305	1.935	NA	NA	NA
SUD68733_1	1	-1	0	0	1	0	0	0	0	0	0	0	0	0	0	0	0	0	0	0	0	0	1	1	-1	1	1	-1	-1	1	1	0	1	0	0	-1	0	-1	-1	1	0	0	-1	1	1	33.9	124	73	49.4	174	86	0.9289	3.72	NA	NA	NA
WP_033873088_1	1	-1	0	0	1	0	0	0	0	0	0	0	0	1	0	0	0	0	0	0	0	0	1	1	-1	1	1	-1	0	1	1	0	1	0	0	1	1	-1	-1	1	1	0	-1	0	1	42.9	98	56	47.3	169	88	0.9601	1.225	NA	NA	NA
WP_049251590_1	1	-1	0	0	1	0	0	0	0	0	0	0	0	1	0	0	0	0	0	0	0	0	1	1	-1	1	1	-1	0	1	1	0	1	0	0	1	1	-1	-1	1	1	0	-1	1	1	41.8	98	57	47.9	169	87	0.9489	1.291	NA	NA	NA
WP_042167486_1	1	-1	0	0	1	0	0	0	0	0	0	0	0	1	0	0	0	0	0	0	0	0	1	1	-1	1	1	-1	0	1	1	0	1	0	0	1	1	-1	-1	1	1	0	-1	1	1	41.8	98	57	47.3	169	88	0.9503	1.262	NA	NA	NA
OPF49871_1	1	-1	0	0	1	0	0	0	0	0	0	0	0	1	0	0	0	0	0	0	0	0	1	1	-1	1	1	-1	0	1	1	0	1	0	0	1	1	-1	-1	1	1	0	-1	1	1	41.8	98	57	47.3	169	88	0.9351	1.184	NA	NA	NA
ERY25996_1	1	-1	0	0	1	0	0	0	0	0	0	0	0	1	0	0	0	0	0	0	0	0	1	1	-1	1	1	-1	0	1	1	0	1	0	0	1	1	-1	-1	1	1	0	-1	1	1	41.8	98	57	47.3	169	88	0.9509	1.253	NA	NA	NA
AVK21618_1	1	-1	0	0	1	0	0	0	0	0	0	0	0	1	0	0	0	0	0	0	0	0	1	1	-1	1	1	-1	0	1	1	0	1	0	0	1	1	-1	-1	1	1	0	-1	1	1	41.8	98	57	48.5	165	84	0.9685	1.25	NA	NA	NA
WP_031693418_1	1	-1	0	0	1	0	0	0	0	0	0	0	0	1	0	0	0	0	0	0	0	0	1	1	-1	1	1	-1	0	1	1	0	1	0	0	1	1	-1	-1	1	1	0	-1	1	1	41.8	98	57	47.3	169	88	0.963	1.157	NA	NA	NA
EJO91442_1	1	-1	0	0	1	0	0	0	0	0	0	0	0	0	0	0	0	0	0	0	0	0	1	1	-1	1	1	-1	-1	1	1	0	1	0	0	-1	1	-1	-1	1	1	0	-1	1	1	40	90	54	49.1	171	86	0.9612	1.186	NA	NA	NA
WP_090432615_1	1	-1	0	0	1	0	0	0	0	0	0	0	0	0	0	0	0	0	0	0	0	0	1	1	-1	1	1	-1	-1	1	1	0	1	0	0	-1	1	-1	-1	1	1	0	-1	1	1	40	90	54	49.1	171	86	0.9633	1.145	NA	NA	NA
P0C6C4_VcFlaB	1	-1	0	0	1	0	0	0	0	0	0	0	-1	0	0	0	0	0	1	0	0	0	1	1	-1	1	1	-1	-1	1	1	0	1	0	1	0	-1	-1	-1	1	0	-1	-1	1	1	37.5	104	65	45.2	168	91	0.9448	1.373	-0,0964413	1,1041934	active
ABR88771_1	1	-1	0	0	1	0	0	0	0	0	0	0	-1	0	0	0	0	0	0	0	0	0	1	1	-1	1	1	-1	-1	1	1	0	1	0	1	-1	1	-1	-1	1	0	-1	-1	0	1	42.4	92	53	54.7	172	73	0.9339	1.73	NA	NA	NA
AXK39360_1	1	-1	0	0	1	0	0	0	0	-1	0	0	0	0	0	0	0	0	0	0	0	0	1	1	-1	1	1	-1	0	1	1	1	1	0	0	-1	1	-1	0	1	0	-1	-1	0	1	39.8	98	59	56.4	172	70	0.9371	2.989	NA	NA	NA
EHN64597_1	1	-1	0	0	1	0	0	0	0	0	0	0	1	-1	0	0	0	0	0	0	0	0	1	1	-1	1	1	-1	-1	1	1	-1	1	0	1	1	1	-1	-1	1	0	-1	-1	1	1	39.4	99	60	60.5	162	59	0.9456	1.528	NA	NA	NA
WP_013263198_1	1	-1	0	0	1	0	0	0	0	0	0	0	-1	-1	0	0	0	0	0	0	0	0	1	1	-1	1	1	-1	-1	1	1	0	1	0	1	1	1	-1	-1	1	0	0	-1	1	1	42.3	97	56	60.2	171	65	0.9173	3.22	NA	NA	NA
RFU92504_1	1	-1	0	0	1	0	0	0	0	0	0	0	-1	-1	-1	0	0	0	-1	0	0	0	1	1	-1	0	1	-1	-1	1	1	0	0	1	1	1	1	-1	0	-1	1	0	-1	1	1	NA	NA	NA	31.8	179	109	0.9202	3.25	NA	NA	NA
KIQ51184_1	1	-1	0	0	1	0	0	0	0	0	0	0	-1	-1	-1	0	0	0	-1	0	0	0	1	1	-1	0	1	-1	-1	1	1	0	0	1	1	1	1	-1	0	-1	1	0	-1	1	1	33.7	98	65	36.3	168	95	0.9262	2.83	NA	NA	NA
WP_059250292_1	1	-1	0	0	1	0	0	0	0	0	0	0	-1	-1	-1	0	0	0	-1	0	0	0	1	1	-1	0	1	-1	0	1	1	0	0	0	1	1	1	-1	0	-1	1	0	-1	1	1	33.7	98	65	33.9	183	108	0.9254	3.222	NA	NA	NA
AHE59049_1	1	-1	0	0	1	0	0	0	0	0	0	0	-1	-1	-1	0	0	0	-1	0	0	0	1	1	-1	0	1	-1	0	1	1	0	0	0	1	1	1	-1	0	-1	1	0	-1	1	1	33.7	98	65	33.9	183	108	0.9297	3.183	NA	NA	NA
ORD61593_1	1	-1	0	0	1	0	0	0	0	0	0	0	-1	-1	-1	0	0	0	-1	0	0	0	1	1	-1	0	1	-1	0	1	1	0	0	0	1	1	1	-1	0	-1	1	0	-1	1	1	33.7	98	65	33.9	183	108	0.8569	3.044	NA	NA	NA
EKI45389_1	1	-1	0	0	1	0	0	0	0	0	0	0	-1	-1	-1	0	0	0	-1	0	0	0	1	1	-1	0	1	-1	0	1	1	0	0	0	1	1	1	-1	0	-1	1	0	-1	1	1	33.7	98	65	33.9	183	108	0.9359	2.781	NA	NA	NA
RBW02046_1	1	-1	0	0	1	0	0	0	0	0	0	0	-1	-1	-1	0	0	0	-1	0	0	0	1	1	-1	0	1	-1	0	1	1	0	0	0	1	1	1	-1	0	-1	1	0	-1	1	1	33.7	98	65	33.9	183	108	0.8692	3.021	NA	NA	NA
OVG02244_1	1	-1	0	0	1	0	0	0	0	0	0	0	-1	-1	-1	0	0	0	-1	0	0	0	1	1	-1	0	1	-1	0	1	1	0	0	0	1	1	1	-1	0	-1	1	0	-1	1	1	33.7	98	65	33.9	183	108	0.866	3.038	NA	NA	NA
WP_039022754_1	1	-1	0	0	1	0	0	0	0	0	0	0	-1	-1	-1	0	0	0	-1	0	0	0	1	1	-1	0	1	-1	0	1	1	0	0	0	1	1	1	-1	0	-1	1	0	-1	1	1	34.7	98	64	33.9	183	108	0.9313	3.161	NA	NA	NA
WP_100041020_1	1	-1	0	0	1	0	0	0	0	0	0	0	-1	-1	-1	0	0	0	-1	0	0	0	1	1	-1	0	1	-1	0	1	1	0	0	0	1	1	1	-1	0	-1	1	0	-1	1	1	34.7	98	64	33.9	183	108	0.9384	3.105	NA	NA	NA
ARW94167_1	1	-1	0	0	1	0	0	0	0	0	0	0	-1	-1	-1	0	0	0	-1	0	0	0	1	1	-1	0	1	-1	0	1	1	0	0	0	1	1	1	-1	0	-1	1	0	-1	1	1	33.7	98	65	33.9	183	108	0.8646	2.731	NA	NA	NA
RDQ67176_1	1	-1	0	0	1	0	0	0	0	0	0	0	-1	-1	-1	0	0	0	-1	0	0	0	1	1	-1	0	1	-1	0	1	1	0	0	0	1	1	1	-1	0	-1	1	0	-1	1	1	33.7	98	65	33.9	183	108	0.9253	3.215	NA	NA	NA
OTB64918_1	1	-1	0	0	1	0	0	0	0	0	0	0	-1	-1	-1	0	0	0	-1	0	0	0	1	1	-1	0	1	-1	0	1	1	0	0	0	1	1	1	-1	0	-1	1	0	-1	1	1	33.7	98	65	33.9	183	108	0.8713	3.005	NA	NA	NA
KQI91227_1	1	-1	0	0	1	0	0	0	0	0	0	0	-1	-1	-1	0	0	0	-1	0	0	0	1	1	-1	0	1	-1	0	1	1	0	0	0	1	1	1	-1	0	-1	1	0	-1	1	1	33.7	98	65	33.9	183	108	0.935	3.092	NA	NA	NA
WP_063081515_1	1	-1	0	0	1	0	0	0	0	0	0	0	-1	-1	-1	0	0	0	-1	0	0	0	1	1	-1	0	1	-1	0	1	1	0	0	0	1	1	1	-1	0	-1	1	0	-1	1	1	33.7	98	65	33.9	183	108	0.9307	2.847	NA	NA	NA
WP_061354988_1	1	-1	0	0	1	0	0	0	0	0	0	0	-1	-1	-1	0	0	0	-1	0	0	0	1	1	-1	0	1	-1	0	1	1	0	0	0	1	1	1	-1	0	-1	1	0	-1	1	1	33.7	98	65	34.4	183	107	0.933	2.828	NA	NA	NA
WP_113440326_1	1	-1	0	0	1	0	0	0	0	0	0	0	-1	-1	-1	0	0	0	-1	0	0	0	1	1	-1	0	1	-1	0	1	1	0	0	0	1	1	1	-1	0	-1	1	0	-1	1	1	33.7	98	65	34.4	183	107	0.9325	3.147	NA	NA	NA
WP_049238683_1	1	-1	0	0	1	0	0	0	0	0	0	0	-1	-1	-1	0	0	0	-1	0	0	0	1	1	-1	0	1	-1	0	1	1	0	0	0	1	1	1	-1	0	-1	1	0	-1	1	1	33.7	98	65	33.9	183	108	0.9236	3.193	NA	NA	NA
WP_085448787_1	1	-1	0	0	1	0	0	0	0	0	0	0	-1	-1	-1	0	0	0	-1	0	0	0	1	1	-1	0	1	-1	0	1	1	0	0	0	1	1	1	-1	0	-1	1	0	-1	1	1	33.7	98	65	33.3	183	109	0.8654	3.059	NA	NA	NA
OSL49224_1	1	-1	0	0	1	0	0	0	0	0	0	0	-1	-1	-1	0	0	0	-1	0	0	0	1	1	-1	0	1	-1	0	1	1	0	0	0	1	1	1	-1	0	-1	1	0	-1	1	1	33.7	98	65	32.8	183	110	0.8635	3.13	NA	NA	NA
WP_113858560_1	1	-1	0	0	1	0	0	0	0	0	0	0	-1	-1	-1	0	0	0	-1	0	0	0	1	1	-1	0	1	-1	0	1	1	0	0	0	1	1	1	-1	0	-1	1	0	-1	1	1	33.7	98	65	33.3	183	109	0.9363	3.12	NA	NA	NA
WP_085460400_1	1	-1	0	0	1	0	0	0	0	0	0	0	-1	-1	-1	0	0	0	-1	0	0	0	1	1	-1	0	1	-1	0	1	1	0	0	0	1	1	1	-1	0	-1	1	0	-1	1	1	33.7	98	65	32.8	183	110	0.8616	3.083	NA	NA	NA
WP_086405443_1	1	-1	0	0	1	0	0	0	0	0	0	0	-1	-1	-1	0	0	0	-1	0	0	0	1	1	-1	0	1	-1	0	1	1	0	0	0	1	1	1	-1	0	-1	1	0	-1	1	1	33.7	98	65	33.9	183	108	0.863	3.074	NA	NA	NA
WP_032240343_1	1	-1	0	0	1	0	0	0	0	0	0	0	-1	-1	-1	0	0	0	-1	0	0	0	1	1	-1	0	1	-1	0	1	1	0	0	0	1	1	1	-1	0	-1	1	0	-1	1	1	32.7	98	66	33.9	183	108	0.9267	3.197	NA	NA	NA
KXP95953_1	1	-1	0	0	1	0	0	0	0	0	0	0	-1	-1	-1	0	0	0	-1	0	0	0	1	1	-1	0	1	-1	0	1	1	0	0	0	1	1	1	-1	0	-1	1	0	-1	1	1	33.7	98	65	33.9	183	108	0.9306	3.186	NA	NA	NA
PAQ97198_1	1	-1	0	0	1	0	0	0	0	0	0	0	-1	-1	-1	0	0	0	-1	0	0	0	1	1	-1	0	1	-1	0	1	1	0	0	0	1	1	1	-1	0	-1	1	0	0	1	1	34.7	98	64	33.9	183	108	0.869	3.028	NA	NA	NA
WP_064530467_1	1	-1	0	0	1	0	0	0	0	0	0	0	-1	-1	-1	0	0	0	-1	0	0	0	1	1	-1	0	1	-1	0	1	1	0	0	0	1	1	1	-1	0	-1	1	0	-1	1	1	33.7	98	65	33.9	183	108	0.9327	3.124	NA	NA	NA
WP_097399240_1	1	-1	0	0	1	0	0	0	0	0	0	0	-1	-1	-1	0	0	0	-1	0	0	0	1	1	-1	0	1	-1	0	1	1	0	0	0	1	1	1	-1	0	-1	1	0	-1	1	1	33.7	98	65	33.9	183	108	0.9318	3.159	NA	NA	NA
WP_024240233_1	1	-1	0	0	1	0	0	0	0	0	0	0	-1	-1	-1	0	0	0	-1	0	0	0	1	1	-1	0	1	-1	0	1	1	0	0	0	1	1	1	-1	0	-1	1	0	-1	1	1	33.7	98	65	33.9	183	108	0.9344	3.135	NA	NA	NA
WP_089646753_1	1	-1	0	0	1	0	0	0	0	0	0	0	-1	-1	-1	0	0	0	-1	0	0	0	1	1	-1	0	1	-1	0	1	1	0	0	0	1	1	1	-1	0	-1	1	0	-1	1	1	33.7	98	65	33.9	183	108	0.9254	3.213	NA	NA	NA
SQS04487_1	1	-1	0	0	1	0	0	0	0	0	0	0	-1	-1	-1	0	0	0	-1	0	0	0	1	1	-1	0	1	-1	0	1	1	0	0	0	1	1	1	-1	0	-1	1	0	-1	1	1	33.7	98	65	33.3	183	109	0.9288	3.185	NA	NA	NA
OWD02404_1	1	-1	0	0	1	0	0	0	0	0	0	0	-1	-1	-1	0	0	0	-1	0	0	0	1	1	-1	0	1	-1	0	1	1	0	0	0	1	1	1	-1	0	-1	1	0	-1	1	1	32.7	98	66	33.9	183	108	0.9256	3.214	NA	NA	NA
WP_044721124_1	1	-1	0	0	1	0	0	0	0	0	0	0	-1	-1	-1	0	0	0	-1	0	0	0	1	1	-1	0	1	-1	0	1	1	0	0	0	1	1	1	-1	0	-1	1	0	-1	1	1	33.7	98	65	33.9	183	108	0.9299	3.168	NA	NA	NA
STF35536_1	1	-1	0	0	1	0	0	0	0	0	0	0	-1	-1	-1	0	0	0	-1	0	0	0	1	1	-1	0	1	-1	0	1	1	0	0	0	1	1	1	-1	0	-1	1	0	-1	1	1	33.7	98	65	33.9	183	108	0.9231	3.193	NA	NA	NA
WP_052925366_1	1	-1	0	0	1	0	0	0	0	0	0	0	-1	-1	-1	0	0	0	-1	0	0	0	1	1	-1	0	1	-1	0	1	1	0	0	0	1	1	1	-1	0	-1	1	0	-1	1	1	32.7	98	66	33.9	183	108	0.927	3.174	NA	NA	NA
WP_100038628_1	1	-1	0	0	1	0	0	0	0	0	0	0	-1	-1	-1	0	0	0	-1	0	0	0	1	1	-1	0	1	-1	0	1	1	0	0	0	1	1	1	-1	0	-1	1	0	-1	1	1	33.7	98	65	33.9	183	108	0.9374	3.11	NA	NA	NA
WP_096855112_1	1	-1	0	0	1	0	0	0	0	0	0	0	-1	-1	-1	0	0	0	-1	0	0	0	1	1	-1	0	1	-1	0	1	1	0	0	0	1	1	1	-1	0	-1	1	0	-1	1	1	33.7	98	65	33.9	183	108	0.9279	3.184	NA	NA	NA
WP_047649606_1	1	-1	0	0	1	0	0	0	0	0	0	0	-1	-1	-1	0	0	0	-1	0	0	0	1	1	-1	0	1	-1	0	1	1	0	0	0	1	1	1	-1	0	-1	1	0	-1	1	1	33.7	98	65	33.9	183	108	0.9171	3.274	NA	NA	NA
ORS78238_1	1	-1	0	0	1	0	0	0	0	0	0	0	-1	-1	-1	0	0	0	-1	0	0	0	1	1	-1	0	1	-1	0	1	1	0	0	0	1	1	1	-1	0	-1	1	0	-1	1	1	32.7	98	66	33.9	183	108	0.8597	3.106	NA	NA	NA
OYI22864_1	1	-1	0	0	1	0	0	0	0	0	0	0	-1	-1	-1	0	0	0	-1	0	0	0	1	1	-1	0	1	-1	0	1	1	0	0	0	1	1	1	-1	0	-1	1	0	-1	1	1	33.7	98	65	33.9	183	108	0.9342	3.097	NA	NA	NA
KUG96637_1	1	-1	0	0	1	0	0	0	0	0	0	0	-1	-1	-1	0	0	0	-1	0	0	0	1	1	-1	0	1	-1	0	1	1	0	0	0	1	1	1	-1	0	-1	1	0	-1	1	1	33.7	98	65	33.3	183	109	0.9329	3.099	NA	NA	NA
WP_074576145_1	1	-1	0	0	1	0	0	0	0	0	0	0	-1	-1	-1	0	0	0	-1	0	0	0	1	1	-1	0	1	-1	0	1	1	0	0	0	1	1	1	-1	0	-1	1	0	-1	1	1	33.7	98	65	33.9	183	108	0.94	2.734	NA	NA	NA
OEL53141_1	1	-1	0	0	1	0	0	0	0	0	0	0	-1	-1	-1	0	0	0	-1	0	0	0	1	1	-1	0	1	-1	0	1	1	0	0	0	1	1	1	-1	0	-1	1	0	-1	1	1	33.7	98	65	33.9	183	108	0.9373	3.066	NA	NA	NA
WP_115333336_1	1	-1	0	0	1	0	0	0	0	0	0	0	-1	-1	-1	0	0	0	-1	0	0	0	1	1	-1	0	1	-1	0	1	1	0	0	0	1	1	1	-1	0	-1	1	0	-1	1	1	33.7	98	65	33.9	183	108	0.935	3.095	NA	NA	NA
WP_097466922_1	1	-1	0	0	1	0	0	0	0	0	0	0	-1	-1	-1	0	0	0	-1	0	0	0	1	1	-1	0	1	-1	0	1	1	0	0	0	1	1	1	-1	0	-1	1	0	-1	1	1	33.7	98	65	36.1	180	100	0.9259	3.159	NA	NA	NA
PAZ40816_1	1	-1	0	0	1	0	0	0	0	0	0	0	-1	-1	-1	0	0	0	-1	0	0	0	1	1	-1	0	1	-1	0	1	1	0	0	0	1	1	1	-1	0	-1	1	0	-1	1	1	33.7	98	65	33.9	183	108	0.9306	3.158	NA	NA	NA
WP_047656745_1	1	-1	0	0	1	0	0	0	0	0	0	0	-1	-1	-1	0	0	0	-1	0	0	0	1	1	-1	0	1	-1	0	1	1	0	0	0	1	1	1	-1	0	-1	1	0	-1	1	1	33.7	98	65	33.3	183	109	0.9259	3.205	NA	NA	NA
WP_089552102_1	1	-1	0	0	1	0	0	0	0	0	0	0	-1	-1	-1	0	0	0	-1	0	0	0	1	1	-1	0	1	-1	0	1	1	0	0	0	1	1	1	-1	0	-1	1	0	-1	1	1	33.7	98	65	33.9	183	108	0.9248	3.208	NA	NA	NA
OTB57080_1	1	-1	0	0	1	0	0	0	0	0	0	0	-1	-1	-1	0	0	0	-1	0	0	0	1	1	-1	0	1	-1	0	1	1	0	0	0	1	1	1	-1	0	-1	1	0	-1	1	1	33.7	98	65	33.9	183	108	0.8658	3.059	NA	NA	NA
WP_044789702_1	1	-1	0	0	1	0	0	0	0	0	0	0	-1	-1	-1	0	0	0	-1	0	0	0	1	1	-1	0	1	-1	0	1	1	0	0	0	1	1	1	-1	0	-1	1	0	-1	1	1	33.7	98	65	33.9	183	108	0.9349	3.135	NA	NA	NA
ELH50689_1	1	-1	0	0	1	0	0	0	0	0	0	0	-1	-1	-1	0	0	0	-1	0	0	0	1	1	-1	0	1	-1	0	1	1	0	0	0	1	1	1	-1	0	-1	1	0	-1	1	1	33.7	98	65	35	183	106	0.9356	3.114	NA	NA	NA
WP_085444927_1	1	-1	0	0	1	0	0	0	0	0	0	0	-1	-1	-1	0	0	0	-1	0	0	0	1	1	-1	0	1	-1	0	1	1	0	0	0	1	1	1	-1	0	-1	1	0	-1	1	1	33.7	98	65	33.9	183	108	0.8687	3.028	NA	NA	NA
WP_096268241_1	1	-1	0	0	1	0	0	0	0	0	0	0	-1	-1	-1	0	0	0	-1	0	0	0	1	1	-1	0	1	-1	0	1	1	0	0	0	1	1	1	-1	0	-1	1	0	-1	1	1	33.7	98	65	35.5	183	105	NA	NA	NA	NA	NA
ENG10897_1	1	-1	0	0	1	0	0	0	0	0	0	0	-1	-1	-1	0	0	0	-1	0	0	0	1	1	-1	0	1	-1	0	1	1	0	0	0	1	1	1	-1	0	-1	1	0	-1	1	1	33.7	98	65	33.3	183	109	0.9226	3.188	NA	NA	NA
OWE14050_1	1	-1	0	0	1	0	0	0	0	0	0	0	-1	-1	-1	0	0	0	-1	0	0	0	1	1	-1	0	1	-1	0	1	1	0	0	0	1	1	1	-1	0	-1	1	0	-1	1	1	33.7	98	65	33.9	183	108	0.9118	3.343	NA	NA	NA
WP_078341484_1	1	-1	0	0	1	0	0	0	0	0	0	0	-1	-1	-1	0	0	0	-1	0	0	0	1	1	-1	0	1	-1	0	1	1	0	0	0	1	1	1	-1	0	-1	1	0	-1	1	1	33.7	98	65	33.5	185	108	0.9059	3.298	NA	NA	NA
WP_113945771_1	1	-1	0	0	1	0	0	0	0	0	0	0	-1	-1	-1	0	0	0	-1	0	0	0	1	1	-1	0	1	-1	0	1	1	0	0	0	1	1	1	-1	0	-1	1	0	-1	1	1	33.3	78	52	33.9	183	108	0.9064	4.103	NA	NA	NA
SQR76207_1	1	-1	0	0	1	0	0	0	0	0	0	0	-1	-1	-1	0	0	0	-1	0	0	0	1	1	-1	0	1	-1	0	1	1	0	0	0	1	1	1	-1	0	-1	1	0	-1	1	1	33.7	98	65	33.3	183	109	0.8591	3.126	NA	NA	NA
WP_085451461_1	1	-1	0	0	1	0	0	0	0	0	0	0	-1	-1	-1	0	0	0	-1	0	0	0	1	1	-1	0	1	-1	0	1	1	0	0	0	1	1	1	-1	0	-1	1	0	-1	1	1	33.7	98	65	33.3	183	109	0.8714	3.06	NA	NA	NA
WP_105272697_1	1	-1	0	0	1	0	0	0	0	0	0	0	-1	-1	-1	0	0	0	-1	0	0	0	1	1	-1	0	1	-1	0	1	1	0	0	0	1	1	1	-1	0	-1	1	0	-1	1	1	NA	NA	NA	37.6	181	95	0.9282	3.17	NA	NA	NA
WP_109555359_1	1	-1	0	0	1	0	0	0	0	0	0	0	-1	-1	-1	0	0	0	-1	0	0	0	1	1	-1	0	1	-1	0	1	1	0	0	0	1	1	1	-1	0	-1	1	0	-1	1	1	33.7	98	65	32.5	166	99	0.9191	3.203	NA	NA	NA
WP_032940037_1	0	-1	0	0	1	0	0	0	0	0	0	0	-1	-1	-1	0	0	0	-1	0	0	0	0	1	-1	0	1	-1	0	1	1	0	0	0	1	1	1	-1	0	-1	1	0	-1	1	1	33.7	98	65	35.1	168	97	0.9025	3.986	NA	NA	NA
AHY12025_1	0	-1	0	0	1	0	0	0	0	0	0	0	-1	-1	-1	0	0	0	-1	0	0	0	0	1	-1	0	1	-1	0	1	1	0	0	0	1	1	1	-1	0	-1	1	0	-1	1	1	33.7	98	65	35.1	168	97	0.909	3.946	NA	NA	NA
ATX01712_1	0	-1	0	0	1	0	0	0	0	0	0	0	-1	-1	-1	0	0	0	-1	0	0	0	0	1	-1	0	1	-1	0	1	1	0	0	1	1	1	1	-1	0	-1	1	0	-1	1	1	33.7	98	65	32.6	187	113	0.9251	3.201	NA	NA	NA
WP_048236053_1	0	-1	0	0	1	0	0	0	0	0	0	0	-1	-1	-1	0	0	0	-1	0	0	0	0	1	-1	0	1	-1	0	1	1	0	0	1	1	1	1	-1	0	-1	1	0	-1	1	1	33.7	98	65	32.6	187	113	0.9086	3.94	NA	NA	NA
OXU11598_1	0	-1	0	0	1	0	0	0	0	0	0	0	-1	-1	-1	0	0	0	-1	0	0	0	0	1	-1	0	1	-1	0	1	1	0	0	0	1	1	1	-1	0	-1	1	0	-1	1	1	NA	NA	NA	33.9	168	99	0.9247	3.206	NA	NA	NA
PAX81731_1	0	-1	0	0	1	0	0	0	0	0	0	0	-1	-1	-1	0	0	0	-1	0	0	0	0	1	-1	0	1	-1	0	1	1	0	0	0	1	1	1	-1	0	-1	1	0	-1	1	1	NA	NA	NA	33.9	183	108	0.9284	3.178	NA	NA	NA
OCF81366_1	0	-1	0	0	1	0	0	0	0	0	0	0	-1	-1	-1	0	0	0	-1	0	0	0	0	1	-1	0	1	-1	0	1	1	0	0	1	1	1	1	-1	0	-1	1	0	-1	1	1	NA	NA	NA	33.3	183	109	0.925	3.171	NA	NA	NA
POT70384_1	0	-1	0	0	1	0	0	0	0	0	0	0	-1	-1	-1	0	0	0	-1	0	0	0	0	1	-1	0	1	-1	0	1	1	0	0	0	1	1	1	-1	0	-1	1	0	-1	1	1	NA	NA	NA	35.1	168	97	0.9309	3.16	NA	NA	NA
WP_061067333_1	0	-1	0	0	1	0	0	0	0	0	0	0	-1	-1	-1	0	0	0	-1	0	0	0	0	1	-1	0	1	-1	0	1	1	0	0	1	1	1	1	-1	0	-1	1	0	-1	1	1	NA	NA	NA	34.7	170	99	0.9425	3.512	NA	NA	NA
SUY04917_1	0	-1	0	0	1	0	0	0	0	0	0	0	-1	-1	-1	0	0	0	-1	0	0	0	0	1	-1	0	1	-1	0	1	1	0	0	1	1	1	1	-1	0	-1	1	0	-1	1	1	NA	NA	NA	34.7	170	99	0.9343	3.586	NA	NA	NA
WP_115600914_1	0	-1	0	0	1	0	0	0	0	0	0	0	-1	-1	-1	0	0	0	-1	0	0	0	0	1	-1	0	1	-1	0	1	1	0	0	1	1	1	1	-1	0	-1	1	0	-1	1	1	NA	NA	NA	34.7	170	99	0.9349	3.566	NA	NA	NA
WP_042310403_1	0	-1	0	0	1	0	0	0	0	0	0	0	-1	-1	-1	0	0	0	-1	0	0	0	0	1	-1	0	1	-1	0	1	1	0	0	0	1	1	1	-1	0	-1	1	0	-1	1	1	NA	NA	NA	35.1	168	97	0.9355	3.57	NA	NA	NA
KFB98943_1	0	-1	0	0	1	0	0	0	0	0	0	0	-1	-1	-1	0	0	0	-1	0	0	0	0	1	-1	0	1	-1	0	1	1	0	0	1	1	1	1	-1	0	-1	1	0	-1	1	1	NA	NA	NA	32.7	168	101	0.9352	3.065	NA	NA	NA
WP_060855509_1	0	-1	0	0	1	0	0	0	0	0	0	0	-1	-1	-1	0	0	0	-1	0	0	0	0	1	-1	0	1	-1	0	1	1	0	0	1	1	1	1	-1	0	-1	1	0	-1	1	1	NA	NA	NA	32.7	168	101	0.9342	3.068	NA	NA	NA
OIZ41130_1	0	-1	0	0	1	0	0	0	0	0	0	0	-1	-1	-1	0	0	0	-1	0	0	0	0	1	-1	0	1	-1	0	1	1	0	0	1	1	1	1	-1	0	-1	1	0	-1	1	1	NA	NA	NA	32.7	168	101	0.9242	3.151	NA	NA	NA
SQA85240_1	0	-1	0	0	1	0	0	0	0	0	0	0	-1	-1	-1	0	0	0	-1	0	0	0	0	1	-1	0	1	-1	0	1	1	0	0	1	1	1	1	-1	0	-1	1	0	-1	1	1	NA	NA	NA	32.1	168	102	0.9367	3.057	NA	NA	NA
STB14210_1	0	-1	0	0	1	0	0	0	0	0	0	0	-1	-1	-1	0	0	0	-1	0	0	0	0	1	-1	0	1	-1	0	1	1	0	0	1	1	1	1	-1	0	-1	1	0	-1	1	1	NA	NA	NA	32.7	168	101	0.9304	3.096	NA	NA	NA
PMD02193_1	0	-1	0	0	1	0	0	0	0	0	0	0	-1	-1	-1	0	0	0	-1	0	0	0	0	1	-1	0	1	-1	0	1	1	0	0	1	1	1	1	-1	0	-1	1	0	-1	1	1	NA	NA	NA	30.7	153	94	0.948	3.048	NA	NA	NA
WP_045440205_1	0	-1	0	0	1	0	0	0	0	0	0	0	-1	-1	-1	0	0	0	-1	0	0	0	0	1	-1	0	1	-1	0	1	1	0	0	1	1	1	1	-1	0	-1	1	0	-1	1	1	34.7	98	64	35.4	181	99	0.9083	3.94	NA	NA	NA
WP_077779749_1	1	-1	0	0	1	0	0	0	0	0	0	0	-1	-1	-1	0	0	0	-1	0	0	0	1	1	-1	0	1	-1	0	1	1	0	0	0	1	1	1	-1	0	-1	1	0	-1	1	1	33.7	98	65	31.1	151	91	0.8278	3.659	NA	NA	NA
ORT77667_1	0	-1	0	0	1	0	0	0	0	0	0	0	-1	-1	-1	0	0	0	-1	0	0	0	0	1	-1	0	1	-1	0	1	1	0	0	0	1	1	1	-1	0	-1	1	0	-1	1	1	NA	NA	NA	38.3	133	82	0.9168	2.865	NA	NA	NA
GAS79860_1	1	-1	0	0	1	0	0	0	0	0	0	0	-1	-1	-1	0	0	0	-1	0	0	0	1	1	-1	0	1	-1	0	1	1	0	0	0	1	1	1	-1	0	-1	1	0	-1	1	1	NA	NA	NA	35.8	179	100	0.9334	2.697	NA	NA	NA
ONG15595_1	1	NA	NA	NA	NA	NA	NA	NA	NA	NA	NA	NA	NA	NA	NA	0	0	0	-1	0	0	0	1	NA	NA	NA	NA	NA	NA	NA	NA	NA	NA	NA	NA	NA	NA	-1	0	-1	1	0	-1	1	1	33.3	93	62	54.4	57	26	0.733	6.338	NA	NA	NA
WP_088220016_1	1	-1	0	0	1	0	0	0	0	0	0	0	0	-1	-1	0	0	0	-1	0	0	0	1	1	-1	0	1	-1	-1	1	1	0	0	0	0	1	1	-1	0	-1	1	0	-1	1	1	NA	NA	NA	37.2	180	102	0.9203	3.832	NA	NA	NA
WP_027273693_1	1	-1	0	0	1	0	0	0	0	0	0	0	0	-1	-1	0	0	0	-1	0	0	0	1	1	-1	0	1	-1	0	1	1	0	0	0	0	1	1	-1	0	-1	1	0	-1	1	1	NA	NA	NA	34.6	179	108	0.9035	3.972	NA	NA	NA
WP_072280274_1	1	-1	0	0	0	NA	NA	NA	NA	NA	NA	NA	-1	-1	-1	0	0	0	-1	0	0	0	1	1	-1	-1	-1	NA	NA	NA	NA	NA	NA	NA	1	1	1	-1	0	-1	1	0	-1	1	1	33.7	98	65	NA	NA	NA	0.8101	4.268	NA	NA	NA
WP_072309818_1	1	-1	0	0	1	0	0	0	0	-1	0	0	0	-1	0	0	0	0	1	0	0	0	1	1	-1	0	1	-1	-1	1	1	1	1	0	0	1	1	-1	1	-1	0	0	0	1	1	31.6	98	67	43.2	176	91	0.9094	3.354	NA	NA	NA
SCM54081_1	1	-1	0	0	1	0	0	0	0	-1	0	0	0	-1	0	0	0	0	1	0	0	0	1	1	-1	0	1	-1	-1	1	1	1	1	0	0	1	1	-1	1	-1	0	0	0	1	1	31.6	98	67	42	176	93	0.9138	3.179	NA	NA	NA
PSR47696_1	1	-1	0	0	1	0	0	0	0	-1	0	0	0	1	-1	0	0	0	1	0	0	0	1	1	-1	0	1	-1	-1	1	1	1	1	0	-1	1	1	-1	1	-1	0	0	-1	1	1	32.4	105	63	42.5	134	77	0.9108	2.799	NA	NA	NA
WP_052285059_1	1	-1	0	0	1	0	0	0	0	-1	0	0	0	0	-1	0	0	0	1	0	0	0	1	1	-1	0	1	-1	-1	1	1	1	1	0	0	1	1	-1	1	-1	0	0	-1	1	1	30.6	98	68	40.6	165	93	0.9253	2.194	NA	NA	NA
SQC31585_1	1	-1	0	0	1	0	0	0	0	-1	0	0	0	0	-1	0	0	0	1	0	0	0	1	1	-1	0	1	-1	-1	1	1	1	1	0	0	1	1	-1	1	-1	0	0	-1	1	1	31.6	98	67	40.6	165	93	0.9232	2.216	NA	NA	NA
SDQ02428_1	1	-1	0	0	1	0	0	0	0	0	0	0	0	-1	0	0	0	0	1	0	0	0	1	1	-1	1	1	-1	0	1	1	-1	-1	0	-1	1	1	-1	1	-1	0	0	-1	1	1	32.7	110	71	42.7	171	97	0.9264	3.344	NA	NA	NA
DAB10229_1	1	-1	0	0	1	0	0	0	0	0	0	0	0	0	0	0	0	0	0	0	0	0	1	1	-1	1	1	-1	0	1	1	0	0	0	0	0	-1	-1	-1	1	0	-1	-1	0	1	36.7	98	61	43	151	84	0.9602	1.293	NA	NA	NA
DAA96327_1	1	-1	0	0	1	0	0	0	0	0	0	0	0	0	0	0	0	0	0	0	0	0	1	1	-1	1	1	-1	0	1	1	0	0	0	0	0	-1	-1	-1	1	0	-1	-1	0	1	36.7	98	61	43	151	84	0.9599	1.292	NA	NA	NA
OLA72749_1	1	-1	0	0	1	0	0	0	0	0	0	0	0	0	0	0	0	0	0	0	0	0	1	1	-1	1	1	-1	0	1	1	0	0	0	0	0	-1	-1	-1	1	0	-1	-1	0	1	36.4	88	56	42.4	151	85	0.9418	2.897	NA	NA	NA
CCZ50813_1	1	-1	0	0	1	0	0	0	0	0	0	0	0	0	0	0	0	0	0	0	0	0	1	1	-1	1	1	-1	0	1	1	0	0	0	0	0	-1	-1	-1	1	0	-1	-1	0	1	36.3	91	58	44.4	153	79	0.9552	5.776	-6	0	evader
OLA74302_1	1	-1	0	0	1	0	0	0	0	0	0	0	0	0	0	0	0	0	0	0	0	0	1	1	-1	1	1	-1	0	1	1	0	0	0	0	0	-1	-1	-1	1	0	-1	-1	0	1	36.9	84	53	44.4	153	79	0.9545	5.785	NA	NA	NA
DAA91207_1	1	-1	0	0	1	0	0	0	0	0	0	0	0	0	0	0	0	0	0	0	0	0	1	1	-1	1	1	-1	0	1	1	0	0	0	0	0	-1	-1	-1	1	0	-1	-1	0	1	36.9	84	53	44.4	153	79	0.9508	5.781	NA	NA	NA
DAB13657_1	1	-1	0	0	1	0	0	0	0	0	0	0	0	0	0	0	0	0	0	0	0	0	1	1	-1	1	1	-1	0	1	1	0	0	0	0	0	-1	-1	-1	1	0	-1	-1	0	1	36.3	91	58	44.4	153	79	0.954	5.779	NA	NA	NA
DAB14703_1	0	-1	0	0	1	0	0	0	0	0	0	0	0	0	0	0	0	0	0	0	0	0	0	1	-1	1	1	-1	0	1	1	0	0	-1	0	0	-1	-1	-1	1	0	-1	-1	-1	1	38.1	84	52	39.4	175	91	0.8197	3.375	NA	NA	NA
DAB02048_1	0	-1	0	0	1	0	0	0	0	0	0	0	0	0	0	0	0	0	0	0	0	0	0	1	-1	1	1	-1	0	1	1	0	0	-1	0	0	-1	-1	-1	1	0	-1	-1	-1	1	38.1	84	52	39.4	175	91	0.892	3.571	NA	NA	NA
DAB21054_1	0	-1	0	0	1	0	0	0	0	0	0	0	0	0	0	0	0	0	0	0	0	0	0	1	-1	1	1	-1	0	1	1	0	0	-1	0	0	-1	-1	-1	1	0	-1	-1	-1	1	38.1	84	52	39.4	175	91	0.8393	6.015	NA	NA	NA
CCZ51174_1	0	-1	0	0	1	0	0	0	0	0	0	0	0	0	0	0	0	0	0	0	0	0	0	1	-1	1	1	-1	0	1	1	0	0	-1	0	0	-1	-1	-1	1	0	-1	-1	-1	1	38.1	84	52	39.4	175	91	0.8972	3.611	NA	NA	NA
DAA84768_1	0	-1	0	0	1	0	0	0	0	0	0	0	0	0	0	0	0	0	0	0	0	0	0	1	-1	1	1	-1	0	1	1	0	0	-1	0	0	-1	-1	-1	1	0	-1	-1	-1	1	38.1	84	52	39.4	175	91	0.9158	3.27	NA	NA	NA
DAB06643_1	0	-1	0	0	1	0	0	0	0	0	0	0	0	0	0	0	0	0	0	0	0	0	0	1	-1	1	1	-1	0	1	1	0	0	-1	0	0	-1	-1	-1	1	0	-1	-1	-1	1	38.1	84	52	39.4	175	91	0.8269	3.134	NA	NA	NA
DAA97850_1	0	-1	0	0	1	0	0	0	0	0	0	0	0	0	0	0	0	0	0	0	0	0	0	1	-1	1	1	-1	0	1	1	-1	0	-1	0	0	-1	-1	-1	1	0	-1	-1	-1	1	38.1	84	52	39.4	175	91	0.8111	3.749	NA	NA	NA
DAB13104_1	1	-1	0	0	1	0	0	0	0	0	0	0	0	0	0	0	0	0	0	0	0	0	1	1	-1	1	1	-1	0	1	1	0	0	0	-1	1	1	-1	0	-1	0	-1	-1	0	1	36.8	106	61	43.5	147	81	0.9357	3.569	NA	NA	NA
DAB19407_1	1	-1	0	0	1	0	0	0	0	0	0	0	0	0	0	0	0	0	0	0	0	0	1	1	-1	1	1	-1	0	1	1	0	0	0	0	1	1	-1	0	-1	0	-1	-1	-1	1	31.1	106	67	40	145	80	0.8805	3.059	NA	NA	NA
DAB13986_1	1	-1	0	0	1	0	0	0	0	0	0	0	0	0	0	0	0	0	0	0	0	0	1	1	-1	1	1	-1	0	1	1	0	0	0	0	1	1	-1	0	-1	0	-1	-1	-1	1	31.1	106	67	40.6	165	91	0.9497	3.027	NA	NA	NA
OLA74179_1	1	-1	0	0	1	0	0	0	0	0	0	0	0	0	0	0	0	0	0	0	0	0	1	1	-1	1	1	-1	0	1	1	0	0	0	0	1	1	-1	0	-1	0	-1	-1	-1	1	31.1	106	67	40.6	165	91	0.9515	3.051	NA	NA	NA
CDC19479_1	1	-1	0	0	1	0	0	0	0	0	0	-1	-1	0	0	0	0	0	0	0	0	0	1	1	-1	1	1	-1	0	1	1	0	0	1	1	1	1	-1	0	-1	-1	-1	-1	0	1	33.3	96	64	42.5	181	92	0.9428	3.129	NA	NA	NA
DAB22948_1	1	-1	0	0	1	0	0	0	0	0	0	-1	-1	0	0	0	0	0	0	0	0	0	1	1	-1	1	1	-1	-1	1	1	0	0	1	1	1	1	-1	0	-1	-1	-1	-1	0	1	43.1	51	29	43.2	183	92	0.9388	3.171	NA	NA	NA
DAB26954_1	1	-1	0	0	1	0	0	0	0	0	0	-1	-1	-1	0	0	0	0	0	0	0	0	1	1	-1	1	1	-1	0	1	1	0	0	1	1	1	1	-1	0	-1	-1	-1	-1	0	1	39.6	101	59	45.5	156	80	0.9199	3.67	NA	NA	NA
CDC20721_1	1	-1	0	0	1	0	0	0	0	0	0	-1	0	0	0	0	0	0	0	0	0	0	1	1	-1	0	1	-1	-1	1	1	0	0	1	1	0	-1	-1	-1	1	0	-1	1	-1	1	37.8	90	56	46.2	156	79	0.9227	2.552	NA	NA	NA
OGI01471_1	1	-1	0	0	1	0	0	0	0	0	0	0	0	0	0	0	0	0	0	0	0	0	1	1	-1	1	1	-1	-1	1	1	0	1	0	0	1	1	-1	-1	1	0	-1	-1	0	1	40	65	39	43.3	150	84	0.922	3.633	NA	NA	NA
CDC20490_1	1	-1	0	0	1	0	0	0	0	0	0	0	0	1	0	0	0	0	0	0	0	0	1	1	-1	1	1	-1	-1	1	1	0	0	0	1	1	1	-1	0	1	0	0	0	1	1	44.1	93	51	37.3	166	96	0.9287	1.929	NA	NA	NA
DAB20973_1	1	-1	0	0	1	0	0	0	0	0	0	0	0	1	0	0	0	0	0	0	0	0	1	1	-1	1	1	-1	-1	1	1	0	0	0	1	1	1	-1	0	1	0	0	0	1	1	44.1	93	51	37.3	166	96	0.9185	2.086	NA	NA	NA
OLA94092_1	1	-1	0	0	1	0	0	0	0	-1	0	-1	0	1	0	0	0	0	0	0	0	0	1	1	-1	-1	1	-1	-1	1	0	1	0	1	1	1	1	-1	0	0	0	0	0	1	1	37.2	86	54	40.1	152	90	0.9116	3.792	NA	NA	NA
CDC20722_1	1	0	0	-1	1	0	0	0	0	0	0	0	0	1	0	0	0	0	0	0	0	0	1	0	-1	1	1	-1	-1	1	1	0	-1	0	-1	1	1	-1	0	1	0	-1	0	0	1	39.6	91	53	36.7	150	93	0.9425	3.391	NA	NA	NA
WP_008682678_1	1	-1	0	0	1	0	0	0	0	0	0	-1	0	0	0	0	0	0	0	0	0	0	1	1	-1	0	1	-1	-1	1	0	0	0	1	0	1	-1	-1	-1	1	1	0	-1	1	1	36.7	109	69	43.3	134	76	0.9243	3.198	NA	NA	NA
AMD91221_1	1	-1	0	0	1	0	0	0	0	0	0	-1	0	0	0	0	0	0	0	0	0	0	1	1	-1	0	1	-1	-1	1	0	0	0	1	0	1	-1	-1	-1	1	1	0	-1	1	1	36.7	109	69	43.3	134	76	0.9048	3.384	NA	NA	NA
AMD91222_1	1	-1	0	0	1	0	0	0	0	0	0	-1	0	0	0	0	0	0	0	0	0	0	1	1	-1	0	1	-1	-1	1	0	0	0	1	0	1	-1	-1	-1	1	1	0	-1	1	1	34.9	109	71	42.5	134	77	0.9197	3.228	NA	NA	NA
OXS30006_1	1	-1	0	0	1	0	0	0	0	0	0	-1	0	0	0	0	0	0	0	0	0	0	1	1	-1	-1	1	-1	-1	1	0	0	0	1	0	1	-1	-1	-1	1	1	0	-1	1	1	38.5	96	59	44.8	134	74	0.9035	2.122	NA	NA	NA
OXS30008_1	1	-1	0	0	1	0	0	0	0	0	0	-1	0	0	0	0	0	0	0	0	0	0	1	1	-1	-1	1	-1	-1	1	0	0	0	1	0	1	-1	-1	-1	1	1	0	-1	1	1	34.9	109	71	43.3	134	76	0.9293	3.138	NA	NA	NA
SFW62868_1	1	-1	0	0	1	0	0	0	0	0	0	-1	0	0	0	0	0	0	0	0	0	0	1	1	-1	-1	1	-1	-1	1	0	0	0	1	0	1	-1	-1	-1	1	1	0	-1	1	1	39.6	96	58	41.8	134	78	0.9312	3.065	NA	NA	NA
WP_015939283_1	1	-1	0	0	1	0	0	0	0	0	0	-1	0	0	0	0	0	0	0	0	0	0	1	1	-1	-1	1	-1	-1	1	0	0	0	1	0	1	-1	-1	-1	1	1	0	-1	1	1	39.6	96	58	42.5	134	77	0.9438	2.954	NA	NA	NA
WP_096152789_1	1	-1	0	0	1	0	0	0	0	0	0	-1	0	0	0	0	0	0	0	0	0	0	1	1	-1	-1	1	-1	-1	1	0	0	0	1	0	1	-1	-1	-1	1	1	0	-1	1	1	39.6	96	58	41.8	134	78	0.9357	3.02	NA	NA	NA
ATD82533_1	1	-1	0	0	1	0	0	0	0	0	0	-1	0	0	0	0	0	0	0	0	0	0	1	1	-1	-1	1	-1	-1	1	0	0	0	1	0	1	-1	-1	-1	1	1	0	-1	1	1	39.6	96	58	42.5	134	77	0.9368	3.026	NA	NA	NA
WP_092153647_1	1	-1	0	0	1	0	0	0	0	0	0	-1	0	0	0	0	0	0	0	0	0	0	1	1	-1	0	1	-1	-1	1	0	0	0	1	0	1	-1	-1	-1	1	1	0	-1	1	1	39.6	96	58	44.5	137	76	0.9242	2.37	NA	NA	NA
WP_118229696_1	1	-1	0	0	1	0	0	0	0	0	0	-1	0	0	0	0	0	0	0	0	0	0	1	1	-1	0	1	-1	-1	1	0	0	0	1	0	1	-1	-1	-1	1	1	0	-1	1	1	40.6	96	57	44	134	75	0.9365	3.035	NA	NA	NA
SBW03799_1	1	-1	0	0	1	0	0	0	0	0	0	-1	0	0	0	0	0	0	0	0	0	0	1	1	-1	0	1	-1	-1	1	0	0	0	1	0	1	-1	-1	-1	1	1	0	-1	1	1	36.5	96	61	44.8	134	74	0.9312	3.056	NA	NA	NA
WP_022658919_1	1	-1	0	0	1	0	0	0	0	0	0	-1	0	0	0	0	0	0	0	0	0	0	1	1	-1	0	1	-1	-1	1	0	0	0	1	0	1	-1	-1	-1	1	1	0	-1	1	1	36.5	96	61	44.8	134	74	0.9196	3.165	NA	NA	NA
SBW03792_1	1	-1	0	0	1	0	0	0	0	0	0	-1	0	0	0	0	0	0	0	0	0	0	1	1	-1	0	1	-1	-1	1	0	0	0	1	0	1	-1	-1	-1	1	1	0	-1	1	1	36.1	97	62	44.8	134	74	0.9385	1.648	NA	NA	NA
WP_022658920_1	1	-1	0	0	1	0	0	0	0	0	0	-1	0	0	0	0	0	0	0	0	0	0	1	1	-1	0	1	-1	-1	1	0	0	0	1	0	1	-1	-1	-1	1	1	0	-1	1	1	36.1	97	62	44.8	134	74	0.9503	1.455	NA	NA	NA
WP_062252029_1	1	-1	0	0	1	0	0	0	0	0	0	-1	0	0	0	0	0	0	0	0	0	0	1	1	-1	0	1	-1	-1	1	0	0	0	1	0	1	-1	-1	-1	1	1	0	-1	1	1	40.6	96	57	46.2	145	76	0.9365	1.485	NA	NA	NA
WP_008684188_1	1	-1	0	0	1	0	0	0	0	0	0	-1	0	0	0	0	0	0	0	0	0	0	1	1	-1	0	1	-1	-1	1	0	0	0	1	0	1	-1	-1	-1	1	1	0	-1	1	1	40.6	96	57	46.2	145	76	0.9415	1.396	NA	NA	NA
WP_009301645_1	1	-1	0	0	1	0	0	0	0	0	0	-1	0	0	0	0	0	0	0	0	0	0	1	1	-1	0	1	-1	-1	1	0	0	0	1	0	1	-1	-1	-1	1	1	0	-1	1	1	40.6	96	57	46.2	145	76	0.9373	1.469	NA	NA	NA
OXS29823_1	1	-1	0	0	1	0	0	0	0	0	0	-1	0	0	0	0	0	0	0	0	0	0	1	1	-1	0	1	-1	-1	1	0	0	0	1	0	1	-1	-1	-1	1	1	0	-1	1	1	40.6	96	57	44.9	138	76	0.9279	1.631	NA	NA	NA
SCM70674_1	1	-1	0	0	1	0	0	0	0	0	0	-1	0	0	0	0	0	0	0	0	0	0	1	1	-1	0	1	-1	-1	1	0	0	0	1	0	1	-1	-1	-1	1	1	0	-1	1	1	40.6	96	57	44.9	138	76	0.9164	3.117	NA	NA	NA
ATD81042_1	1	-1	0	0	1	0	0	0	0	0	0	-1	0	0	0	0	0	0	0	0	0	0	1	1	-1	0	1	-1	-1	1	0	0	0	1	0	1	-1	-1	-1	1	1	0	-1	1	1	42.7	96	55	44.9	138	76	0.9139	3.139	NA	NA	NA
ACL48935_1	1	-1	0	0	1	0	0	0	0	0	0	-1	0	0	0	0	0	0	0	0	0	0	1	1	-1	0	1	-1	-1	1	0	0	0	1	0	1	-1	-1	-1	1	1	0	-1	1	1	42.7	96	55	44.9	138	76	0.9109	3.173	NA	NA	NA
WP_022659395_1	1	-1	0	0	1	0	0	0	0	0	0	-1	0	0	0	0	0	0	0	0	0	0	1	1	-1	0	1	-1	-1	1	0	0	0	1	0	1	-1	-1	-1	1	1	0	-1	1	1	38.5	96	59	47.1	138	73	0.9079	1.945	NA	NA	NA
SBW12128_1	1	-1	0	0	1	0	0	0	0	0	0	-1	0	0	0	0	0	0	0	0	0	0	1	1	-1	0	1	-1	-1	1	0	0	0	1	0	1	-1	-1	-1	1	1	0	-1	1	1	38.5	96	59	47.1	138	73	0.9194	3.094	NA	NA	NA
WP_118229124_1	1	-1	0	0	1	0	0	0	0	0	0	-1	0	0	0	0	0	0	0	0	0	0	1	1	-1	0	1	-1	-1	1	0	0	0	1	0	1	-1	-1	-1	1	1	0	-1	1	1	40.6	96	57	44.8	145	78	0.9176	3.119	NA	NA	NA
SDF46830_1	1	-1	0	0	1	0	0	0	0	0	0	-1	0	0	0	0	0	0	0	0	0	0	1	1	-1	0	1	-1	-1	1	0	0	0	1	0	1	-1	-1	-1	1	1	0	-1	1	1	40.6	96	57	45.5	145	77	0.9266	3.04	NA	NA	NA
PWM68475_1	1	-1	0	0	1	0	0	0	0	0	0	-1	0	0	0	0	0	0	0	0	0	0	1	1	-1	-1	1	-1	-1	1	0	0	0	1	0	1	1	-1	-1	1	1	0	-1	1	1	41.7	96	56	44.2	138	77	0.9525	1.342	NA	NA	NA
PWL65888_1	1	-1	0	0	1	0	0	0	0	0	0	-1	0	0	0	0	0	0	0	0	0	0	1	1	-1	-1	1	-1	-1	1	0	0	0	1	0	1	1	-1	-1	1	1	0	-1	1	1	42.3	97	56	43.5	138	78	0.9452	1.473	NA	NA	NA
PWL60067_1	1	-1	0	0	1	0	0	0	0	0	0	-1	0	0	0	0	0	0	0	0	0	0	1	1	-1	-1	1	-1	-1	1	0	0	0	1	0	1	1	-1	-1	1	1	0	-1	1	1	41.2	97	57	41.6	154	85	0.9381	1.457	NA	NA	NA
PWM71536_1	1	-1	0	0	1	0	0	0	0	0	0	-1	0	0	0	0	0	0	0	0	0	0	1	1	-1	-1	1	-1	-1	1	0	0	0	1	0	1	1	-1	-1	1	1	0	-1	1	1	41.2	97	57	45.1	153	79	0.9245	1.686	NA	NA	NA
PWM68472_1	1	-1	0	0	1	0	0	0	0	0	0	-1	0	0	0	0	0	0	0	0	0	0	1	1	-1	-1	1	-1	-1	1	0	0	0	1	0	1	1	-1	-1	1	1	0	-1	1	1	42.7	96	55	42.1	145	82	0.93	1.649	NA	NA	NA
ABM28655_1	1	-1	0	0	1	0	0	0	0	0	0	0	0	0	0	0	0	0	0	0	0	0	1	1	-1	-1	1	-1	-1	1	0	0	0	1	0	1	-1	-1	-1	1	1	0	-1	1	1	38.5	96	59	44.2	138	77	0.9282	3.024	NA	NA	NA
BAH73890_1	1	-1	0	0	1	0	0	0	0	0	0	0	0	0	0	0	0	0	0	0	0	0	1	1	-1	-1	1	-1	-1	1	0	0	0	0	0	1	-1	-1	-1	1	1	0	-1	1	1	38.5	96	59	45.7	138	75	0.9325	2.998	NA	NA	NA
AOZ75141_1	1	-1	0	0	1	0	0	0	0	-1	0	0	0	-1	-1	0	0	0	1	0	0	0	1	1	-1	1	1	-1	-1	1	0	1	1	0	-1	1	1	-1	0	0	0	0	-1	1	1	47.2	108	57	46.7	167	89	0.9216	3.568	NA	NA	NA
WP_061309175_1	1	-1	0	0	1	0	0	0	0	-1	0	0	0	-1	0	0	0	0	1	0	0	0	1	1	-1	1	1	-1	-1	1	0	1	1	-1	0	1	1	-1	0	1	0	0	-1	1	1	45.9	98	53	49	145	74	0.9277	1.929	NA	NA	NA
WP_005472956_1	1	-1	0	0	1	0	0	0	0	0	0	0	1	0	0	0	0	0	1	0	0	0	1	1	-1	0	1	-1	-1	1	1	0	-1	0	1	0	-1	-1	-1	1	0	0	-1	1	1	50.6	85	42	41.9	179	100	0.8779	5.343	NA	NA	NA
PCD93384_1	1	-1	0	0	1	0	0	0	0	0	0	0	1	0	0	0	0	0	1	0	0	0	1	1	-1	0	1	-1	-1	1	1	0	-1	0	1	0	-1	-1	-1	1	0	0	-1	1	1	50.6	85	42	41.9	179	100	0.8796	4.766	NA	NA	NA
EQC81899_1	1	-1	0	0	1	0	0	0	0	0	0	0	1	0	0	0	0	0	1	0	0	0	1	1	-1	0	1	-1	-1	1	1	0	-1	0	1	0	-1	-1	-1	1	0	0	-1	1	1	50.6	85	42	41.9	179	100	0.8859	5.311	NA	NA	NA
KIL81597_1	1	-1	0	0	1	0	0	0	0	0	0	0	1	0	0	0	0	0	1	0	0	0	1	1	-1	0	1	-1	-1	1	1	0	-1	0	1	0	-1	-1	-1	1	0	0	-1	1	1	50.6	85	42	41.9	179	100	0.8848	5.34	NA	NA	NA
WP_029487336_1	1	-1	0	0	1	0	0	0	0	0	0	0	1	0	0	0	0	0	1	0	0	0	1	1	-1	0	1	-1	-1	1	1	0	-1	0	1	0	-1	-1	-1	1	0	0	-1	1	1	50.6	85	42	42.5	179	99	0.8772	4.851	NA	NA	NA
WP_003129093_1	1	-1	0	0	1	0	0	0	0	0	0	0	1	0	0	0	0	0	1	0	0	0	1	1	-1	0	1	-1	-1	1	1	0	-1	0	1	0	-1	-1	-1	1	0	0	-1	1	1	50.6	85	42	41.9	179	100	0.8784	4.855	NA	NA	NA
SFE10282_1	1	-1	0	0	1	0	0	0	0	0	0	0	1	0	0	0	0	0	1	0	0	0	1	1	-1	0	1	-1	-1	1	1	0	-1	0	1	0	-1	-1	-1	1	0	0	-1	1	1	47.4	95	50	42.9	177	97	0.8994	3.458	NA	NA	NA
WP_061053563_1	1	-1	0	0	1	0	0	0	0	0	0	0	1	0	0	0	0	0	1	0	0	0	1	1	-1	0	1	-1	-1	1	1	0	-1	0	1	0	-1	-1	-1	1	0	0	-1	1	1	47.4	95	50	42.9	177	97	0.8941	3.543	NA	NA	NA
AUJ84034_1	1	-1	0	0	1	0	0	0	0	0	0	0	1	0	0	0	0	0	1	0	0	0	1	1	-1	0	1	-1	-1	1	1	0	-1	0	1	0	-1	-1	-1	1	0	0	-1	1	1	47.4	95	50	42.9	177	97	0.8966	3.397	NA	NA	NA
STP32461_1	1	-1	0	0	1	0	0	0	0	0	0	0	1	0	0	0	0	0	1	0	0	0	1	1	-1	0	1	-1	-1	1	1	0	-1	0	1	0	-1	-1	-1	1	0	0	-1	1	1	47.4	95	50	42.5	179	99	0.9026	5.861	NA	NA	NA
WP_087626718_1	1	-1	0	0	1	0	0	0	0	0	0	0	1	0	0	0	0	0	1	0	0	0	1	1	-1	0	1	-1	-1	1	1	0	-1	0	1	0	-1	-1	-1	1	0	0	-1	1	1	47.4	95	50	43	179	98	0.9023	5.91	NA	NA	NA
WP_096742053_1	1	-1	0	0	1	0	0	0	0	0	0	0	1	0	0	0	0	0	1	0	0	0	1	1	-1	0	1	-1	-1	1	1	0	-1	0	1	0	-1	-1	-1	1	0	0	-1	1	1	48.4	95	49	43.6	179	97	0.8962	5.623	NA	NA	NA
WP_118215521_1	1	-1	0	0	1	0	0	0	0	0	0	0	1	0	0	0	0	0	1	0	0	0	1	1	-1	0	1	-1	-1	1	1	0	-1	0	1	0	-1	-1	-1	1	0	0	-1	1	1	47.4	95	50	42.5	179	99	0.8873	5.032	NA	NA	NA
WP_103300682_1	1	-1	0	0	1	0	0	0	0	0	0	0	1	0	0	0	0	0	1	0	0	0	1	1	-1	0	1	-1	-1	1	1	0	-1	0	1	0	-1	-1	-1	1	0	0	-1	1	1	50.6	85	42	41	178	100	0.8798	7.689	NA	NA	NA
WP_081131820_1	1	-1	0	0	1	0	0	0	0	0	0	0	1	0	0	0	0	0	1	0	0	0	1	1	-1	0	1	-1	-1	1	1	0	-1	0	1	0	-1	-1	-1	1	0	0	-1	1	1	50.6	85	42	41	178	100	0.8858	6.775	NA	NA	NA
STD83889_1	1	-1	0	0	1	0	0	0	0	0	0	0	1	0	0	0	0	0	1	0	0	0	1	1	-1	0	1	-1	-1	1	1	0	-1	0	1	0	-1	-1	-1	1	0	0	-1	1	1	47.8	90	47	41	178	100	0.9259	3.605	NA	NA	NA
OJG50413_1	1	-1	0	0	1	0	0	0	0	0	0	0	1	0	0	0	0	0	1	0	0	0	1	1	-1	0	1	-1	-1	1	1	0	-1	0	1	0	-1	-1	-1	1	0	0	-1	1	1	47.8	90	47	42.3	175	91	0.9262	3.863	NA	NA	NA
KPG68862_1	1	-1	0	0	1	0	0	0	0	0	0	0	1	0	0	0	0	0	1	0	0	0	1	1	-1	0	1	-1	-1	1	1	0	-1	0	1	0	-1	-1	-1	1	0	0	-1	1	1	50	88	44	45.3	172	88	0.9204	2.922	NA	NA	NA
RGK47154_1	1	-1	0	-1	1	0	0	0	0	-1	0	0	1	0	0	0	0	0	1	0	0	0	1	1	-1	1	1	-1	-1	1	1	1	-1	0	1	0	-1	-1	-1	1	0	0	-1	1	1	53.6	84	39	43.6	165	92	0.8715	4.256	NA	NA	NA
AJA34222_1	1	-1	0	0	1	0	0	0	0	-1	0	0	1	1	0	0	0	0	1	0	0	0	1	1	-1	0	1	-1	-1	1	1	1	-1	0	1	1	-1	-1	-1	1	0	0	-1	1	1	51	96	47	44.2	165	91	0.9107	3.362	NA	NA	NA
KIC05355_1	1	-1	0	0	1	0	0	0	0	-1	0	0	1	0	0	0	0	0	1	0	0	0	1	1	-1	0	1	-1	-1	1	1	1	-1	0	1	0	-1	-1	-1	1	0	0	-1	1	1	50	96	48	44.2	165	91	0.8887	4.027	NA	NA	NA
WP_046921395_1	1	-1	0	-1	1	0	0	0	0	-1	0	0	1	0	0	0	0	0	1	0	0	0	1	1	-1	1	1	-1	-1	1	1	1	-1	0	1	0	-1	-1	-1	1	0	0	-1	1	1	50	96	48	46.1	165	88	0.9016	6.283	NA	NA	NA
KLA43881_1	1	-1	0	-1	1	0	0	0	0	-1	0	0	1	0	0	0	0	0	1	0	0	0	1	1	-1	1	1	-1	-1	1	1	1	-1	0	1	1	-1	-1	-1	1	0	0	-1	1	1	49	98	50	46.7	165	87	0.8896	6.296	NA	NA	NA
WP_117642604_1	1	-1	0	-1	1	0	0	0	0	-1	0	0	1	0	0	0	0	0	1	0	0	0	1	1	-1	1	1	-1	-1	1	1	1	-1	0	1	0	-1	-1	-1	1	0	0	-1	1	1	48.5	97	47	43.6	165	92	0.9251	3.838	NA	NA	NA
WP_046923501_1	1	-1	0	-1	1	0	0	0	0	-1	0	0	1	0	0	0	0	0	1	0	0	0	1	1	-1	1	1	-1	-1	1	1	1	-1	0	1	0	-1	-1	-1	1	0	0	-1	1	1	50.5	91	45	44.2	165	91	0.933	4.681	NA	NA	NA
WP_080926253_1	1	-1	0	-1	1	0	0	0	0	-1	0	0	1	1	0	0	0	0	1	0	0	0	1	1	-1	1	1	-1	-1	1	1	1	-1	0	1	1	-1	-1	-1	1	0	0	-1	1	1	50	96	48	45.5	165	89	0.907	4.797	NA	NA	NA
EFZ33846_1	1	-1	0	-1	1	0	0	0	0	0	0	0	1	1	0	0	0	0	1	0	0	0	1	1	-1	1	1	-1	-1	1	1	0	-1	0	1	1	-1	-1	-1	1	0	0	-1	1	1	43.3	120	64	44.2	172	92	0.9083	2.656	NA	NA	NA
CDC57852_1	1	-1	0	-1	1	0	0	0	0	0	0	0	1	1	0	0	0	0	1	0	0	0	1	1	-1	1	1	-1	-1	1	1	0	-1	0	1	1	-1	-1	-1	1	0	0	-1	1	1	43.8	121	64	43.6	172	93	0.907	5.129	NA	NA	NA
WP_035171497_1	1	-1	0	-1	1	0	0	0	0	0	0	0	1	0	0	0	0	0	1	0	0	0	1	1	-1	1	1	-1	-1	1	1	0	-1	0	1	0	-1	-1	-1	1	0	0	-1	1	1	52.9	87	41	46.2	158	81	0.9277	2.675	NA	NA	NA
WP_009260609_1	1	-1	0	0	1	0	0	0	0	0	0	-1	1	-1	0	0	0	0	1	0	0	0	1	1	-1	1	1	-1	-1	1	1	0	-1	1	1	1	1	-1	0	1	0	0	-1	1	1	40.5	116	69	49.6	117	58	0.952	2.984	NA	NA	NA
ANU41778_1	1	-1	0	0	1	0	0	0	0	0	0	-1	1	-1	0	0	0	0	1	0	0	0	1	1	-1	1	1	-1	-1	1	1	0	-1	1	1	1	1	-1	0	1	0	0	-1	1	1	40.5	116	69	49.6	117	58	0.9519	3.477	NA	NA	NA
CUP88109_1	1	-1	0	0	1	0	0	0	0	0	0	-1	1	-1	0	0	0	0	1	0	0	0	1	1	-1	1	1	-1	-1	1	1	0	-1	1	1	1	1	-1	0	1	0	0	-1	1	1	40.5	116	69	49.6	117	58	0.9594	3.422	NA	NA	NA
WP_021633410_1	1	-1	0	0	1	0	0	0	0	0	0	-1	1	-1	0	0	0	0	1	0	0	0	1	1	-1	1	1	-1	-1	1	1	0	-1	1	1	1	1	-1	0	1	0	0	-1	1	1	40.5	116	69	44.4	144	74	0.9515	3.462	NA	NA	NA
WP_024723289_1	1	-1	0	0	1	0	0	0	0	0	0	-1	1	0	0	0	0	0	1	0	0	0	1	1	-1	1	1	-1	-1	1	1	0	-1	1	1	1	1	-1	0	1	0	0	-1	1	1	40.5	116	69	41.1	168	95	0.9527	3.464	NA	NA	NA
WP_054339582_1	1	-1	0	0	1	0	0	0	0	0	0	-1	1	-1	0	0	0	0	1	0	0	0	1	1	-1	1	1	-1	-1	1	1	0	-1	1	1	1	1	-1	0	1	0	0	-1	1	1	40.5	116	69	46.6	133	66	0.9531	2.981	NA	NA	NA
KGF54300_1	1	-1	0	0	1	0	0	0	0	0	0	-1	1	0	0	0	0	0	1	0	0	0	1	1	-1	1	1	-1	-1	1	1	0	-1	1	1	1	1	-1	0	1	0	0	-1	1	1	40.5	116	69	49.6	117	58	0.9473	3.498	NA	NA	NA
WP_054339530_1	1	-1	0	0	1	0	0	0	0	0	0	-1	1	0	0	0	0	0	1	0	0	0	1	1	-1	1	1	-1	-1	1	1	0	-1	1	1	1	1	-1	0	1	0	0	-1	1	1	40.5	116	69	49.6	117	58	0.9572	2.949	NA	NA	NA
EHO24191_1	1	-1	0	0	1	0	0	0	0	0	0	-1	1	0	0	0	0	0	1	0	0	0	1	1	-1	1	1	-1	-1	1	1	0	-1	1	1	1	1	-1	0	1	0	0	-1	1	1	40.5	116	69	49.6	117	58	0.9483	3.506	NA	NA	NA
WP_024724909_1	1	-1	0	0	1	0	0	0	0	0	0	-1	1	-1	0	0	0	0	1	0	0	0	1	1	-1	1	1	-1	-1	1	1	0	-1	1	1	1	1	-1	0	1	0	0	-1	1	1	40.5	116	69	48.7	117	59	0.9446	3.048	NA	NA	NA
WP_007493141_1	1	-1	0	0	1	0	0	0	0	0	0	-1	1	-1	0	0	0	0	1	0	0	0	1	1	-1	1	1	-1	-1	1	1	0	-1	1	1	1	1	-1	0	1	0	0	-1	1	1	40.5	116	69	48.7	117	59	0.9341	3.607	NA	NA	NA
OUO79164_1	1	-1	0	0	1	0	0	0	0	0	0	-1	1	-1	0	0	0	0	1	0	0	0	1	1	-1	1	1	-1	-1	1	1	0	-1	1	1	1	1	-1	0	1	0	0	-1	1	1	40.5	116	69	48.7	117	59	0.9327	3.653	NA	NA	NA
CUP81242_1	1	-1	0	0	1	0	0	0	0	0	0	-1	1	-1	0	0	0	0	1	0	0	0	1	1	-1	1	1	-1	-1	1	1	0	-1	1	1	1	1	-1	0	1	0	0	-1	1	1	40.5	116	69	46.2	117	62	0.9458	3.084	NA	NA	NA
WP_108981172_1	1	-1	0	0	1	0	0	0	0	0	0	-1	1	-1	0	0	0	0	1	0	0	0	1	1	-1	1	1	-1	-1	1	1	0	0	1	1	1	1	-1	0	1	0	0	-1	1	1	39.7	116	70	43.5	154	78	0.955	3.477	NA	NA	NA
WP_050624932_1	1	-1	0	0	1	0	0	0	0	0	0	-1	1	-1	0	0	0	0	1	0	0	0	1	1	-1	1	1	-1	-1	1	1	0	-1	1	1	1	1	-1	0	1	0	0	-1	1	1	38.8	116	71	44.8	143	74	0.9425	3.095	NA	NA	NA
WP_082397411_1	1	-1	0	0	1	0	0	0	0	0	0	0	1	0	-1	0	0	0	1	0	0	0	1	1	-1	1	1	-1	-1	1	1	0	0	1	1	-1	1	-1	0	1	0	0	1	1	1	31	116	80	38.7	106	56	0.9518	1.301	NA	NA	NA
WP_031475621_1	1	-1	0	0	1	0	0	0	0	0	0	-1	0	-1	1	0	0	0	1	0	0	0	1	1	-1	1	1	-1	-1	1	1	0	0	1	-1	1	1	-1	0	1	0	0	1	1	1	53.2	47	22	45.5	123	66	0.9501	2.991	NA	NA	NA
RHT73988_1	1	-1	0	0	1	0	0	0	0	0	0	-1	1	1	0	0	0	0	1	0	0	0	1	1	-1	1	1	-1	-1	1	1	0	0	1	1	1	-1	-1	0	1	0	0	-1	1	1	42.1	114	66	38.5	169	97	0.9516	3.472	NA	NA	NA
WP_107631884_1	1	-1	0	0	1	0	0	0	0	0	0	0	0	-1	1	0	0	0	1	0	0	0	1	1	-1	1	1	-1	-1	1	1	0	0	1	-1	1	1	-1	0	1	0	0	1	1	1	35.3	116	75	46.3	123	65	0.9597	2.966	NA	NA	NA
WP_031472399_1	1	-1	0	0	1	0	0	0	0	0	0	0	1	-1	0	0	0	0	1	0	0	0	1	1	-1	1	1	-1	-1	1	1	0	0	1	1	1	1	-1	0	1	0	0	1	1	1	29.3	116	82	48	123	63	0.9588	2.98	NA	NA	NA
SCJ35934_1	1	-1	0	0	1	0	0	0	0	0	0	0	0	-1	1	0	0	0	1	0	0	0	1	1	-1	1	1	-1	-1	1	1	0	0	1	1	1	1	-1	0	1	0	0	1	1	1	31.9	116	79	43.9	123	68	0.9609	2.964	NA	NA	NA
WP_054327105_1	1	-1	0	0	1	0	0	0	0	0	0	0	0	-1	1	0	0	0	1	0	0	0	1	1	-1	1	1	-1	-1	1	1	0	0	1	1	1	1	-1	0	1	0	0	1	1	1	31.9	116	79	43.9	123	68	0.9598	2.992	NA	NA	NA
WP_065534017_1	1	-1	0	0	1	0	0	0	0	0	0	0	1	-1	0	0	0	0	1	0	0	0	1	1	-1	1	1	-1	-1	1	1	0	0	-1	1	1	1	-1	0	1	0	0	-1	1	1	43.1	116	66	48	123	63	0.9693	1.108	-2,584997089	0,910419203	silent
CUQ49673_1	1	-1	0	0	1	0	0	0	0	0	0	0	1	-1	0	0	0	0	1	0	0	0	1	1	-1	1	1	-1	-1	1	1	0	0	-1	1	1	1	-1	0	1	0	0	-1	1	1	43.1	116	66	48	123	63	0.9623	1.256	NA	NA	NA
WP_007495380_1	1	-1	0	0	1	0	0	0	0	0	0	0	1	-1	0	0	0	0	1	0	0	0	1	1	-1	1	1	-1	-1	1	1	0	0	-1	1	1	1	-1	0	1	0	0	-1	1	1	43.1	116	66	48.8	123	62	0.9613	1.267	NA	NA	NA
OUO84093_1	1	-1	0	0	1	0	0	0	0	0	0	0	1	-1	0	0	0	0	1	0	0	0	1	1	-1	1	1	-1	-1	1	1	0	0	-1	1	1	1	-1	0	1	0	0	-1	1	1	43.1	116	66	48	123	63	0.9647	1.2	NA	NA	NA
WP_050625265_1	1	-1	0	0	1	0	0	0	0	0	0	0	1	0	0	0	0	0	1	0	0	0	1	1	-1	1	1	-1	-1	1	1	0	0	1	1	0	1	-1	0	1	0	0	-1	1	1	43.1	116	66	45	140	74	0.9436	3.106	NA	NA	NA
WP_108979530_1	1	-1	0	0	1	0	0	0	0	0	0	0	1	0	0	0	0	0	1	0	0	0	1	1	-1	1	1	-1	-1	1	1	0	0	1	1	0	1	-1	0	1	0	0	-1	1	1	43.1	116	66	45	140	74	0.9328	3.192	NA	NA	NA
ASB39343_1	1	-1	0	0	1	0	0	-1	0	0	0	0	0	-1	0	0	0	0	1	0	0	0	1	1	-1	1	1	-1	-1	1	1	0	0	1	0	1	-1	-1	0	1	0	0	-1	1	1	42.3	104	55	38.3	133	81	0.8994	3.128	NA	NA	NA
WP_118747250_1	1	-1	0	0	1	0	0	0	0	0	0	0	1	1	0	0	0	0	1	0	0	0	1	1	-1	1	1	-1	-1	1	1	0	0	1	1	1	-1	-1	-1	1	0	0	0	1	1	42.2	116	67	46.3	123	65	0.9366	3.133	-2,248252549	0,649512841	silent
OUP07344_1	1	-1	0	0	1	0	0	0	0	0	0	0	1	-1	0	0	0	0	1	0	0	0	1	1	-1	1	1	-1	-1	1	1	0	0	1	1	1	1	-1	0	1	0	0	-1	1	1	40.5	116	69	46.7	135	69	0.9431	3.427	NA	NA	NA
OUO41062_1	1	-1	0	0	1	0	0	0	0	0	0	0	1	0	0	0	0	0	1	0	0	0	1	1	-1	1	1	-1	-1	1	1	0	0	1	1	-1	1	-1	0	1	0	0	-1	1	1	55.3	47	21	48	123	63	0.9513	3.02	NA	NA	NA
OUP06744_1	1	-1	0	0	1	0	0	0	0	0	0	0	0	-1	0	0	0	0	1	0	0	0	1	1	-1	1	1	-1	-1	1	1	0	0	1	1	1	1	-1	0	1	0	0	-1	1	1	42.2	116	67	41.1	163	93	0.9417	3.094	NA	NA	NA
WP_118428499_1	1	-1	0	0	1	0	0	0	0	0	0	-1	1	-1	-1	0	0	0	1	0	0	0	1	1	-1	1	1	-1	-1	1	1	0	0	1	1	1	1	-1	0	1	0	0	-1	1	1	41.4	116	68	40.9	154	86	0.9531	1.494	NA	NA	NA
WP_071433940_1	1	-1	0	0	1	0	0	0	0	0	0	-1	1	0	-1	0	0	0	1	0	0	0	1	1	-1	1	1	-1	-1	1	1	0	0	1	1	0	1	-1	0	1	0	0	-1	1	1	40.5	116	69	45.5	134	73	0.9736	1.084	NA	NA	NA
ODR60262_1	1	-1	0	0	1	0	0	1	0	0	0	-1	-1	0	0	0	0	0	1	0	0	0	1	1	-1	1	1	-1	-1	1	1	0	0	1	1	0	-1	-1	-1	1	0	0	-1	1	1	44.8	116	64	43.2	132	74	0.9293	3.232	NA	NA	NA
EGN44732_1	1	-1	0	0	1	0	0	1	0	0	0	-1	-1	0	0	0	0	0	1	0	0	0	1	1	-1	1	1	-1	-1	1	1	0	0	1	1	0	-1	-1	-1	1	0	0	-1	1	1	45.7	116	63	43.9	132	73	0.9475	1.548	NA	NA	NA
SFH42064_1	1	-1	0	0	1	0	0	1	0	0	0	-1	-1	0	0	0	0	0	1	0	0	0	1	1	-1	1	1	-1	-1	1	1	0	0	1	1	0	-1	-1	-1	1	0	0	-1	1	1	45.7	116	63	43.9	132	73	0.9576	1.422	NA	NA	NA
KMW18684_1	1	-1	0	0	1	0	0	1	0	0	0	-1	-1	-1	0	0	0	0	1	0	0	0	1	1	-1	1	1	-1	-1	1	1	0	0	1	1	1	-1	-1	-1	1	0	0	-1	1	1	44	116	65	44.7	132	72	0.9555	3.021	NA	NA	NA
WP_007865496_1	1	-1	0	0	1	0	0	1	0	0	0	-1	-1	-1	0	0	0	0	1	0	0	0	1	1	-1	1	1	-1	-1	1	1	0	0	1	1	1	-1	-1	-1	1	0	0	-1	1	1	43.1	116	66	44.7	132	72	0.954	2.417	NA	NA	NA
WP_040380435_1	1	-1	0	0	1	0	0	1	0	0	0	-1	-1	0	0	0	0	0	1	0	0	0	1	1	-1	1	1	-1	-1	1	1	0	0	1	1	1	-1	-1	-1	1	0	0	-1	1	1	44.8	116	64	38.4	159	97	0.9414	3.106	NA	NA	NA
ODM10462_1	1	-1	0	0	1	0	0	1	0	0	0	-1	-1	0	0	0	0	0	1	0	0	0	1	1	-1	1	1	-1	-1	1	1	0	0	1	1	0	-1	-1	-1	1	0	0	-1	1	1	45.7	116	63	43.9	132	73	0.9637	1.311	NA	NA	NA
WP_044971241_1	1	-1	0	0	1	0	0	1	0	0	0	-1	-1	0	0	0	0	0	1	0	0	0	1	1	-1	1	1	-1	-1	1	1	0	0	1	1	0	-1	-1	-1	1	0	0	-1	1	1	44.8	116	64	43.9	132	73	0.9236	3.308	NA	NA	NA
CUP06607_1	1	-1	0	0	1	0	0	1	0	0	0	-1	-1	0	0	0	0	0	1	0	0	0	1	1	-1	1	1	-1	-1	1	1	0	0	1	1	0	-1	-1	-1	1	0	0	-1	1	1	44.8	116	64	44.7	132	72	0.9682	1.22	NA	NA	NA
EFC98669_1	1	-1	0	0	1	0	0	1	0	0	0	-1	-1	0	0	0	0	0	1	0	0	0	1	1	-1	1	1	-1	-1	1	1	0	0	1	1	0	-1	-1	-1	1	0	0	-1	1	1	44.8	116	64	44.7	132	72	0.7864	1.214	NA	NA	NA
SCH66644_1	1	-1	0	0	1	0	0	1	0	0	0	-1	-1	0	0	0	0	0	1	0	0	0	1	1	-1	1	1	-1	-1	1	1	0	0	1	1	0	-1	-1	-1	1	0	0	-1	1	1	43.1	116	66	46.2	132	70	0.7511	1.055	NA	NA	NA
WP_025485127_1	1	-1	0	0	1	0	0	1	0	0	0	-1	-1	0	0	0	0	0	1	0	0	0	1	1	-1	1	1	-1	-1	1	1	0	0	1	1	0	-1	-1	-1	1	0	0	-1	1	1	43.1	116	66	45.5	132	71	0.9675	1.227	NA	NA	NA
WP_045091198_1	1	-1	0	0	1	0	0	1	0	0	0	-1	-1	-1	0	0	0	0	1	0	0	0	1	1	-1	1	1	-1	-1	1	1	0	0	1	1	1	-1	-1	-1	1	0	0	-1	1	1	44	116	65	44.7	132	72	0.9653	1.276	NA	NA	NA
RHC55557_1	1	-1	0	0	1	0	0	1	0	0	0	-1	-1	0	0	0	0	0	1	0	0	0	1	1	-1	1	1	-1	-1	1	1	0	0	1	1	0	-1	-1	-1	1	0	0	-1	1	1	44.8	116	64	43.9	132	73	0.9562	1.44	NA	NA	NA
CCX96711_1	1	-1	0	0	1	0	0	1	0	0	0	-1	-1	0	0	0	0	0	1	0	0	0	1	1	-1	1	1	-1	-1	1	1	0	0	1	1	0	-1	-1	-1	1	0	0	-1	1	1	44.8	116	64	43.9	132	73	0.9661	1.255	NA	NA	NA
RGB94848_1	1	-1	0	0	1	0	0	1	0	0	0	-1	-1	0	0	0	0	0	1	0	0	0	1	1	-1	1	1	-1	-1	1	1	0	0	1	1	0	-1	-1	-1	1	0	0	-1	1	1	44.8	116	64	43.9	132	73	0.9645	1.287	NA	NA	NA
WP_117627148_1	1	-1	0	0	1	0	0	1	0	0	0	-1	-1	0	0	0	0	0	1	0	0	0	1	1	-1	1	1	-1	-1	1	1	0	0	1	1	0	-1	-1	-1	1	0	0	-1	1	1	44.8	116	64	43.9	132	73	0.9591	1.388	NA	NA	NA
WP_110325990_1	1	-1	0	0	1	0	0	1	0	0	0	-1	-1	0	0	0	0	0	1	0	0	0	1	1	-1	1	1	-1	-1	1	1	0	0	1	1	0	-1	-1	-1	1	0	0	-1	1	1	44.8	116	64	42.9	147	81	0.9703	1.171	NA	NA	NA
EDP15200_1	1	-1	0	0	1	0	0	1	0	0	0	-1	-1	0	0	0	0	0	1	0	0	0	1	1	-1	1	1	-1	-1	1	1	0	0	1	1	0	-1	-1	-1	1	0	0	-1	1	1	47	115	56	43.9	132	73	0.9482	1.223	NA	NA	NA
ENY90710_1	1	-1	0	0	1	0	0	1	0	0	0	-1	-1	0	0	0	0	0	1	0	0	0	1	1	-1	1	1	-1	-1	1	1	0	0	1	1	0	-1	-1	-1	1	0	0	-1	1	1	45.7	116	63	45	140	74	0.9653	1.27	NA	NA	NA
WP_025531615_1	1	-1	0	0	1	0	0	1	0	0	0	-1	-1	0	0	0	0	0	1	0	0	0	1	1	-1	1	1	-1	-1	1	1	0	0	1	1	0	-1	-1	-1	1	0	0	-1	1	1	45.7	116	63	44.3	140	75	0.9632	1.31	NA	NA	NA
WP_118682307_1	1	-1	0	0	1	0	0	1	0	0	0	-1	-1	0	0	0	0	0	1	0	0	0	1	1	-1	1	1	-1	-1	1	1	0	0	1	1	0	-1	-1	-1	1	0	0	-1	1	1	42.2	116	67	43.4	152	82	0.9646	1.281	NA	NA	NA
RGI98502_1	1	-1	0	0	1	0	0	1	0	0	0	-1	-1	0	0	0	0	0	1	0	0	0	1	1	-1	1	1	-1	-1	1	1	0	0	1	1	0	-1	-1	-1	1	0	0	-1	1	1	48.7	115	54	45.5	132	71	0.9619	1.342	NA	NA	NA
RGM01779_1	1	-1	0	0	1	0	0	1	0	0	0	-1	-1	0	0	0	0	0	1	0	0	0	1	1	-1	1	1	-1	-1	1	1	0	0	1	1	0	-1	-1	-1	1	0	0	-1	1	1	48.7	115	54	45.5	132	71	0.968	1.225	NA	NA	NA
RGB89794_1	1	-1	0	0	1	0	0	1	0	0	0	-1	-1	0	0	0	0	0	1	0	0	0	1	1	-1	1	1	-1	-1	1	1	0	0	1	1	0	-1	-1	-1	1	0	0	-1	1	1	44.8	116	64	42.3	149	83	0.9571	1.423	NA	NA	NA
WP_118710912_1	1	-1	0	0	1	0	0	1	0	0	0	-1	-1	-1	0	0	0	0	1	0	0	0	1	1	-1	1	1	-1	-1	1	1	0	0	1	1	1	-1	-1	-1	1	0	0	-1	1	1	31.9	116	79	44.7	132	72	0.9407	1.714	NA	NA	NA
WP_069154702_1	1	-1	0	0	1	0	0	1	0	0	0	-1	-1	0	0	0	0	0	1	0	0	0	1	1	-1	1	1	-1	-1	1	1	0	0	1	1	0	-1	-1	-1	1	0	0	-1	1	1	45.7	116	63	43.9	132	73	0.9608	1.358	NA	NA	NA
CCZ62687_1	1	-1	0	0	1	0	0	1	0	0	0	-1	-1	0	0	0	0	0	1	0	0	0	1	1	-1	1	1	-1	-1	1	1	0	0	1	1	0	-1	-1	-1	1	0	0	-1	1	1	44.8	116	64	44.7	132	72	0.9011	1.298	NA	NA	NA
CUP43968_1	1	-1	0	0	1	0	0	1	0	0	0	-1	-1	0	0	0	0	0	1	0	0	0	1	1	-1	1	1	-1	-1	1	1	0	0	1	1	0	-1	-1	-1	1	0	0	-1	1	1	44.8	116	64	44.7	132	72	0.8978	1.369	NA	NA	NA
WP_118041780_1	1	-1	0	0	1	0	0	1	0	0	0	-1	-1	0	0	0	0	0	1	0	0	0	1	1	-1	1	1	-1	-1	1	1	0	0	1	1	0	-1	-1	-1	1	0	0	-1	1	1	45.6	114	62	44.7	132	72	0.9624	1.329	NA	NA	NA
RGC23617_1	1	-1	0	0	1	0	0	1	0	0	0	-1	-1	0	0	0	0	0	1	0	0	0	1	1	-1	1	1	-1	-1	1	1	0	0	1	1	0	-1	-1	-1	1	0	0	-1	1	1	44.8	116	64	45.5	132	71	0.9431	3.098	NA	NA	NA
SCJ44515_1	1	-1	0	0	1	0	0	1	0	0	0	-1	-1	0	0	0	0	0	1	0	0	0	1	1	-1	1	1	-1	-1	1	1	0	0	1	1	0	-1	-1	-1	1	0	0	-1	1	1	31.9	116	79	44.9	138	73	0.9392	2.568	NA	NA	NA
WP_006782651_1	1	-1	0	0	1	0	0	1	0	0	0	-1	-1	-1	0	0	0	0	1	0	0	0	1	1	-1	1	1	-1	-1	1	1	0	0	1	1	1	-1	-1	-1	1	0	0	-1	1	1	44.8	116	64	41.7	168	97	0.9492	1.565	NA	NA	NA
EHI57555_1	1	-1	0	0	1	0	0	1	0	0	0	-1	-1	1	0	0	0	0	1	0	0	0	1	1	-1	1	1	-1	-1	1	1	0	0	1	1	1	-1	-1	-1	1	0	0	-1	1	1	44.8	116	64	42.3	168	96	0.9161	2.127	NA	NA	NA
RHB65614_1	1	-1	0	0	1	0	0	1	0	0	0	-1	-1	0	0	0	0	0	1	0	0	0	1	1	-1	1	1	-1	-1	1	1	0	0	1	1	1	-1	-1	-1	1	0	0	-1	1	1	42.2	116	67	40	145	84	0.9533	1.503	NA	NA	NA
PKB55032_1	1	-1	0	0	1	0	0	1	0	0	0	-1	-1	0	0	0	0	0	1	0	0	0	1	1	-1	1	1	-1	-1	1	1	0	0	1	1	1	-1	-1	-1	1	0	0	-1	1	1	42.2	116	67	40	145	84	0.9341	1.834	NA	NA	NA
WP_104438808_1	1	-1	0	0	1	0	0	0	0	0	0	-1	1	0	0	0	0	0	1	0	0	0	1	1	-1	1	1	-1	-1	1	1	0	0	1	1	-1	0	-1	-1	1	0	0	-1	1	1	47	115	61	49.2	122	61	0.9331	3.158	NA	NA	NA
RHP87658_1	1	-1	0	0	1	0	0	0	0	0	0	0	1	0	0	0	0	0	1	0	0	0	1	1	-1	1	1	-1	-1	1	1	0	0	1	1	1	0	-1	-1	1	0	0	-1	1	1	47.4	116	61	49.6	123	61	0.9606	1.351	NA	NA	NA
ERI74182_1	1	-1	0	0	1	0	0	0	0	0	0	0	1	0	0	0	0	0	1	0	0	0	1	1	-1	1	1	-1	-1	1	1	0	0	1	1	0	0	-1	-1	1	0	0	-1	0	1	50.9	116	57	47.5	122	63	0.9032	2.96	NA	NA	NA
CUO08246_1	1	-1	0	0	1	0	0	0	0	0	0	0	1	0	0	0	0	0	1	0	0	0	1	1	-1	1	1	-1	-1	1	1	0	0	1	1	0	0	-1	-1	1	0	0	-1	0	1	50.9	116	57	47.5	122	63	0.9559	2.974	NA	NA	NA
EGN44819_1	1	-1	0	0	1	0	0	0	0	0	0	0	1	-1	0	0	0	0	1	0	0	0	1	1	-1	1	1	-1	-1	1	1	0	0	1	1	1	0	-1	-1	1	0	0	-1	1	1	48.3	116	60	49.6	123	61	0.9589	2.947	NA	NA	NA
WP_044972318_1	1	-1	0	0	1	0	0	0	0	0	0	0	1	-1	0	0	0	0	1	0	0	0	1	1	-1	1	1	-1	-1	1	1	0	0	1	1	1	0	-1	-1	1	0	0	-1	1	1	48.3	116	60	49.6	123	61	0.9649	2.915	NA	NA	NA
ODM08280_1	1	-1	0	0	1	0	0	0	0	0	0	0	1	-1	0	0	0	0	1	0	0	0	1	1	-1	1	1	-1	-1	1	1	0	0	1	1	1	0	-1	-1	1	0	0	-1	1	1	48.3	116	60	49.6	123	61	0.9643	2.909	NA	NA	NA
SFH41079_1	1	-1	0	0	1	0	0	0	0	0	0	0	1	-1	0	0	0	0	1	0	0	0	1	1	-1	1	1	-1	-1	1	1	0	0	1	1	1	0	-1	-1	1	0	0	-1	1	1	48.3	116	60	49.6	123	61	0.9618	2.928	NA	NA	NA
AMJ41120_1	1	-1	0	0	1	0	0	0	0	0	0	0	1	-1	0	0	0	0	1	0	0	0	1	1	-1	1	1	-1	-1	1	1	0	0	1	1	1	0	-1	-1	1	0	0	-1	1	1	46.6	116	62	50	122	60	0.9584	2.963	NA	NA	NA
EOS34684_1	1	NA	NA	NA	NA	0	0	0	0	0	0	0	1	0	0	0	0	0	1	0	0	0	1	NA	NA	NA	NA	-1	-1	1	1	0	0	0	1	1	1	-1	-1	1	0	0	-1	1	1	48.4	91	47	32.5	77	49	0.8883	3.967	NA	NA	NA
WP_044985281_1	1	NA	NA	NA	NA	0	0	0	0	0	0	0	1	0	0	0	0	0	1	0	0	0	1	NA	NA	NA	NA	-1	-1	1	1	0	0	0	1	1	1	-1	-1	1	0	0	-1	1	1	48.4	91	47	33.8	77	48	0.9062	1.674	NA	NA	NA
EOS81033_1	1	-1	0	0	1	0	0	0	0	0	0	0	1	1	1	0	0	0	1	0	0	0	1	1	-1	1	1	-1	-1	1	1	0	0	0	1	1	1	-1	-1	1	0	0	-1	1	1	45.3	106	58	42.4	170	82	0.8998	3.417	NA	NA	NA
WP_016217890_1	1	-1	0	0	1	0	0	0	0	0	0	0	1	1	1	0	0	0	1	0	0	0	1	1	-1	1	1	-1	-1	1	1	0	0	0	1	1	1	-1	-1	1	0	0	-1	1	1	44.5	110	61	41.4	169	84	0.9153	3.43	NA	NA	NA
EOS81037_1	1	-1	0	0	1	0	0	0	0	0	0	0	1	1	1	0	0	0	1	0	0	0	1	1	-1	1	1	-1	-1	1	1	0	0	0	1	1	1	-1	-1	1	0	0	-1	1	1	47.2	106	56	41	173	87	0.8999	3.401	NA	NA	NA
WP_016217885_1	1	-1	0	0	1	0	0	0	0	0	0	0	1	1	1	0	0	0	1	0	0	0	1	1	-1	1	1	-1	-1	1	1	0	0	0	1	1	1	-1	-1	1	0	0	-1	1	1	46.2	106	57	41.7	168	84	0.9322	2.007	NA	NA	NA
WP_016298447_1	1	-1	0	0	1	0	0	0	0	0	0	0	1	0	0	0	0	0	1	0	0	0	1	1	-1	1	1	-1	-1	1	1	0	0	0	1	1	-1	-1	-1	1	0	0	-1	1	1	49	100	51	46.2	119	64	0.9032	4.141	NA	NA	NA
EMZ21810_1	1	-1	0	0	1	0	0	0	0	0	0	0	1	0	0	0	0	0	1	0	0	0	1	1	-1	1	1	-1	-1	1	1	0	0	0	1	0	1	-1	-1	1	0	0	-1	1	1	46.4	97	52	44.7	159	84	0.9601	3.305	NA	NA	NA
EMZ21732_1	1	-1	0	0	1	0	0	0	0	0	0	0	1	0	0	0	0	0	1	0	0	0	1	1	-1	1	1	-1	0	1	1	0	0	0	1	1	1	-1	-1	1	0	0	-1	1	1	47.1	102	54	45.3	139	75	0.9479	2.632	NA	NA	NA
WP_016298443_1	1	-1	0	0	1	0	0	0	0	0	0	0	1	0	0	0	0	0	1	0	0	0	1	1	-1	1	1	-1	-1	1	1	0	0	0	1	0	-1	-1	-1	1	0	0	-1	1	1	37.9	116	72	42.9	161	90	0.9277	2.392	NA	NA	NA
KEZ88085_1	1	-1	0	0	1	0	0	0	0	0	0	-1	-1	0	0	0	0	0	1	0	0	0	1	1	-1	1	1	-1	-1	1	1	0	0	1	1	1	-1	-1	-1	1	0	0	-1	1	1	58.6	70	29	46.7	135	70	0.9494	2.992	NA	NA	NA
PJJ31124_1	1	-1	0	0	1	0	0	0	0	0	0	0	-1	-1	0	0	0	0	1	0	0	0	1	1	-1	1	1	-1	0	1	1	0	0	1	1	1	1	-1	0	1	0	0	-1	1	1	43.8	121	63	40.6	160	88	0.9584	1.467	NA	NA	NA
RFZ80339_1	1	-1	0	0	1	0	0	0	0	0	0	-1	1	-1	0	0	0	0	1	0	0	0	1	1	-1	1	1	-1	-1	1	1	0	0	1	1	1	0	-1	-1	1	0	0	-1	1	1	47.8	115	60	46.3	134	69	0.9474	1.59	NA	NA	NA
SUY52537_1	1	-1	0	0	1	0	0	0	0	0	0	0	1	0	0	0	0	0	1	0	0	0	1	1	-1	1	1	-1	-1	1	1	0	0	1	1	0	0	-1	-1	1	0	0	-1	1	1	47.8	115	60	48.5	136	65	0.9577	2.566	NA	NA	NA
WP_024837803_1	1	-1	0	0	1	0	0	0	0	0	0	0	0	0	0	0	0	0	1	0	0	0	1	1	-1	1	1	-1	-1	1	1	0	0	1	-1	0	-1	-1	0	1	0	0	-1	1	1	42.5	113	65	41.4	169	89	0.9449	2.734	NA	NA	NA
WP_026890980_1	1	-1	0	0	1	0	0	0	0	0	0	0	0	-1	0	0	0	0	1	0	0	0	1	1	-1	1	1	-1	-1	1	1	0	0	1	-1	1	0	-1	-1	1	0	0	-1	1	1	37.4	115	72	43.4	166	87	0.94	1.648	NA	NA	NA
CUX18179_1	1	-1	0	0	1	0	0	0	0	0	0	-1	1	1	0	0	0	0	1	0	0	0	1	1	-1	1	1	-1	-1	1	1	0	0	1	1	1	0	-1	-1	1	0	0	-1	1	1	50.4	115	57	49.2	122	61	0.9212	2.021	NA	NA	NA
WP_024345546_1	1	-1	0	0	1	0	0	0	0	0	0	0	1	1	0	0	0	0	1	0	0	0	1	1	-1	1	1	-1	-1	1	1	0	0	1	1	1	0	-1	-1	1	0	0	-1	1	1	48.7	115	59	50.8	122	59	0.9461	1.61	NA	NA	NA
WP_024293614_1	1	-1	0	0	1	0	0	0	0	0	0	-1	1	1	0	0	0	0	1	0	0	0	1	1	-1	1	1	-1	-1	1	1	0	0	1	1	1	0	-1	-1	1	0	0	-1	1	1	47.8	115	60	49.2	122	61	0.9523	1.508	NA	NA	NA
EXG83404_1	1	-1	0	0	1	0	0	0	0	0	0	0	1	0	0	0	0	0	1	0	0	0	1	1	-1	1	1	-1	-1	1	1	0	0	1	1	-1	0	-1	-1	1	0	0	-1	1	1	49.6	115	58	47.5	122	63	0.9258	1.938	NA	NA	NA
ADL06008_1	1	-1	0	0	1	0	0	0	0	0	0	0	1	0	0	0	0	0	1	0	0	0	1	1	-1	1	1	-1	-1	1	1	0	0	1	1	-1	0	-1	-1	1	0	0	-1	1	1	47.8	115	60	49.2	122	61	0.9498	1.552	NA	NA	NA
CUX47510_1	1	-1	0	0	1	0	0	0	0	0	0	0	1	1	0	0	0	0	1	0	0	0	1	1	-1	1	1	-1	-1	1	1	0	0	1	1	1	0	-1	1	1	0	0	-1	1	1	48.3	116	60	48.5	130	64	0.9544	1.464	NA	NA	NA
WP_092243283_1	1	-1	0	0	1	0	0	0	0	0	0	0	0	0	0	0	0	0	1	0	0	0	1	1	-1	1	1	-1	-1	1	1	0	0	1	-1	0	-1	-1	-1	1	0	0	-1	1	1	43.1	116	65	44.1	161	87	0.9636	1.292	NA	NA	NA
PWJ52494_1	1	-1	0	0	1	0	0	0	0	0	0	0	1	0	0	0	0	0	1	0	0	0	1	1	-1	1	1	-1	-1	1	1	0	0	1	1	1	0	-1	-1	1	0	0	-1	1	1	47.4	116	61	50.4	123	60	0.9688	1.201	NA	NA	NA
WP_077612123_1	1	-1	0	0	1	0	0	0	0	0	0	-1	0	1	0	0	0	0	1	0	0	0	1	1	-1	1	1	-1	-1	1	1	0	0	1	0	1	0	-1	-1	1	0	0	-1	1	1	46.6	116	62	48	123	63	0.9489	1.564	NA	NA	NA
SHJ30242_1	1	-1	0	0	1	0	0	0	0	0	0	-1	0	0	0	0	0	0	1	0	0	0	1	1	-1	1	1	-1	-1	1	1	0	0	1	1	1	0	-1	0	1	0	0	-1	1	1	37.9	116	72	51.4	111	53	0.9561	1.443	NA	NA	NA
WP_097004776_1	1	-1	0	0	1	0	0	0	0	0	0	-1	1	0	0	0	0	0	1	0	0	0	1	1	-1	1	1	-1	-1	1	1	0	0	1	1	0	0	-1	-1	1	0	0	-1	1	1	49.6	115	58	49.2	122	61	0.9504	1.529	NA	NA	NA
EEG74094_1	1	-1	0	0	1	0	0	0	0	0	0	0	1	0	0	0	0	0	1	0	0	0	1	1	-1	1	1	-1	-1	1	1	0	0	1	1	1	0	-1	-1	1	0	0	-1	1	1	47.4	116	61	50.4	123	60	0.9641	1.204	NA	NA	NA
WP_118680381_1	1	-1	0	0	1	0	0	0	0	0	0	0	1	0	0	0	0	0	1	0	0	0	1	1	-1	1	1	-1	-1	1	1	0	0	1	1	1	0	-1	-1	1	0	0	-1	1	1	47.4	116	61	49.6	123	61	0.9658	1.177	NA	NA	NA
WP_049728515_1	1	-1	0	0	1	0	0	0	0	0	0	0	1	0	0	0	0	0	1	0	0	0	1	1	-1	1	1	-1	-1	1	1	0	0	1	1	1	0	-1	-1	1	0	0	-1	1	1	48.3	116	60	50.4	123	60	0.9665	1.25	NA	NA	NA
RGU92128_1	1	-1	0	0	1	0	0	0	0	0	0	0	1	0	0	0	0	0	1	0	0	0	1	1	-1	1	1	-1	-1	1	1	0	0	1	1	1	0	-1	-1	1	0	0	-1	1	1	48.3	116	60	50.4	123	60	0.9718	1.141	NA	NA	NA
WP_006443443_1	1	-1	0	0	1	0	0	0	0	0	0	0	1	0	0	0	0	0	1	0	0	0	1	1	-1	1	1	-1	-1	1	1	0	0	1	1	1	0	-1	-1	1	0	0	-1	1	1	47.4	116	61	50.4	123	60	0.9688	1.11	NA	NA	NA
WP_024347861_1	1	-1	0	0	1	0	0	0	0	0	0	-1	1	-1	0	0	0	0	1	0	0	0	1	1	-1	1	1	-1	-1	1	1	0	0	1	1	1	0	-1	-1	1	0	0	-1	1	1	47	115	61	49.6	123	61	0.9631	1.315	NA	NA	NA
WP_066086189_1	1	-1	0	0	1	0	0	0	0	0	0	0	1	-1	0	0	0	0	1	0	0	0	1	1	-1	1	1	-1	-1	1	1	0	0	1	1	1	0	-1	-1	1	0	0	-1	1	1	49.1	116	59	49.2	122	61	0.9648	1.274	NA	NA	NA
EEG74092_1	1	-1	0	0	1	0	0	0	0	0	0	0	1	0	0	0	0	0	1	0	0	0	1	1	-1	1	1	-1	-1	1	1	0	0	1	1	1	0	-1	-1	1	0	0	-1	1	1	47.4	116	61	50.4	123	60	0.8792	1.097	NA	NA	NA
KMZ54613_1	1	-1	0	0	1	0	0	0	0	0	0	0	1	0	0	0	0	0	1	0	0	0	1	1	-1	1	1	-1	-1	1	1	0	0	1	1	1	0	-1	-1	1	0	0	-1	1	1	47.4	116	61	45.9	146	72	0.9797	0.9617	NA	NA	NA
WP_066580937_1	1	-1	0	0	1	0	0	0	0	0	0	0	1	0	0	0	0	0	1	0	0	0	1	1	-1	1	1	-1	-1	1	1	0	0	1	1	1	0	-1	-1	1	0	0	-1	1	1	47.4	116	61	45.9	146	72	0.9686	1.203	NA	NA	NA
WP_117772507_1	1	NA	0	0	1	0	0	0	0	0	0	0	1	0	0	0	0	0	1	0	0	0	1	NA	-1	1	1	-1	-1	1	1	0	0	1	1	1	0	-1	-1	1	0	0	-1	1	1	47.4	116	61	39.2	74	38	0.8687	2.452	NA	NA	NA
WP_077612718_1	1	-1	0	0	1	0	0	0	0	0	0	-1	1	0	0	0	0	0	1	0	0	0	1	1	-1	1	1	-1	0	1	1	0	0	1	1	0	0	-1	-1	1	0	0	-1	1	1	46.6	116	62	44.5	146	74	0.9606	1.368	NA	NA	NA
EGN31079_1	1	-1	0	0	1	0	0	0	0	0	0	0	1	0	0	0	0	0	1	0	0	0	1	1	-1	1	1	-1	-1	1	1	0	0	1	1	-1	0	-1	-1	1	0	0	-1	1	1	46.6	116	62	48	123	63	0.9542	1.489	NA	NA	NA
EGN31080_1	1	-1	0	0	1	0	0	0	0	0	0	0	1	0	0	0	0	0	1	0	0	0	1	1	-1	1	1	-1	-1	1	1	0	0	1	1	-1	0	-1	-1	1	0	0	-1	1	1	47.4	116	61	48	123	63	0.9679	1.225	NA	NA	NA
WP_117549765_1	1	-1	0	0	1	0	0	0	0	0	0	0	1	0	0	0	0	0	1	0	0	0	1	1	-1	1	1	-1	-1	1	1	0	0	1	1	-1	0	-1	-1	1	0	0	-1	1	1	47.4	116	61	48	123	63	0.9665	1.251	NA	NA	NA
EGN31077_1	1	-1	0	0	1	0	0	0	0	0	0	0	1	0	0	0	0	0	1	0	0	0	1	1	-1	1	1	-1	-1	1	1	0	0	1	1	-1	0	-1	-1	1	0	0	-1	1	1	46.6	116	62	48	123	63	0.9591	1.391	NA	NA	NA
WP_102051085_1	1	-1	0	0	1	0	0	0	0	0	0	0	1	0	0	0	0	0	1	0	0	0	1	1	-1	1	1	-1	-1	1	1	0	0	1	1	0	-1	-1	0	1	0	0	-1	1	1	44.8	116	64	44.7	132	72	0.9485	3.041	NA	NA	NA
WP_049728514_1	1	-1	0	0	1	0	0	0	0	0	0	0	1	0	0	0	0	0	1	0	0	0	1	1	-1	1	1	-1	-1	1	1	0	0	1	1	1	0	-1	-1	1	0	0	-1	1	1	48.3	116	60	44.8	143	71	0.9758	1.052	NA	NA	NA
WP_066580924_1	1	-1	0	0	1	0	0	0	0	0	0	0	1	0	0	0	0	0	1	0	0	0	1	1	-1	1	1	-1	-1	1	1	0	0	1	1	1	0	-1	-1	1	0	0	-1	1	1	48.3	116	60	44.8	143	71	0.9712	1.147	NA	NA	NA
WP_118680383_1	1	-1	0	0	1	0	0	0	0	0	0	0	1	0	0	0	0	0	1	0	0	0	1	1	-1	1	1	-1	-1	1	1	0	0	1	1	1	0	-1	-1	1	0	0	-1	1	1	50	116	58	45.5	143	70	0.9755	1.058	NA	NA	NA
WP_028830132_1	1	-1	0	0	1	0	0	1	0	0	0	0	0	1	0	0	0	0	1	0	0	0	1	1	-1	1	1	-1	-1	1	1	0	-1	1	0	1	0	-1	-1	1	0	0	-1	1	1	47	115	61	48.4	122	62	0.952	1.514	NA	NA	NA
WP_070042826_1	1	-1	0	0	1	0	0	1	0	0	0	0	-1	-1	0	0	0	0	1	0	0	0	1	1	-1	1	1	-1	-1	1	1	0	0	1	1	1	-1	-1	-1	1	0	0	-1	1	1	56.3	48	21	43.4	136	76	0.9438	3.448	NA	NA	NA
AXI10448_1	1	-1	0	0	1	0	0	0	0	-1	0	0	0	0	0	0	0	0	1	0	0	0	1	1	-1	1	1	-1	-1	1	1	1	1	0	0	1	1	-1	-1	1	0	0	-1	1	1	39.7	121	69	45.8	168	88	0.938	1.753	NA	NA	NA
ALC86350_1	1	-1	0	0	1	0	0	0	0	-1	0	0	1	0	-1	0	0	0	1	0	0	0	1	1	-1	1	1	-1	-1	1	1	1	1	0	1	-1	1	-1	1	1	0	0	-1	1	1	44	116	65	43	165	93	0.9438	3.098	NA	NA	NA
PAD37388_1	1	-1	0	0	1	0	0	0	0	-1	0	0	-1	0	-1	0	0	0	1	0	0	0	1	1	-1	1	1	-1	-1	1	1	1	1	0	1	1	1	-1	1	1	0	0	-1	1	1	44.9	118	63	47.4	173	89	0.9323	4.294	NA	NA	NA
WP_077307527_1	1	-1	0	0	1	0	0	0	0	-1	0	0	-1	0	-1	0	0	0	1	0	0	0	1	1	-1	1	1	-1	-1	1	1	1	1	0	1	1	1	-1	1	1	0	0	-1	1	1	44.1	118	64	48.6	173	87	0.9378	4.368	NA	NA	NA
WP_069510660_1	1	-1	0	0	1	0	0	0	0	-1	0	-1	-1	1	0	0	0	0	1	0	0	0	1	1	-1	1	1	-1	-1	1	1	1	1	1	1	1	1	-1	-1	1	0	0	-1	1	1	46.6	118	61	47.2	161	78	0.96	1.378	NA	NA	NA
OFV70011_1	1	-1	0	0	1	0	0	0	0	-1	0	0	0	0	0	0	0	0	1	0	0	0	1	1	-1	1	1	-1	-1	1	1	1	1	-1	-1	1	1	-1	-1	1	0	0	-1	1	1	47.9	117	61	54.5	134	61	0.9274	1.907	NA	NA	NA
KZM57590_1	NA	-1	0	0	1	0	0	0	0	-1	0	0	1	-1	0	0	0	0	1	0	0	0	NA	1	-1	1	1	-1	-1	1	1	1	1	0	1	1	1	-1	-1	1	0	0	-1	1	NA	40.2	82	49	42	176	97	0.9582	1.269	NA	NA	NA
WP_093043564_1	1	-1	0	0	1	0	0	0	0	-1	0	0	1	-1	0	0	0	0	1	0	0	0	1	1	-1	1	1	-1	-1	1	1	1	1	0	1	1	1	-1	0	1	0	0	-1	1	1	47.6	105	55	44	166	93	0.9109	3.43	NA	NA	NA
KGX86309_1	1	-1	0	0	1	0	0	0	0	-1	0	0	1	0	0	0	0	0	1	0	0	0	1	1	-1	1	1	-1	0	1	1	1	1	0	1	0	-1	-1	-1	1	0	0	-1	1	1	44.8	116	64	43	172	98	0.9508	2.442	NA	NA	NA
KHD86421_1	1	-1	0	0	1	0	0	0	0	-1	0	0	0	-1	0	0	0	-1	1	0	0	0	1	1	-1	1	1	-1	-1	1	1	1	1	0	0	1	1	-1	-1	1	0	0	-1	1	1	50	90	45	51.5	165	80	0.9621	2.986	NA	NA	NA
WP_018665144_1	1	-1	0	0	1	0	0	0	0	-1	0	0	0	0	0	0	0	0	1	0	0	0	1	1	-1	1	1	-1	-1	1	1	1	1	0	0	1	1	-1	-1	1	0	0	-1	1	1	54	87	40	49.4	172	87	0.9443	1.647	NA	NA	NA
PJJ23062_1	1	-1	0	0	1	0	0	0	0	-1	0	0	1	-1	0	0	0	0	1	0	0	0	1	1	-1	1	1	-1	-1	1	1	1	1	0	1	1	1	-1	0	1	0	0	-1	1	1	43.9	98	55	44.5	173	89	0.8904	3.354	NA	NA	NA
WP_090011146_1	1	-1	0	0	1	0	0	0	0	-1	0	0	0	0	0	0	0	0	0	0	0	0	1	1	-1	1	1	-1	-1	1	1	1	1	-1	0	0	-1	-1	-1	1	0	0	-1	1	1	42.2	116	67	46.8	173	91	0.934	2.846	NA	NA	NA
OOM16268_1	1	-1	0	0	1	0	0	0	0	-1	0	0	-1	0	0	0	0	0	1	0	0	0	1	1	-1	1	1	-1	0	1	1	1	1	-1	1	0	0	-1	-1	1	0	0	-1	1	1	57.1	49	21	46.6	176	93	0.9151	2.275	NA	NA	NA
OOM16269_1	1	-1	0	0	1	0	0	0	0	-1	0	0	-1	0	0	0	0	0	1	0	0	0	1	1	-1	1	1	-1	0	1	1	1	1	-1	1	0	0	-1	-1	1	0	0	-1	1	1	47.9	96	50	44.3	176	97	0.9052	2.678	NA	NA	NA
WP_049178548_1	1	-1	0	0	1	0	0	0	0	-1	0	0	0	0	0	0	0	0	1	0	0	0	1	1	-1	1	1	-1	-1	1	1	1	1	-1	-1	0	0	-1	1	1	0	0	-1	1	1	48.3	116	60	46.7	180	86	0.9412	1.694	NA	NA	NA
WP_015957604_1	1	-1	0	0	1	0	0	0	0	-1	0	0	-1	0	0	0	0	0	1	0	0	0	1	1	-1	1	1	-1	0	1	1	1	1	-1	1	0	0	-1	-1	1	0	0	-1	1	1	45.3	117	62	47.3	169	85	0.9336	3.241	NA	NA	NA
WP_035762223_1	1	-1	0	0	1	0	0	0	0	-1	0	0	-1	0	0	0	0	0	1	0	0	0	1	1	-1	1	1	-1	0	1	1	1	1	-1	1	0	0	-1	1	1	0	0	-1	1	1	44.4	117	63	45.2	177	92	0.9414	3.162	NA	NA	NA
SHK01463_1	1	-1	0	0	1	0	0	0	0	-1	0	0	0	0	0	0	0	0	1	0	0	0	1	1	-1	1	1	-1	-1	1	1	1	1	-1	0	0	1	-1	-1	1	0	0	-1	1	1	42.7	117	65	47.4	173	86	0.9391	3.519	NA	NA	NA
WP_105176130_1	1	-1	0	0	1	0	0	0	0	0	0	0	0	0	0	0	0	0	1	0	0	0	1	1	-1	1	1	-1	0	1	0	-1	1	0	0	0	1	-1	-1	1	0	0	-1	1	1	47.1	104	55	47.4	154	78	0.9028	2.296	NA	NA	NA
KJZ87555_1	1	-1	0	0	1	0	0	0	0	-1	0	0	-1	-1	0	0	0	0	1	0	0	0	1	1	-1	1	1	-1	-1	1	1	1	1	-1	1	1	1	-1	-1	1	0	0	-1	1	1	52.1	48	23	45.1	173	94	0.9513	3.071	NA	NA	NA
WP_058229607_1	1	-1	0	0	1	0	0	0	0	-1	0	0	0	-1	-1	0	0	0	1	0	0	0	1	1	-1	1	1	-1	0	1	1	1	1	-1	-1	1	1	-1	-1	1	0	0	-1	1	1	38.1	97	60	47.3	167	88	0.9592	1.375	NA	NA	NA
WP_043853299_1	1	-1	0	0	1	0	0	0	0	-1	0	0	1	0	0	0	0	0	1	0	0	0	1	1	-1	1	1	-1	0	1	1	1	1	0	1	0	1	-1	-1	1	0	0	-1	1	1	47.6	105	55	47.3	167	88	0.9464	1.602	NA	NA	NA
WP_066055871_1	1	-1	0	0	1	0	0	0	0	-1	0	0	0	0	-1	0	0	0	1	0	0	0	1	1	-1	1	1	-1	-1	1	1	1	1	-1	0	1	1	-1	-1	1	0	0	-1	1	1	49	96	39	50.7	146	72	0.9302	3.65	NA	NA	NA
WP_053356981_1	1	-1	0	0	1	0	0	0	0	-1	0	0	0	0	0	0	0	0	0	0	0	0	1	1	-1	1	1	-1	0	1	1	1	1	0	0	1	1	-1	0	1	0	-1	-1	1	1	51.5	101	48	46.8	158	78	0.9503	1.553	NA	NA	NA
WP_100403884_1	1	-1	0	0	1	0	0	0	0	-1	0	0	-1	0	0	0	0	0	1	0	0	0	1	1	-1	1	1	-1	-1	1	1	1	1	-1	1	0	1	-1	-1	1	0	0	-1	1	1	60	50	20	48.2	110	57	0.9503	3.298	NA	NA	NA
PZN38664_1	1	-1	0	0	1	0	0	0	0	-1	0	0	0	0	0	0	0	0	1	0	0	0	1	1	-1	1	1	-1	-1	1	1	1	1	0	-1	0	1	-1	0	1	0	0	-1	1	1	31	116	80	47.1	174	87	0.9478	3.064	NA	NA	NA
WP_072742726_1	1	-1	0	0	1	0	0	0	0	-1	0	0	-1	0	0	0	0	0	1	0	0	0	1	1	-1	1	1	-1	-1	1	0	1	1	-1	1	1	1	-1	-1	1	0	0	-1	1	1	48.5	97	50	46.4	166	89	0.9368	3.146	NA	NA	NA
WP_029453483_1	1	-1	0	0	1	0	0	0	0	-1	0	0	-1	0	0	0	0	0	1	0	0	0	1	1	-1	1	1	-1	0	1	1	1	1	-1	1	1	1	-1	-1	1	0	0	-1	1	1	46.4	97	52	44.8	174	96	0.9428	1.687	NA	NA	NA
WP_073004361_1	1	-1	0	0	1	0	0	0	0	-1	0	0	-1	0	0	0	0	0	1	0	0	0	1	1	-1	1	1	-1	-1	1	1	1	1	-1	1	1	1	-1	-1	1	0	0	-1	1	1	51.3	76	37	46.7	167	89	0.9472	3.064	NA	NA	NA
WP_111947810_1	1	-1	0	0	1	0	0	0	0	-1	0	0	-1	0	0	0	0	0	1	0	0	0	1	1	-1	1	1	-1	-1	1	0	1	1	-1	1	1	1	-1	-1	1	0	0	-1	1	1	41.3	104	61	51	145	71	0.9442	3.087	NA	NA	NA
WP_027637194_1	1	-1	0	0	1	0	0	0	0	-1	0	0	-1	-1	0	0	0	0	1	0	0	0	1	1	-1	1	1	-1	0	1	1	1	1	-1	1	1	1	-1	-1	1	0	0	-1	1	1	45.5	101	55	46.1	167	90	0.9509	1.534	NA	NA	NA
WP_111937797_1	1	-1	0	0	1	0	0	0	0	-1	0	0	-1	0	0	0	0	0	1	0	0	0	1	1	-1	1	1	-1	0	1	1	1	1	-1	1	1	-1	-1	-1	1	0	0	0	1	1	46.5	101	54	49.7	167	84	0.9294	3.571	NA	NA	NA
WP_027099501_1	1	-1	0	0	1	0	0	0	0	-1	0	0	-1	0	0	0	0	0	1	0	0	0	1	1	-1	1	1	-1	-1	1	1	1	1	-1	1	1	-1	-1	-1	1	0	0	0	1	1	45.5	101	55	51.5	169	82	0.9261	3.251	NA	NA	NA
SQB90730_1	1	-1	0	0	1	0	0	0	0	-1	0	0	-1	0	0	0	0	0	1	0	0	0	1	1	-1	1	1	-1	-1	1	1	1	1	-1	1	1	-1	-1	-1	1	0	0	0	1	1	45.5	101	55	51.5	169	82	0.8998	3.539	NA	NA	NA
CUN86046_1	1	-1	0	0	1	0	0	0	0	-1	0	0	-1	0	0	0	0	0	1	0	0	0	1	1	-1	1	1	-1	-1	1	1	1	1	-1	1	1	-1	-1	-1	1	0	0	0	1	1	45	109	52	51.5	167	81	0.9104	3.698	NA	NA	NA
OBY12199_1	1	-1	0	0	1	0	0	0	0	-1	0	0	-1	0	0	0	0	0	1	0	0	0	1	1	-1	1	1	-1	-1	1	1	1	1	-1	1	1	-1	-1	-1	1	0	0	0	1	1	46.4	97	52	51.7	172	82	0.9277	3.259	NA	NA	NA
WP_111937796_1	1	-1	0	0	1	0	0	0	0	-1	0	0	-1	0	0	0	0	0	1	0	0	0	1	1	-1	1	1	-1	0	1	1	1	1	-1	1	1	-1	-1	-1	1	0	0	0	1	1	47.4	97	51	50.3	167	83	0.9227	3.305	NA	NA	NA
WP_099313781_1	1	-1	0	0	1	0	0	0	0	-1	0	0	-1	0	0	0	0	0	1	0	0	0	1	1	-1	1	1	-1	0	1	1	1	1	-1	1	1	-1	-1	-1	1	0	0	0	1	1	46.1	102	47	49.7	167	84	0.9226	3.595	NA	NA	NA
WP_099313780_1	1	-1	0	0	1	0	0	0	0	-1	0	0	-1	0	0	0	0	0	1	0	0	0	1	1	-1	1	1	-1	0	1	1	1	1	-1	1	1	-1	-1	-1	1	0	0	0	1	1	46.1	102	47	49.7	167	84	0.9125	3.652	NA	NA	NA
EPZ37583_1	1	-1	0	0	1	0	0	0	0	0	0	0	0	-1	0	0	0	0	1	0	0	0	1	1	-1	1	1	-1	-1	1	1	0	1	0	1	1	1	-1	0	1	0	0	-1	1	1	46.1	115	60	48.3	172	88	0.9425	1.555	NA	NA	NA
WP_081207271_1	1	-1	0	0	1	0	0	0	0	0	0	0	0	0	0	0	0	0	1	0	0	0	1	1	-1	1	1	-1	-1	1	1	0	1	1	0	1	1	-1	0	1	0	0	-1	1	1	47.6	105	55	48	171	89	0.9479	1.465	NA	NA	NA
WP_029228668_1	1	-1	0	0	1	0	0	0	0	-1	0	0	-1	0	0	0	0	0	1	0	0	0	1	1	-1	1	1	-1	-1	1	1	1	1	-1	1	1	1	-1	-1	1	0	0	-1	1	1	49	98	50	46.6	176	93	0.9508	1.543	NA	NA	NA
WP_061314388_1	1	-1	0	0	1	0	0	0	0	-1	0	0	1	0	0	0	0	0	1	0	0	0	1	1	-1	1	1	-1	0	1	1	1	1	0	1	1	1	-1	-1	1	0	0	-1	1	1	41.7	120	65	42.2	187	87	0.9143	3.639	NA	NA	NA
WP_090042867_1	1	-1	0	0	1	0	0	0	0	-1	0	0	1	0	0	0	0	0	1	0	0	0	1	1	-1	1	1	-1	-1	1	1	1	1	0	1	1	1	-1	0	1	0	0	-1	1	1	52	98	47	47.9	140	73	0.9492	3.074	NA	NA	NA
AVQ54056_1	1	-1	0	0	1	0	0	0	0	-1	0	-1	1	0	0	0	0	0	1	0	0	0	1	1	-1	1	1	-1	-1	1	1	1	1	1	1	1	1	-1	0	1	0	0	-1	1	1	57.8	45	19	52.3	130	61	0.9277	3.141	NA	NA	NA
WP_097032677_1	1	-1	0	0	1	0	0	0	0	-1	0	0	1	0	0	0	0	0	1	0	0	0	1	1	-1	1	1	-1	0	1	1	1	1	0	1	1	1	-1	-1	1	0	0	-1	1	1	52	98	47	49	143	72	0.9569	1.429	NA	NA	NA
WP_099346652_1	1	-1	0	0	1	0	0	0	0	-1	0	0	1	0	0	0	0	0	1	0	0	0	1	1	-1	1	1	-1	0	1	1	1	1	0	1	1	1	-1	-1	1	0	0	-1	1	1	52	98	47	49	143	72	0.9473	1.598	NA	NA	NA
AHF07806_1	1	-1	0	0	1	0	0	0	0	-1	0	0	1	0	0	0	0	0	1	0	0	0	1	1	-1	1	1	-1	-1	1	1	1	1	0	1	1	1	-1	0	1	0	0	-1	1	1	51	98	48	49.3	140	71	0.9465	1.603	NA	NA	NA
WP_079506679_1	1	-1	0	0	1	0	0	0	0	-1	0	0	1	0	0	0	0	0	1	0	0	0	1	1	-1	1	1	-1	-1	1	1	1	1	0	1	1	1	-1	1	1	0	0	-1	1	1	42.9	98	56	52.2	134	64	0.9437	1.652	NA	NA	NA
WP_106783730_1	1	-1	0	0	1	0	0	0	0	-1	0	0	1	0	0	0	0	0	1	0	0	0	1	1	-1	1	1	-1	-1	1	1	1	1	0	1	0	1	-1	-1	1	0	0	-1	1	1	44.8	116	64	51.8	137	66	0.8888	3.6	NA	NA	NA
OOM51362_1	1	-1	0	0	1	0	0	0	0	0	0	0	1	-1	0	0	0	0	1	0	0	0	1	1	-1	1	1	-1	-1	1	1	0	1	1	1	1	1	-1	-1	1	0	0	-1	0	1	43.1	116	66	43.6	172	97	0.9368	2.813	NA	NA	NA
OOM77926_1	1	-1	0	0	1	0	0	0	0	0	0	0	1	0	0	0	0	0	1	0	0	0	1	1	-1	1	1	-1	-1	1	1	0	0	0	1	0	1	-1	-1	1	0	0	-1	0	1	42.2	116	67	43.6	172	97	0.9554	2.597	NA	NA	NA
PEG26769_1	1	-1	0	0	1	0	0	0	0	0	0	0	1	1	0	0	0	0	1	0	0	0	1	1	-1	1	1	-1	-1	1	1	0	0	0	1	1	1	-1	-1	1	0	0	-1	0	1	43.1	116	66	50.3	151	74	0.9449	2.69	NA	NA	NA
APF23014_1	1	-1	0	0	1	0	0	0	0	0	0	0	1	0	0	0	0	0	1	0	0	0	1	1	-1	1	1	-1	-1	1	1	0	0	-1	1	0	1	-1	-1	1	0	0	-1	0	1	42.2	116	67	50.6	154	75	0.9503	2.657	NA	NA	NA
EKQ51136_1	1	-1	0	0	1	0	0	0	0	-1	0	0	1	0	0	0	0	0	1	0	0	0	1	1	-1	1	1	-1	-1	1	1	1	0	0	1	0	1	-1	-1	1	0	0	-1	0	1	50.5	91	45	55.6	135	60	0.9528	2.612	NA	NA	NA
ADZ85274_1	1	-1	0	0	1	0	0	0	0	-1	0	0	0	0	0	0	0	0	1	0	0	0	1	1	-1	1	1	-1	-1	1	1	1	0	0	-1	0	1	-1	-1	1	0	0	-1	1	1	40.5	116	69	45.3	172	94	0.9489	2.645	NA	NA	NA
SDW10283_1	1	-1	0	0	1	0	0	0	0	0	0	0	1	0	0	0	0	0	1	0	0	0	1	1	-1	1	1	-1	-1	1	1	0	0	1	1	-1	1	-1	-1	1	0	0	-1	1	1	43	114	65	43.1	174	97	0.9467	1.401	NA	NA	NA
ERI92398_1	1	-1	0	0	1	0	0	0	0	0	0	0	1	0	0	0	0	-1	1	0	0	0	1	1	-1	1	1	-1	-1	1	1	0	0	0	1	1	1	-1	0	1	0	-1	-1	-1	1	39.7	116	70	49	155	78	0.9171	3.518	NA	NA	NA
WP_070109917_1	1	-1	0	0	1	0	0	0	0	0	0	0	1	0	0	0	0	0	1	0	0	0	1	1	-1	1	1	-1	-1	1	1	0	0	0	1	1	1	-1	0	1	0	0	-1	1	1	44.9	98	54	47.6	170	86	0.9349	1.961	NA	NA	NA
OOM60925_1	1	-1	0	0	1	0	0	0	0	-1	0	0	0	0	0	0	0	0	1	0	0	0	1	1	-1	1	1	-1	-1	1	1	1	-1	0	0	0	1	-1	-1	0	0	0	-1	1	1	45.7	116	63	50	146	71	0.9553	3.017	NA	NA	NA
PKM52698_1	1	-1	0	0	1	0	0	0	0	-1	0	0	-1	-1	0	0	0	0	1	0	0	0	1	1	-1	1	1	-1	-1	1	1	1	1	0	1	1	1	-1	-1	1	0	0	-1	1	1	45.7	116	63	51.9	135	65	0.9566	3.017	NA	NA	NA
AQS16089_1	1	-1	0	0	1	0	0	0	0	-1	0	0	0	0	0	0	0	0	1	0	0	0	1	1	-1	1	1	-1	0	1	1	1	1	0	0	1	1	-1	-1	1	0	0	-1	1	1	49	98	50	47.8	138	72	0.9406	3.464	NA	NA	NA
ENZ67571_1	1	-1	0	0	1	0	0	0	0	0	0	0	-1	1	0	0	0	0	1	0	0	0	1	1	-1	1	1	-1	-1	1	1	0	0	1	1	1	-1	-1	-1	1	0	0	-1	0	1	47.5	99	52	44.2	154	84	0.9348	3.792	NA	NA	NA
ENZ18769_1	1	-1	0	0	1	0	0	0	0	0	0	0	-1	1	0	0	0	0	1	0	0	0	1	1	-1	1	1	-1	-1	1	1	0	0	1	1	1	-1	-1	-1	1	0	0	-1	0	1	46.5	99	53	44.2	154	84	0.9433	3.726	NA	NA	NA
WP_009296908_1	1	-1	0	0	1	0	0	0	0	0	0	0	0	-1	1	0	0	0	1	0	0	0	1	1	-1	1	1	-1	-1	1	1	0	0	1	0	1	1	-1	0	1	0	0	-1	1	1	42.5	113	65	41.6	178	101	0.9321	2.658	NA	NA	NA
CUN95548_1	1	-1	0	0	1	0	0	0	0	0	0	0	0	-1	1	0	0	0	1	0	0	0	1	1	-1	1	1	-1	-1	1	1	0	0	1	0	1	1	-1	0	1	0	0	-1	1	1	42.5	113	65	42.9	170	94	0.9242	2.744	NA	NA	NA
WP_027640882_1	1	-1	0	0	1	0	0	0	0	0	0	0	0	-1	1	0	0	0	1	0	0	0	1	1	-1	1	1	-1	-1	1	1	0	0	1	0	1	1	-1	0	1	0	0	-1	1	1	43.4	113	64	42.4	165	92	0.9299	2.684	NA	NA	NA
ANU49592_1	1	-1	0	0	1	0	0	0	0	0	0	0	0	-1	1	0	0	0	1	0	0	0	1	1	-1	1	1	-1	-1	1	1	0	0	1	0	1	1	-1	0	1	0	0	-1	1	1	42.5	113	65	42.9	170	94	0.9335	2.428	NA	NA	NA
RGC29188_1	1	-1	0	0	1	0	0	0	0	0	0	0	0	0	-1	0	0	0	1	0	0	0	1	1	-1	1	1	-1	-1	1	1	0	0	1	0	1	1	-1	-1	1	0	0	-1	1	1	50.5	95	47	42.8	166	82	0.9122	2.302	NA	NA	NA
WP_118017849_1	1	-1	0	0	1	0	0	0	0	0	0	0	0	0	-1	0	0	0	1	0	0	0	1	1	-1	1	1	-1	-1	1	1	0	0	1	0	1	1	-1	-1	1	0	0	-1	1	1	51	96	47	43	165	82	0.9203	2.241	NA	NA	NA
WP_117626722_1	1	-1	0	0	1	0	0	0	0	0	0	0	0	0	-1	0	0	0	1	0	0	0	1	1	-1	1	1	-1	-1	1	1	0	0	1	0	1	1	-1	-1	1	0	0	-1	1	1	51	96	47	40.6	175	82	0.9007	2.855	NA	NA	NA
RHB38779_1	1	-1	0	0	1	0	0	0	0	0	0	0	0	0	-1	0	0	0	1	0	0	0	1	1	-1	1	1	-1	-1	1	1	0	0	1	0	1	1	-1	-1	1	0	0	-1	1	1	50.5	95	47	40.6	175	82	0.9124	3.095	NA	NA	NA
ENZ46698_1	1	-1	0	0	1	0	0	0	0	0	0	0	0	0	-1	0	0	0	1	0	0	0	1	1	-1	1	1	-1	-1	1	1	0	0	1	0	1	1	-1	-1	1	0	0	-1	1	1	50.5	95	47	40.6	175	82	0.909	2.396	NA	NA	NA
WP_025482418_1	1	-1	0	0	1	0	0	0	0	0	0	0	0	0	-1	0	0	0	1	0	0	0	1	1	-1	1	1	-1	-1	1	1	0	0	1	0	1	1	-1	-1	1	0	0	-1	1	1	50.5	95	47	40.6	175	82	0.9095	2.367	NA	NA	NA
RGE11250_1	1	-1	0	0	1	0	0	0	0	0	0	0	0	0	0	0	0	0	1	0	0	0	1	1	-1	1	1	-1	0	1	1	0	0	0	-1	1	-1	-1	-1	1	0	0	-1	1	1	43.1	116	66	40.9	176	93	0.9316	3.832	NA	NA	NA
CBL40883_1	1	-1	0	0	1	0	0	0	0	0	0	0	0	-1	0	0	0	0	1	0	0	0	1	1	-1	1	1	-1	0	1	1	0	0	0	-1	1	-1	-1	-1	1	0	0	-1	1	1	44	116	65	43.8	153	81	0.9408	3.303	NA	NA	NA
SCH80728_1	1	-1	0	0	1	0	0	0	0	0	0	0	0	-1	0	0	0	0	1	0	0	0	1	1	-1	1	1	-1	0	1	1	0	0	0	0	1	-1	-1	-1	1	0	0	-1	1	1	44	116	65	38.6	176	105	0.957	3.04	NA	NA	NA
RHQ31567_1	1	-1	0	0	1	0	0	0	0	0	0	0	0	-1	0	0	0	0	1	0	0	0	1	1	-1	1	1	-1	0	1	1	0	0	0	-1	1	-1	-1	-1	1	0	0	-1	1	1	45.7	116	63	40	170	99	0.9516	2.256	NA	NA	NA
WP_066544297_1	1	-1	0	0	1	0	0	0	0	0	0	0	0	-1	0	0	0	0	1	0	0	0	1	1	-1	1	1	-1	0	1	1	0	0	0	-1	1	-1	-1	-1	1	0	0	-1	1	1	47.7	109	57	43.9	155	84	0.9452	3.159	NA	NA	NA
RGD96650_1	1	-1	0	0	1	0	0	0	0	0	0	0	0	-1	0	0	0	0	1	0	0	0	1	1	-1	1	1	-1	0	1	1	0	0	0	-1	1	-1	-1	-1	1	0	0	-1	1	1	46.8	109	58	40.7	177	100	0.9458	3.134	NA	NA	NA
WP_117551769_1	1	-1	0	0	1	0	0	0	0	0	0	0	0	-1	0	0	0	0	1	0	0	0	1	1	-1	1	1	-1	0	1	1	0	0	0	-1	1	-1	-1	-1	1	0	0	-1	1	1	43.1	116	66	41.7	175	96	0.9432	3.059	NA	NA	NA
EJF11963_1	1	-1	0	0	1	0	0	0	0	0	0	0	0	0	0	0	0	0	1	0	0	0	1	1	-1	1	1	-1	-1	1	1	0	0	1	0	0	-1	-1	-1	1	0	0	-1	1	1	54	50	23	44.4	144	78	0.905	4.054	NA	NA	NA
EEJ50318_1	1	-1	0	0	1	0	0	0	0	0	0	0	-1	0	0	0	0	0	1	0	0	0	1	1	-1	1	1	-1	-1	1	1	0	0	1	1	0	-1	-1	0	1	0	0	-1	1	1	41.9	93	54	44.9	147	81	0.9425	2.699	NA	NA	NA
WP_009429080_1	1	-1	0	0	1	0	0	0	0	0	0	0	-1	-1	-1	0	0	0	1	0	0	0	1	1	-1	1	1	-1	0	1	1	0	0	1	1	1	1	-1	-1	1	0	0	-1	1	1	45.2	115	63	42.3	156	86	0.9397	2.612	NA	NA	NA
WP_009537182_1	1	-1	0	0	1	0	0	0	0	0	0	0	-1	-1	-1	0	0	0	1	0	0	0	1	1	-1	1	1	-1	0	1	1	0	0	1	1	1	1	-1	-1	1	0	0	-1	1	1	39.8	113	68	40.4	161	92	0.9312	2.684	NA	NA	NA
WP_091205115_1	1	-1	0	-1	1	0	0	0	0	0	0	0	0	-1	-1	0	1	0	1	0	0	0	1	1	-1	1	1	-1	-1	1	1	0	0	0	-1	1	1	-1	1	1	0	0	-1	1	1	47	117	52	38.5	182	102	0.8935	2.768	NA	NA	NA
EIM56497_1	1	-1	0	0	1	0	0	0	0	0	0	0	1	-1	-1	0	1	0	1	0	0	0	1	1	-1	1	1	-1	-1	1	1	0	0	1	1	1	1	-1	1	1	0	0	-1	1	1	49	98	49	43.3	157	74	0.9251	3.112	NA	NA	NA
PEG28206_1	1	-1	0	0	1	0	0	0	0	0	0	0	1	0	-1	0	0	0	0	0	0	0	1	1	-1	1	1	-1	-1	1	1	0	0	0	1	1	1	-1	-1	1	0	0	-1	0	1	39	105	64	44	159	82	0.9613	1.102	NA	NA	NA
EEH98377_1	1	-1	0	0	1	0	0	0	0	0	0	0	1	0	0	0	0	0	1	0	0	0	1	1	-1	1	1	-1	-1	1	1	0	1	1	1	0	1	-1	-1	1	0	0	-1	1	1	43.2	125	61	48.7	158	77	0.9225	2.695	NA	NA	NA
WP_111928420_1	1	-1	0	0	1	0	0	0	0	0	0	0	1	0	0	0	0	0	1	0	0	0	1	1	-1	1	1	-1	-1	1	1	0	1	1	1	0	1	-1	-1	1	0	0	-1	1	1	43.2	125	61	50	152	65	0.9337	1.834	NA	NA	NA
WP_061856968_1	1	-1	0	0	1	0	0	0	0	-1	0	0	1	-1	0	0	0	0	1	0	0	0	1	1	-1	1	1	-1	-1	1	1	1	1	0	1	1	1	-1	-1	1	0	0	-1	1	1	48	102	49	47.1	157	75	0.9286	5.07	NA	NA	NA
WP_042679619_1	1	-1	0	0	1	0	0	0	0	-1	0	0	1	-1	0	0	0	0	1	0	0	0	1	1	-1	1	1	-1	-1	1	1	1	1	-1	1	1	1	-1	-1	1	0	0	-1	1	1	42.5	113	65	43.4	166	94	0.9494	1.538	NA	NA	NA
OKZ85358_1	1	-1	0	0	1	0	0	0	0	-1	0	0	0	0	0	0	0	0	1	0	0	0	1	1	-1	1	1	-1	0	1	1	1	1	-1	0	-1	-1	-1	-1	1	0	0	-1	1	1	53.7	67	31	47.2	108	54	0.5333	7.868	NA	NA	NA
CEQ00827_1	1	-1	0	0	1	0	0	0	0	-1	0	0	0	0	0	0	0	0	0	0	0	0	1	1	-1	1	1	-1	0	1	1	1	-1	-1	0	0	1	-1	-1	1	-1	0	0	1	1	34.7	98	64	42.7	171	97	0.9312	3.637	NA	NA	NA
WP_055342397_1	1	-1	0	0	1	0	0	0	0	-1	0	0	0	0	0	0	0	0	0	0	0	0	1	1	-1	1	1	-1	0	1	1	1	-1	-1	0	0	1	-1	-1	1	-1	0	0	1	1	35.7	98	63	42.1	171	98	0.9515	1.512	NA	NA	NA
WP_057559104_1	1	-1	0	0	1	0	0	0	0	-1	0	0	0	0	0	0	0	0	0	0	0	0	1	1	-1	1	1	-1	0	1	1	1	-1	-1	0	0	1	-1	0	1	-1	0	0	1	1	35.7	98	63	43.5	147	83	0.9466	1.592	NA	NA	NA
CEN22567_1	1	-1	0	0	1	0	0	0	0	-1	0	0	0	0	0	0	0	0	0	0	0	0	1	1	-1	1	1	-1	0	1	1	1	-1	-1	0	0	1	-1	0	1	-1	0	0	1	1	29.8	114	80	44.2	147	82	0.9291	3.283	NA	NA	NA
CEK32925_1	1	-1	0	0	1	0	0	0	0	-1	0	0	0	0	0	0	0	0	0	0	0	0	1	1	-1	1	1	-1	0	1	1	1	-1	-1	0	0	1	-1	0	1	-1	0	0	1	1	37.3	83	52	44.9	147	81	0.9429	1.654	NA	NA	NA
CEP84917_1	1	-1	0	0	1	0	0	0	0	-1	0	0	0	0	0	0	0	0	0	0	0	0	1	1	-1	1	1	-1	0	1	1	1	-1	-1	0	0	1	-1	0	1	-1	0	0	1	1	32.7	98	66	43.5	147	83	0.9415	3.176	NA	NA	NA
CEN95926_1	1	-1	0	0	1	0	0	0	0	-1	0	0	0	0	0	0	0	0	0	0	0	0	1	1	-1	1	1	-1	0	1	1	1	-1	-1	0	0	1	-1	0	1	-1	0	0	1	1	35.2	105	68	44.2	147	82	0.9378	1.732	NA	NA	NA
WP_021128243_1	1	-1	0	0	1	0	0	0	0	-1	0	0	0	-1	0	0	0	0	0	0	0	0	1	1	-1	1	1	-1	0	1	1	1	-1	0	0	1	1	-1	0	1	0	0	0	1	1	37.6	101	60	40.4	171	101	0.9347	3.248	NA	NA	NA
SCI97499_1	1	-1	0	0	1	0	0	0	0	-1	0	0	0	-1	0	0	0	0	0	0	0	0	1	1	-1	1	1	-1	0	1	1	1	-1	0	0	1	1	-1	0	1	0	0	0	1	1	32	97	66	43.5	147	83	0.9445	1.618	NA	NA	NA
CEP49005_1	1	-1	0	0	1	0	0	0	0	-1	0	0	0	-1	0	0	0	0	0	0	0	0	1	1	-1	1	1	-1	0	1	1	1	-1	0	0	1	1	-1	0	1	0	0	0	1	1	40.2	97	58	44.9	147	81	0.9441	1.632	NA	NA	NA
WP_085282248_1	1	-1	0	0	1	0	0	0	0	-1	0	0	0	-1	0	0	0	0	0	0	0	0	1	1	-1	1	1	-1	0	1	1	1	-1	0	0	1	1	-1	0	1	0	0	0	1	1	38.1	97	60	42.7	171	97	0.9343	2.865	NA	NA	NA
OSB10661_1	1	-1	0	0	1	0	0	0	0	-1	0	0	0	0	0	0	0	0	0	0	0	0	1	1	-1	1	1	-1	0	1	1	1	-1	0	0	0	1	-1	0	1	0	0	0	1	1	39.3	84	51	45.6	158	82	0.8583	4.236	NA	NA	NA
CEI72248_1	1	-1	0	0	1	0	0	0	0	-1	0	0	-1	0	0	0	0	0	0	0	0	0	1	1	-1	1	1	-1	0	1	1	1	-1	0	1	0	1	-1	0	1	0	0	0	1	1	41.8	98	57	46.3	147	79	0.9266	3.324	NA	NA	NA
CEI72247_1	1	-1	0	0	1	0	0	0	0	-1	0	0	-1	0	0	0	0	0	0	0	0	0	1	1	-1	1	1	-1	0	1	1	1	-1	0	1	0	1	-1	0	1	0	0	0	1	1	41.8	98	57	42	176	101	0.9385	1.737	NA	NA	NA
WP_092926907_1	1	-1	0	0	1	0	0	0	0	-1	0	0	-1	0	0	0	0	0	0	0	0	0	1	1	-1	1	1	-1	0	1	1	1	-1	0	1	0	1	-1	0	1	0	0	0	1	1	53.3	45	21	43.2	176	99	0.9338	1.83	NA	NA	NA
WP_025162502_1	1	-1	0	0	1	0	0	0	0	-1	0	-1	0	0	0	0	0	0	0	0	0	0	1	1	-1	1	1	-1	0	1	1	1	-1	1	-1	0	1	-1	0	1	0	0	0	1	1	39.6	96	58	46.3	147	79	0.9451	1.627	NA	NA	NA
CEO13959_1	1	-1	0	0	1	0	0	0	0	-1	0	0	0	0	0	0	0	0	0	0	0	0	1	1	-1	1	1	-1	0	1	1	1	-1	-1	0	0	1	-1	0	1	-1	0	0	1	1	26	96	71	41.4	181	100	0.9167	2.679	NA	NA	NA
WP_025162501_1	1	-1	0	0	1	0	0	0	0	-1	0	-1	0	0	0	0	0	0	0	0	0	0	1	1	-1	1	1	-1	0	1	1	1	-1	1	0	0	1	-1	-1	1	0	0	0	1	1	31.6	114	78	41.7	175	97	0.9328	3.269	NA	NA	NA
KGJ50137_1	1	-1	0	0	1	0	0	0	0	0	0	0	0	0	0	0	0	0	0	0	0	0	1	1	-1	1	1	-1	-1	1	1	0	-1	0	0	0	1	-1	-1	1	0	0	0	1	1	43.4	83	47	47	149	78	0.9411	2.767	NA	NA	NA
RDC49016_1	1	-1	0	0	1	0	0	0	0	0	0	0	0	0	0	0	0	0	0	0	0	0	1	1	-1	1	1	-1	0	1	1	0	-1	0	0	0	1	-1	-1	1	0	0	0	1	1	44.6	83	46	45.2	166	87	0.9418	1.688	NA	NA	NA
WP_073127490_1	1	-1	0	0	1	0	0	0	0	-1	0	0	-1	0	0	0	0	0	0	0	0	0	1	1	-1	1	1	-1	0	1	1	1	-1	-1	1	0	1	-1	-1	1	0	0	0	1	1	38.1	113	70	45.7	151	76	0.9285	3.322	NA	NA	NA
SDL95291_1	1	-1	0	0	1	0	0	0	0	0	0	-1	0	-1	0	0	0	0	0	0	0	0	1	1	-1	1	1	-1	0	1	1	0	-1	1	-1	1	1	-1	-1	1	0	0	0	1	1	43	79	45	46.3	147	78	0.9441	3.761	NA	NA	NA
WP_018589210_1	1	-1	0	0	1	0	0	0	0	0	0	-1	0	0	0	0	0	0	0	0	0	0	1	1	-1	1	1	-1	0	1	1	0	-1	1	-1	0	1	-1	-1	1	0	0	0	1	1	41.8	79	46	44.9	147	80	0.9334	3.835	NA	NA	NA
WP_103978967_1	1	-1	0	0	1	0	0	0	0	0	0	-1	0	0	0	0	0	0	0	0	0	0	1	1	-1	1	1	-1	0	1	1	0	-1	1	-1	0	1	-1	-1	1	0	0	0	1	1	43	79	45	44.9	147	80	0.9296	3.86	NA	NA	NA
SCJ67448_1	1	-1	0	0	1	0	0	0	0	-1	0	0	0	-1	0	0	0	0	0	0	0	0	1	1	-1	1	1	-1	0	1	1	1	-1	1	0	1	1	-1	-1	1	-1	0	0	1	1	44.4	45	25	44.8	172	93	0.915	3.421	NA	NA	NA
WP_094366875_1	1	-1	0	0	1	0	0	0	0	-1	0	-1	0	-1	0	0	0	0	0	0	0	0	1	1	-1	1	1	-1	0	1	1	1	-1	1	0	1	-1	-1	0	1	0	0	1	1	1	51.1	45	22	47.4	152	78	0.922	3.713	NA	NA	NA
RDY24507_1	1	-1	0	0	1	0	0	0	0	-1	0	0	0	0	0	0	1	0	0	0	0	0	1	1	-1	1	1	-1	0	1	1	1	1	1	0	0	1	-1	1	1	0	-1	1	1	1	53.3	45	21	49.4	164	80	0.9313	3.031	NA	NA	NA
WP_027639902_1	1	-1	0	0	1	0	0	0	0	0	0	0	1	0	-1	0	0	0	0	0	0	0	1	1	-1	1	1	-1	0	1	1	0	1	0	1	0	1	-1	1	1	0	0	1	1	1	40	115	69	43.6	172	96	0.9389	2.875	NA	NA	NA
PWL52519_1	1	-1	0	0	1	0	0	0	0	0	0	0	1	0	-1	0	0	0	0	0	0	0	1	1	-1	1	1	-1	0	1	1	0	1	0	1	0	1	-1	1	1	0	0	1	1	1	39.1	115	70	43.6	172	96	0.9564	3.073	NA	NA	NA
SCJ98144_1	1	-1	0	0	1	0	0	0	0	0	0	0	1	0	-1	0	0	0	0	0	1	0	1	1	-1	1	1	-1	0	1	1	0	1	0	1	0	1	-1	1	1	0	-1	1	1	1	51.1	45	22	45.1	173	94	0.9526	3.132	NA	NA	NA
WP_032117081_1	1	-1	0	0	1	0	0	0	0	0	0	0	0	-1	-1	0	0	0	0	0	0	0	1	1	-1	1	1	-1	0	1	1	0	1	0	-1	1	1	-1	1	1	0	0	1	1	1	53.3	45	21	44.5	173	91	0.9218	3.068	NA	NA	NA
WP_071119209_1	1	-1	0	0	1	0	0	0	0	-1	0	0	-1	0	0	0	0	0	0	0	0	0	1	1	0	1	1	-1	0	1	1	1	1	0	1	0	1	-1	1	1	0	0	0	1	1	30.1	123	78	50	100	50	0.9319	4.568	NA	NA	NA
WP_071119207_1	1	-1	0	0	1	0	0	0	0	-1	0	0	-1	0	0	0	0	0	0	0	0	0	1	1	0	1	1	-1	0	1	1	1	1	0	1	0	1	-1	1	1	0	0	0	1	1	30.1	123	78	50	100	50	0.923	4.621	NA	NA	NA
WP_074010946_1	1	-1	0	0	1	0	0	0	0	-1	0	0	-1	0	0	0	0	0	0	0	0	0	1	1	0	1	1	-1	0	1	1	1	1	0	1	0	1	-1	1	1	0	0	0	1	1	30.1	123	78	58.1	31	13	0.8511	5.536	NA	NA	NA
WP_071119208_1	1	-1	0	0	1	0	0	0	0	-1	0	0	-1	0	0	0	0	0	0	0	0	0	1	1	0	1	1	-1	0	1	1	1	1	0	1	0	1	-1	1	1	0	0	0	1	1	30.1	123	78	50	100	50	0.932	4.555	NA	NA	NA
WP_071119210_1	1	-1	0	0	1	0	0	0	0	-1	0	0	-1	0	0	0	0	0	0	0	0	0	1	1	0	1	1	-1	0	1	1	1	1	0	1	0	1	-1	1	1	0	0	0	1	1	30.1	123	78	50	100	50	0.929	4.579	NA	NA	NA
EQK45832_1	1	-1	0	0	1	0	0	0	0	-1	0	0	-1	0	0	0	0	0	0	0	0	0	1	1	-1	1	1	-1	0	1	1	1	1	0	1	1	1	-1	-1	1	0	-1	1	1	1	36.9	84	53	50.7	134	66	0.9212	4.637	NA	NA	NA
SJX10896_1	1	-1	0	0	1	0	0	0	0	-1	0	0	-1	0	0	0	0	0	0	0	0	0	1	1	-1	1	1	-1	0	1	1	1	1	0	1	-1	1	-1	1	1	0	0	1	1	1	40.2	92	55	46.4	153	81	0.8301	3.114	NA	NA	NA
EQF90886_1	1	-1	0	0	1	0	0	0	0	-1	0	0	-1	0	0	0	0	0	0	0	0	0	1	1	-1	1	1	-1	0	1	1	1	1	0	1	-1	1	-1	1	1	0	0	1	1	1	40.2	92	55	45.9	146	78	0.9298	3.1	NA	NA	NA
GAX63333_1	1	-1	0	0	1	0	0	0	0	-1	0	0	-1	0	0	0	0	0	0	0	0	0	1	1	-1	1	1	-1	0	1	1	1	1	0	1	-1	1	-1	1	1	0	0	1	1	1	38.3	107	63	46.4	153	81	0.8368	3.027	NA	NA	NA
ERM40237_1	NA	-1	0	0	1	0	0	0	0	-1	0	0	-1	0	0	0	0	0	0	0	0	0	NA	1	-1	1	1	-1	0	1	1	1	1	0	1	-1	1	-1	1	1	0	0	1	1	NA	NA	NA	NA	46.4	153	81	0.9582	3.007	NA	NA	NA
CDS98760_1	1	-1	0	0	1	0	0	0	0	-1	0	0	-1	0	0	0	0	0	0	0	0	0	1	1	-1	1	1	-1	0	1	1	1	1	0	1	-1	1	-1	1	1	0	0	1	1	1	39.3	107	62	45.1	153	83	0.8355	3.051	NA	NA	NA
SHH89478_1	1	-1	0	0	1	0	0	0	0	-1	0	0	-1	0	0	0	0	0	0	0	0	0	1	1	-1	1	1	-1	0	1	1	1	1	0	1	0	1	-1	-1	1	-1	0	0	1	1	38.9	95	58	45	151	83	0.9343	1.893	NA	NA	NA
SHH89452_1	1	-1	0	0	1	0	0	0	0	-1	0	0	-1	0	0	0	0	0	0	0	0	0	1	1	-1	1	1	-1	0	1	1	1	1	0	1	0	1	-1	-1	1	-1	0	0	1	1	40.7	86	51	47	134	71	0.9225	4.615	NA	NA	NA
WP_040191250_1	1	-1	0	0	1	0	0	0	0	-1	0	0	-1	0	0	0	0	0	0	0	0	0	1	1	-1	1	1	-1	0	1	1	1	1	0	1	0	1	-1	-1	1	-1	0	0	1	1	35.8	123	71	43.5	147	83	0.9276	1.973	NA	NA	NA
WP_024615668_1	1	-1	0	0	1	0	0	0	0	-1	0	0	-1	0	0	0	0	0	0	0	0	0	1	1	-1	1	1	-1	-1	1	1	1	1	0	1	0	1	-1	-1	1	0	-1	1	1	1	39.8	83	50	52.2	134	64	0.9122	4.72	NA	NA	NA
EQK43632_1	1	-1	0	0	1	0	0	0	0	-1	0	1	0	1	0	0	0	0	0	0	0	0	1	1	-1	1	1	-1	0	1	1	1	1	1	0	1	1	-1	0	1	0	-1	1	1	1	31.2	125	77	48.2	137	71	0.9002	3.128	NA	NA	NA
WP_054739625_1	0	-1	0	0	1	0	0	0	0	0	0	0	0	0	0	0	0	0	0	0	0	0	0	1	-1	0	1	-1	0	1	1	0	0	1	-1	0	1	-1	1	1	0	0	0	1	0	42.9	91	52	43.4	152	82	0.9283	2.406	NA	NA	NA
CBH22423_1	1	-1	0	0	1	0	0	0	0	-1	0	0	-1	-1	0	0	0	0	1	0	0	0	1	1	-1	1	1	-1	-1	1	1	1	1	1	1	1	1	-1	0	1	1	0	-1	1	1	47.8	90	47	46.1	180	85	0.9152	3.217	NA	NA	NA
SKB67499_1	1	-1	0	0	1	0	0	0	0	-1	0	0	-1	-1	0	0	0	0	1	0	0	0	1	1	-1	1	1	-1	-1	1	1	1	1	1	1	1	1	-1	0	1	1	0	-1	1	1	46.9	96	51	46.1	180	85	0.9004	2.222	NA	NA	NA
WP_101696784_1	1	-1	0	0	1	0	0	0	0	0	0	0	1	0	0	0	0	0	1	0	0	0	1	1	-1	1	1	-1	-1	1	1	0	0	1	1	0	-1	-1	-1	1	0	0	-1	1	1	46.6	116	62	52.3	111	52	0.9046	3.876	NA	NA	NA
WP_038323711_1	1	-1	0	0	1	0	0	0	0	0	0	0	1	0	0	0	0	0	1	0	0	0	1	1	-1	1	1	-1	-1	1	1	0	0	1	1	0	0	-1	-1	1	0	0	-1	1	1	46.6	116	62	45.9	135	70	0.956	2.384	NA	NA	NA
WP_042435884_1	1	-1	0	0	1	0	0	0	0	0	0	0	1	-1	0	0	0	0	1	0	0	0	1	1	-1	1	1	-1	-1	1	1	0	0	1	1	1	-1	-1	-1	1	0	0	-1	1	1	45.7	116	63	53.6	112	49	0.9366	3.142	NA	NA	NA
ADZ82581_1	1	-1	0	0	1	0	0	0	0	0	0	0	0	-1	-1	0	0	0	1	0	0	0	1	1	-1	1	1	-1	-1	1	1	0	0	0	-1	1	1	-1	0	1	0	0	-1	1	1	40	115	69	47.4	154	72	0.9392	2.922	NA	NA	NA
WP_053982445_1	0	-1	0	0	1	0	0	0	0	0	0	0	0	-1	0	0	0	0	1	0	0	0	0	1	-1	1	1	-1	0	1	1	0	0	0	1	1	1	-1	-1	1	0	0	0	1	1	53.8	91	42	53.6	140	64	0.9569	2.997	NA	NA	NA
ADZ82773_1	0	-1	0	0	1	0	0	0	0	0	0	-1	0	0	0	0	0	0	1	0	0	0	0	1	-1	1	1	-1	0	1	1	0	0	1	1	1	1	-1	0	1	0	0	-1	1	1	40	115	69	44.8	165	90	0.9534	1.369	-1,394674602	0,891392259	active
WP_054742738_1	0	-1	0	0	1	0	0	0	0	0	0	0	0	-1	0	0	0	0	1	0	0	0	0	1	-1	-1	1	-1	-1	1	1	0	-1	-1	-1	1	0	-1	0	1	0	0	0	1	1	52.9	102	44	50.6	160	79	0.9425	2.701	-2,093810809	1,120107845	silent
KJS85393_1	1	-1	0	0	1	0	0	0	0	-1	0	0	0	0	-1	0	0	0	1	0	0	0	1	1	-1	1	1	-1	-1	1	0	1	1	0	0	1	1	-1	-1	1	0	0	-1	1	1	42.9	98	56	45.8	166	90	0.9413	3.137	NA	NA	NA
BAQ09609_1	1	-1	0	0	1	0	0	0	0	-1	0	0	0	0	-1	0	0	0	1	0	0	0	1	1	-1	1	1	-1	0	1	0	1	-1	0	-1	1	1	-1	0	-1	0	-1	0	1	1	39.1	115	70	41.8	165	95	0.9051	3.178	NA	NA	NA
SKB28464_1	1	-1	0	0	1	0	0	-1	0	-1	0	0	0	0	-1	0	0	0	1	0	0	0	1	1	-1	1	1	-1	-1	1	1	1	-1	0	-1	1	1	-1	0	1	0	-1	0	-1	1	37.3	118	73	44.7	159	85	0.865	1.152	NA	NA	NA
WP_036166935_1	1	-1	0	0	1	0	0	0	0	-1	0	0	0	0	-1	0	0	0	1	0	0	0	1	1	-1	1	1	-1	-1	1	1	1	-1	0	-1	1	1	-1	0	1	0	-1	0	-1	1	36.8	117	74	43.6	163	89	0.9019	3.014	NA	NA	NA
KYG90265_1	1	-1	0	0	1	0	0	0	0	-1	0	0	0	0	0	0	0	0	1	0	0	0	1	1	-1	1	1	-1	-1	1	1	1	-1	0	1	1	1	-1	0	1	0	-1	0	1	1	40.9	115	68	48	171	86	0.8817	3.448	NA	NA	NA
WP_110180306_1	1	-1	0	0	1	0	0	0	0	0	0	0	0	-1	0	0	0	0	1	0	0	0	1	1	-1	1	1	-1	-1	1	0	0	-1	0	-1	1	1	-1	-1	1	0	0	-1	1	1	38.5	122	53	41.2	148	85	0.8738	3.315	NA	NA	NA
KLV17823_1	1	-1	0	0	1	0	0	0	0	-1	0	0	0	-1	0	0	0	0	1	0	0	0	1	1	-1	1	1	-1	0	1	1	1	1	0	-1	1	1	-1	0	1	0	0	-1	1	1	47	117	62	48.4	159	80	0.9468	3.442	NA	NA	NA
WP_090840636_1	1	-1	0	0	1	0	0	0	0	-1	0	0	1	-1	0	0	0	0	1	0	0	0	1	1	-1	1	1	-1	-1	1	1	1	1	0	1	1	1	-1	-1	1	0	0	-1	1	1	34.2	114	75	48.5	134	69	0.9664	1.26	NA	NA	NA
WP_069364761_1	1	-1	0	0	1	0	0	0	0	-1	0	0	1	-1	0	0	0	0	1	0	0	0	1	1	-1	1	1	-1	-1	1	1	1	1	0	1	1	1	-1	-1	1	0	0	-1	1	1	46.5	114	61	47.4	154	81	0.9724	3.397	NA	NA	NA
WP_069304513_1	NA	-1	0	0	1	0	0	0	0	0	0	0	-1	1	0	0	0	0	1	0	0	0	NA	1	-1	1	1	-1	-1	1	1	0	1	0	1	1	1	-1	-1	1	0	0	-1	1	NA	46.3	82	44	53.7	134	62	0.9788	0.8019	NA	NA	NA
SKA73568_1	1	-1	0	0	1	0	0	0	0	0	0	0	0	0	0	0	0	0	1	0	0	0	1	1	-1	1	1	-1	0	1	1	-1	1	0	1	0	1	-1	-1	1	0	0	-1	1	1	44.8	116	64	56.6	113	49	0.9446	1.612	NA	NA	NA
OFI06495_1	1	-1	0	0	1	0	0	0	0	-1	0	0	1	0	0	0	0	0	1	0	0	0	1	1	-1	1	1	-1	0	1	1	1	1	1	1	1	1	-1	-1	1	0	0	-1	1	1	48	98	51	55.9	118	52	0.9601	3.003	NA	NA	NA
WP_077624765_1	NA	-1	0	0	1	0	0	0	0	-1	0	0	1	0	0	0	0	0	1	0	0	0	NA	1	-1	1	1	-1	-1	1	1	1	1	0	1	1	1	-1	0	1	0	0	-1	1	NA	46.9	64	34	50.7	134	66	0.9527	3.173	NA	NA	NA
WP_027400151_1	1	-1	0	0	1	0	0	1	0	0	0	-1	0	1	0	0	0	0	1	0	0	0	1	1	-1	1	1	-1	-1	1	1	0	-1	1	0	1	0	-1	-1	1	0	0	-1	1	1	47	115	61	48.4	122	62	0.9423	3.096	NA	NA	NA
OUP75234_1	1	-1	0	0	1	0	0	1	0	0	0	0	-1	1	-1	0	0	0	0	0	0	0	1	1	-1	1	1	-1	-1	1	1	0	1	0	1	1	1	-1	0	1	0	0	-1	1	1	43.1	116	66	47.4	135	71	0.9379	1.722	NA	NA	NA
WP_087214663_1	1	-1	0	0	1	0	0	1	0	0	0	0	-1	1	-1	0	0	0	0	0	0	0	1	1	-1	1	1	-1	-1	1	1	0	1	0	1	1	1	-1	0	1	0	0	-1	1	1	38.8	116	71	47.4	135	71	0.9652	2.912	NA	NA	NA
WP_117546282_1	1	-1	0	0	1	0	0	1	0	0	0	0	-1	1	-1	0	0	0	0	0	0	0	1	1	-1	1	1	-1	-1	1	1	0	1	0	1	1	1	-1	0	1	0	0	-1	1	1	42.2	116	67	47.4	135	71	0.9686	2.89	NA	NA	NA
WP_024730141_1	1	-1	0	0	1	0	0	1	0	0	0	0	-1	1	-1	0	0	0	0	0	0	0	1	1	-1	1	1	-1	-1	1	1	0	1	0	1	1	1	-1	0	1	0	0	-1	1	1	42.2	116	67	47.4	135	71	0.9693	2.876	NA	NA	NA
CUQ16311_1	1	-1	0	0	1	0	0	1	0	0	0	0	-1	1	-1	0	0	0	0	0	0	0	1	1	-1	1	1	-1	-1	1	1	0	1	0	1	1	1	-1	0	1	0	0	-1	1	1	38.8	116	71	47.1	138	73	0.9617	2.878	NA	NA	NA
EDS11695_1	1	-1	0	0	1	0	0	1	0	0	0	0	-1	1	-1	0	0	0	0	0	0	0	1	1	-1	1	1	-1	-1	1	1	0	1	0	1	1	1	-1	0	1	0	0	-1	1	1	38.8	116	71	47.1	138	73	0.9667	2.841	NA	NA	NA
OUO67936_1	1	-1	0	0	1	0	0	1	0	0	0	-1	1	0	1	0	0	0	0	0	0	0	1	1	-1	1	1	-1	-1	1	1	0	1	1	1	-1	1	-1	0	1	0	0	-1	1	1	43.1	116	66	47.1	138	73	0.9531	2.956	NA	NA	NA
WP_117546956_1	1	-1	0	0	1	0	0	1	0	0	0	-1	1	0	1	0	0	0	0	0	0	0	1	1	-1	1	1	-1	-1	1	1	0	1	1	1	-1	1	-1	0	1	0	0	-1	1	1	43.1	116	66	47.1	138	73	0.9536	2.957	NA	NA	NA
WP_082425418_1	1	-1	0	0	1	0	0	1	0	0	0	-1	1	0	1	0	0	0	0	0	0	0	1	1	-1	1	1	-1	-1	1	1	0	1	1	1	-1	1	-1	0	1	0	0	-1	1	1	41.4	116	68	47.1	138	73	0.9551	2.94	NA	NA	NA
WP_087416159_1	1	-1	0	0	1	0	0	1	0	0	0	-1	1	0	1	0	0	0	0	0	0	0	1	1	-1	1	1	-1	-1	1	1	0	1	1	1	-1	1	-1	0	1	0	0	-1	1	1	42.2	116	67	47.1	138	73	0.961	1.207	NA	NA	NA
WP_087300999_1	1	-1	0	0	1	0	0	1	0	0	0	-1	1	0	1	0	0	0	0	0	0	0	1	1	-1	1	1	-1	-1	1	1	0	1	1	1	-1	1	-1	0	1	0	0	-1	1	1	46.6	116	62	45.7	138	75	0.9469	3.007	NA	NA	NA
WP_081726460_1	1	-1	0	0	1	0	0	1	0	0	0	-1	1	0	1	0	0	0	0	0	0	0	1	1	-1	1	1	-1	-1	1	1	0	1	1	1	-1	1	-1	0	1	0	0	-1	1	1	43.1	116	66	47.8	138	72	0.9459	2.997	NA	NA	NA
EDS12644_1	1	-1	0	0	1	0	0	1	0	0	0	-1	1	0	1	0	0	0	0	0	0	0	1	1	-1	1	1	-1	-1	1	1	0	1	1	1	-1	1	-1	0	1	0	0	-1	1	1	43.1	116	66	47.1	138	73	0.9523	2.973	NA	NA	NA
WP_081726459_1	1	-1	0	0	1	0	0	1	0	0	0	-1	1	0	1	0	0	0	0	0	0	0	1	1	-1	1	1	-1	-1	1	1	0	1	1	1	-1	1	-1	0	1	0	0	-1	1	1	39.7	116	70	45.3	150	82	0.9449	2.992	NA	NA	NA
WP_006874280_1	1	-1	0	0	1	0	0	1	0	0	0	-1	1	0	1	0	0	0	0	0	0	0	1	1	-1	1	1	-1	-1	1	1	0	1	1	1	-1	1	-1	0	1	0	0	-1	1	1	43.1	116	66	43.6	156	88	0.9438	3.005	NA	NA	NA
EOS64721_1	1	-1	0	0	1	0	0	1	0	0	0	0	0	-1	1	0	0	0	0	0	0	0	1	1	-1	1	1	-1	-1	1	1	0	1	-1	1	1	1	-1	0	1	0	0	-1	1	1	49.1	116	59	44.7	150	81	0.957	1.275	NA	NA	NA
WP_016317067_1	1	-1	0	0	1	0	0	1	0	0	0	-1	0	-1	1	0	0	0	0	0	0	0	1	1	-1	1	1	-1	-1	1	1	0	1	1	-1	1	1	-1	0	1	0	0	-1	1	1	44.7	114	63	47.1	138	73	0.9604	2.878	NA	NA	NA
EOS64734_1	1	-1	0	0	1	0	0	1	0	0	0	0	0	0	0	0	0	0	0	0	0	0	1	1	-1	1	1	-1	-1	1	1	0	1	-1	1	0	-1	-1	-1	1	0	0	-1	1	1	42.2	116	67	42	157	91	0.9466	1.453	NA	NA	NA
WP_101911698_1	1	-1	0	0	1	0	0	1	0	0	0	-1	0	-1	0	0	0	0	0	0	0	0	1	1	-1	1	1	-1	-1	1	1	0	-1	1	0	1	-1	-1	-1	1	0	0	-1	1	1	48.3	116	60	44.9	136	74	0.9694	1.197	NA	NA	NA
PKM74523_1	1	-1	0	0	1	0	0	1	0	0	0	-1	0	-1	0	0	0	0	0	0	0	0	1	1	-1	1	1	-1	-1	1	0	0	-1	1	0	1	-1	-1	-1	1	0	-1	-1	0	1	41.4	116	68	44.9	136	74	0.9202	3.297	NA	NA	NA
WP_099205438_1	1	-1	0	0	1	0	0	1	0	0	0	0	0	0	-1	0	0	0	0	0	0	0	1	1	-1	1	1	-1	-1	1	1	0	-1	1	1	1	1	-1	-1	1	0	0	-1	1	1	51.5	99	48	44.1	136	75	0.9032	2.324	NA	NA	NA
ODU57518_1	1	-1	0	0	1	0	0	1	0	0	0	0	1	0	-1	0	0	0	0	0	0	0	1	1	-1	1	1	-1	-1	1	1	0	-1	1	1	0	1	-1	-1	1	0	0	-1	1	1	43.6	117	66	48.6	144	71	0.9269	1.932	NA	NA	NA
EOS62542_1	1	-1	0	0	1	0	0	1	0	0	0	0	1	-1	1	0	0	0	0	0	0	0	1	1	-1	1	1	-1	-1	1	1	0	1	-1	1	1	1	-1	0	1	0	0	-1	1	1	38.8	116	71	48.8	86	44	0.9091	3.6	NA	NA	NA
CUN91492_1	1	-1	0	0	1	0	0	0	0	0	0	-1	1	0	0	0	0	0	1	0	0	0	1	1	-1	1	1	-1	0	1	1	0	-1	1	1	0	1	-1	0	1	0	0	-1	1	1	44	116	65	45.3	64	34	0.8088	4.615	NA	NA	NA
WP_024724253_1	1	-1	0	0	1	0	0	0	0	0	0	-1	1	0	0	0	0	0	1	0	0	0	1	1	-1	1	1	-1	0	1	1	0	-1	1	1	0	1	-1	0	1	0	0	-1	1	1	44	116	65	48	123	63	0.9475	3.06	NA	NA	NA
WP_040658647_1	1	-1	0	0	1	0	0	0	0	0	0	0	1	0	0	0	0	0	1	0	0	0	1	1	-1	1	1	-1	-1	1	1	0	0	1	1	0	1	-1	-1	1	0	0	-1	1	1	42.2	116	67	44.7	132	72	0.968	1.208	NA	NA	NA
OUO39651_1	1	-1	0	0	1	0	0	0	0	0	0	0	1	0	0	0	0	0	1	0	0	0	1	1	-1	1	1	-1	-1	1	1	0	0	1	1	0	1	-1	0	1	0	0	-1	1	1	45.7	116	63	45.3	64	34	0.7427	7.801	NA	NA	NA
OUO31954_1	1	-1	0	0	1	0	0	0	0	0	0	0	1	0	0	0	0	0	1	0	0	0	1	1	-1	1	1	-1	-1	1	1	0	0	1	1	0	1	-1	0	1	0	0	-1	1	1	44.8	116	64	45.3	64	34	0.7952	4.867	NA	NA	NA
WP_054328513_1	1	-1	0	0	1	0	0	0	0	0	0	0	1	-1	0	0	0	0	1	0	0	0	1	1	-1	1	1	-1	-1	1	1	0	0	1	1	1	1	-1	0	1	0	0	1	1	1	30.2	116	81	48	123	63	0.9579	2.968	NA	NA	NA
WP_107631854_1	1	-1	0	0	1	0	0	0	0	0	0	0	1	-1	0	0	0	0	1	0	0	0	1	1	-1	1	1	-1	-1	1	1	0	0	1	1	1	1	-1	0	1	0	0	1	1	1	30.2	116	81	48	123	63	0.9556	2.985	NA	NA	NA
SCJ62025_1	1	-1	0	0	1	0	0	0	0	0	0	0	1	-1	0	0	0	0	1	0	0	0	1	1	-1	1	1	-1	-1	1	1	0	0	1	1	1	1	-1	0	1	0	0	1	1	1	30.2	116	81	48	123	63	0.9394	3.122	NA	NA	NA
BAK97754_1	1	-1	0	0	1	0	0	0	0	0	0	0	1	0	0	0	0	0	1	0	0	0	1	1	-1	1	1	-1	-1	1	1	0	0	1	1	0	1	-1	-1	1	0	0	-1	1	1	44	116	65	42.6	136	75	0.9654	1.256	NA	NA	NA
WP_027096182_1	1	-1	0	0	1	0	0	0	0	0	0	0	1	0	0	0	0	0	1	0	0	0	1	1	-1	1	1	-1	-1	1	1	0	0	1	1	0	1	-1	0	1	0	0	-1	1	1	57.9	38	16	46.3	123	65	0.9341	1.709	NA	NA	NA
WP_077611709_1	1	-1	0	0	1	0	0	0	0	0	0	-1	1	0	0	0	0	0	1	0	0	0	1	1	-1	1	1	-1	-1	1	1	0	0	1	1	0	0	-1	-1	1	0	0	-1	1	1	45.7	116	63	48.8	123	62	0.9182	3.306	NA	NA	NA
WP_026892307_1	1	-1	0	0	1	0	0	0	0	0	0	-1	1	0	0	0	0	0	1	0	0	0	1	1	-1	1	1	-1	-1	1	1	0	0	1	1	0	0	-1	-1	1	0	0	-1	1	1	45.7	116	63	49.6	123	61	0.966	1.252	NA	NA	NA
WP_118427075_1	1	-1	0	0	1	0	0	0	0	0	0	-1	1	0	-1	0	0	0	1	0	0	0	1	1	-1	1	1	-1	-1	1	1	0	0	1	1	0	1	-1	0	1	0	0	-1	1	1	43.1	116	66	47.5	122	64	0.9557	2.998	NA	NA	NA
WP_023345978_1	1	-1	0	0	1	0	0	0	0	0	0	-1	1	0	0	0	0	0	1	0	0	0	1	1	-1	1	1	-1	-1	1	1	0	0	1	1	1	1	-1	0	1	0	0	1	1	1	43.5	115	65	45.5	123	66	0.9693	2.858	NA	NA	NA
WP_044941274_1	1	-1	0	0	1	0	0	0	0	0	0	0	1	0	0	0	0	0	1	0	0	0	1	1	-1	1	1	-1	-1	1	1	0	0	1	1	1	1	-1	0	1	0	0	-1	1	1	37.1	116	73	40.6	155	88	0.9654	1.179	NA	NA	NA
OUP02704_1	1	-1	0	0	1	0	0	0	0	0	0	0	1	-1	0	0	0	0	1	0	0	0	1	1	-1	1	1	-1	-1	1	1	0	0	1	1	1	1	-1	0	1	0	0	-1	1	1	28.4	95	68	44.1	143	76	0.962	2.963	NA	NA	NA
WP_050622563_1	1	-1	0	0	1	0	0	0	0	0	0	-1	1	-1	1	0	0	0	1	0	0	0	1	1	-1	1	1	-1	-1	1	1	0	0	1	1	1	1	-1	0	1	0	0	-1	1	1	44.1	102	57	44.9	136	74	0.9546	2.997	NA	NA	NA
RHR11302_1	1	-1	0	0	1	0	0	0	0	0	0	0	1	1	0	0	0	0	1	0	0	0	1	1	-1	1	1	-1	-1	1	1	0	0	1	1	1	1	-1	0	1	0	0	-1	1	1	48	102	53	43.5	138	77	0.9401	3.133	NA	NA	NA
WP_103673021_1	1	-1	0	0	1	0	0	0	0	-1	0	0	-1	0	0	0	0	0	1	0	0	0	1	1	-1	1	1	-1	0	1	1	1	1	-1	1	1	1	-1	0	1	0	0	-1	1	1	52	98	47	43.4	173	91	0.9668	1.225	NA	NA	NA
WP_003429311_1	1	-1	0	0	1	0	0	0	0	-1	0	0	-1	0	0	0	0	0	1	0	0	0	1	1	-1	1	1	-1	0	1	1	1	1	-1	1	1	1	-1	0	1	0	0	-1	1	1	51	98	48	50	138	69	0.9805	0.9419	NA	NA	NA
CDB14790_1	1	-1	0	0	1	0	0	0	0	-1	0	0	1	-1	0	0	0	0	0	0	0	0	1	1	-1	1	1	-1	0	1	1	1	1	0	1	1	1	-1	-1	1	0	0	-1	1	1	44.3	115	64	52.8	144	68	0.9601	1.366	NA	NA	NA
OKZ85308_1	1	-1	0	0	1	0	0	0	0	-1	0	0	-1	0	-1	0	0	0	0	0	0	0	1	1	-1	1	1	-1	0	1	1	1	1	0	1	1	1	-1	0	1	-1	-1	-1	1	1	44.9	98	54	45.7	138	75	0.9772	1.006	NA	NA	NA
CDB75689_1	1	-1	0	0	1	0	0	0	0	-1	0	0	-1	0	-1	0	0	0	0	0	0	0	1	1	-1	1	1	-1	0	1	1	1	1	0	1	1	1	-1	0	1	-1	-1	-1	1	1	44.9	98	54	45.7	138	75	0.9811	0.9172	NA	NA	NA
CDB14759_1	1	-1	0	0	1	0	0	0	0	-1	0	0	1	0	0	0	0	0	0	0	0	0	1	1	-1	1	1	-1	0	1	1	1	1	1	1	1	0	-1	0	1	0	-1	-1	1	1	46.9	98	52	50	134	67	0.9767	1.022	NA	NA	NA
ASJ21834_1	1	-1	0	0	1	0	0	0	0	0	0	0	0	0	0	0	0	0	0	0	0	0	1	1	-1	1	1	-1	-1	1	1	0	0	0	-1	1	1	-1	-1	1	0	-1	-1	0	1	34.7	98	64	36.8	171	102	0.9196	3.312	NA	NA	NA
SUW08963_1	1	-1	0	0	1	0	0	0	0	0	0	0	0	0	0	0	0	0	0	0	0	0	1	1	-1	1	1	-1	-1	1	1	0	0	0	-1	1	1	-1	-1	1	0	-1	-1	0	1	34.7	98	64	36.8	171	102	0.9158	3.339	NA	NA	NA
WP_014934124_1	1	-1	0	0	1	0	0	0	0	0	0	0	0	0	0	0	0	0	0	0	0	0	1	1	-1	1	1	-1	-1	1	1	0	0	0	-1	1	1	-1	-1	1	0	-1	-1	0	1	35.7	98	63	39.8	171	97	0.8247	4.322	NA	NA	NA
AFR71984_1	1	-1	0	0	1	0	0	0	0	0	0	0	0	0	0	0	0	0	0	0	0	0	1	1	-1	1	1	-1	-1	1	1	0	0	0	-1	1	1	-1	-1	1	0	-1	-1	0	1	35.7	98	63	36.8	171	102	0.91	3.395	NA	NA	NA
EKV57088_1	1	-1	0	0	1	0	0	0	0	0	0	0	0	0	0	0	0	0	0	0	0	0	1	1	-1	1	1	-1	-1	1	1	0	0	0	-1	0	1	-1	0	1	-1	0	-1	0	1	41.4	99	58	42.1	178	92	0.9221	3.278	NA	NA	NA
SUW06155_1	1	-1	0	0	1	0	0	0	0	0	0	0	0	0	0	0	0	0	0	0	0	0	1	1	-1	1	1	-1	-1	1	1	0	0	0	-1	0	1	-1	0	1	-1	0	-1	0	1	41.4	99	58	42.7	178	91	0.9239	3.256	NA	NA	NA
WP_020005028_1	1	-1	0	0	1	0	0	0	0	0	0	0	0	0	0	0	0	0	0	0	0	0	1	1	-1	1	1	-1	-1	1	1	0	0	0	-1	0	1	-1	0	1	-1	0	-1	0	1	41.4	99	58	42.7	178	91	0.9174	3.317	NA	NA	NA
CCY77843_1	1	-1	0	0	1	0	0	0	0	0	0	0	0	0	0	0	0	0	0	0	0	0	1	1	-1	1	1	-1	-1	1	1	0	0	0	-1	0	1	-1	0	1	-1	0	-1	0	1	40.4	99	59	43.3	178	90	0.8916	3.577	NA	NA	NA
SUW00762_1	1	-1	0	0	1	0	0	0	0	0	0	0	0	0	0	0	0	0	0	0	0	0	1	1	-1	1	1	-1	-1	1	1	0	0	0	-1	0	1	-1	0	1	-1	0	-1	0	1	38.4	99	61	44.4	135	75	0.8973	3.48	NA	NA	NA
AFR71903_1	1	-1	0	0	1	0	0	0	0	0	0	0	0	0	0	0	0	0	0	0	0	0	1	1	-1	1	1	-1	-1	1	1	0	0	0	-1	0	1	-1	0	1	-1	0	-1	0	1	38.4	99	61	44.4	135	75	0.8951	3.506	NA	NA	NA
AAU93692_1	1	-1	0	0	1	0	0	0	0	0	0	0	0	0	0	0	0	0	0	0	0	0	1	1	-1	1	1	-1	-1	1	1	0	0	0	-1	0	1	-1	0	1	-1	0	-1	0	1	37.4	99	62	45.2	135	74	NA	NA	NA	NA	NA
OHD56560_1	1	-1	0	0	1	0	0	0	0	0	0	0	0	0	0	0	0	0	0	0	0	0	1	1	-1	1	1	-1	-1	1	1	0	0	0	-1	0	1	-1	0	1	0	0	-1	0	1	38.8	98	60	42.9	154	77	0.9041	3.393	NA	NA	NA
WP_074756731_1	0	-1	0	0	1	0	0	1	0	-1	0	0	0	1	0	0	0	0	1	0	0	0	0	1	-1	1	1	-1	-1	1	1	1	-1	0	0	1	-1	-1	-1	1	0	0	-1	1	1	42.9	98	56	45.1	144	76	0.9423	3.18	NA	NA	NA
WP_022756746_1	0	-1	0	0	1	0	0	1	0	-1	0	0	0	1	0	0	0	0	1	0	0	0	0	1	-1	1	1	-1	-1	1	1	1	-1	0	0	1	-1	-1	-1	1	0	0	-1	1	1	42.9	98	56	45.1	144	76	0.9434	3.175	NA	NA	NA
WP_022756747_1	0	-1	0	0	1	0	0	1	0	-1	0	0	0	0	0	0	0	0	1	0	0	0	0	1	-1	1	1	-1	-1	1	1	1	-1	0	0	-1	-1	-1	-1	1	0	0	-1	1	1	41.2	114	67	45.5	156	78	0.9395	3.173	NA	NA	NA
WP_027206649_1	0	-1	0	0	1	0	0	1	0	-1	0	0	0	0	0	0	0	0	1	0	0	0	0	1	-1	1	1	-1	-1	1	1	1	-1	0	0	-1	-1	-1	-1	1	0	0	-1	1	1	43.6	101	57	46.6	146	71	0.9464	3.175	-2,86328822	0	evader
WP_024866244_1	0	-1	0	0	1	0	0	1	0	-1	0	0	0	1	0	0	0	0	1	0	0	0	0	1	-1	1	1	-1	-1	1	1	1	-1	0	0	1	-1	-1	-1	1	0	0	-1	1	1	40.3	119	68	47.6	147	70	0.9323	3.286	-4,578789736	0	evader
WP_029232835_1	0	-1	0	0	1	0	0	1	0	-1	0	0	0	0	0	0	0	0	1	0	0	0	0	1	-1	1	1	-1	-1	1	1	1	-1	0	0	1	-1	-1	-1	1	0	0	-1	1	1	42.7	96	55	42.7	150	83	0.9499	3.103	NA	NA	NA
SCY34359_1	0	-1	0	0	1	0	0	1	0	-1	0	0	0	-1	0	0	0	0	1	0	0	0	0	1	-1	1	1	-1	-1	1	1	1	-1	0	0	1	-1	-1	-1	1	0	0	-1	1	1	42.7	96	55	44	150	81	0.9428	3.167	NA	NA	NA
WP_074891722_1	0	-1	0	0	1	0	0	1	0	-1	0	0	0	0	0	0	0	0	1	0	0	0	0	1	-1	1	1	-1	-1	1	1	1	-1	0	0	1	-1	-1	-1	1	0	0	-1	1	1	35.9	117	73	44.1	152	78	0.96	1.363	NA	NA	NA
ADL33236_1	0	-1	0	0	1	0	0	1	0	-1	0	0	0	0	0	0	0	0	1	0	0	0	0	1	-1	1	1	-1	-1	1	1	1	-1	0	0	1	-1	-1	-1	1	0	0	-1	1	1	38.5	117	70	43.4	152	79	0.9078	3.073	NA	NA	NA
WP_026662618_1	0	-1	0	0	1	0	0	1	0	-1	0	0	0	0	0	0	0	0	1	0	0	0	0	1	-1	1	1	-1	-1	1	1	1	-1	0	0	1	-1	-1	-1	1	0	0	-1	1	1	47.5	80	42	45.3	148	74	0.9431	3.142	NA	NA	NA
WP_022777567_1	0	-1	0	0	1	0	0	1	0	-1	0	0	0	0	0	0	0	0	1	0	0	0	0	1	-1	1	1	-1	-1	1	1	1	-1	1	0	1	-1	-1	-1	1	0	0	-1	1	1	50	80	40	45.7	151	75	0.9471	3.14	NA	NA	NA
WP_072700964_1	0	-1	0	0	1	0	0	1	0	-1	0	0	0	-1	0	0	0	0	1	0	0	0	0	1	-1	1	1	-1	-1	1	1	1	-1	0	0	1	-1	-1	-1	1	0	0	-1	1	1	39.1	115	70	44.4	151	77	0.9438	3.165	NA	NA	NA
AOZ97354_1	0	-1	0	0	1	0	0	1	0	-1	0	0	0	-1	0	0	0	0	1	0	0	0	0	1	-1	1	1	-1	-1	1	1	1	-1	0	0	1	-1	-1	-1	1	0	0	-1	1	1	39.1	115	70	44.4	151	77	0.9461	3.148	NA	NA	NA
WP_071176966_1	0	-1	0	0	1	0	0	1	0	-1	0	0	0	0	0	0	0	0	1	0	0	0	0	1	-1	1	1	-1	-1	1	1	1	-1	1	0	1	-1	-1	-1	1	0	0	-1	1	1	46.5	99	53	51.7	116	54	0.9451	1.621	NA	NA	NA
WP_022765819_1	0	-1	0	0	1	0	0	1	0	-1	0	0	1	-1	0	0	0	0	1	0	0	0	0	1	-1	1	1	-1	-1	1	1	1	-1	0	1	1	-1	-1	-1	1	0	0	-1	1	1	39.8	113	68	45	151	76	0.9414	3.145	NA	NA	NA
WP_022770332_1	0	-1	0	0	1	0	0	1	0	-1	0	0	0	1	0	0	0	0	1	0	0	0	0	1	-1	1	1	-1	-1	1	1	1	-1	1	0	1	-1	-1	-1	1	0	0	-1	1	1	39.3	117	69	44.4	151	77	0.9501	1.627	NA	NA	NA
WP_027216533_1	0	-1	0	0	1	0	0	1	0	-1	0	0	0	-1	0	0	0	0	1	0	0	0	0	1	-1	1	1	-1	-1	1	1	1	-1	1	0	1	-1	-1	-1	1	0	0	-1	1	1	47.5	80	42	52.3	109	52	0.952	1.553	NA	NA	NA
WP_092337228_1	0	-1	0	0	1	0	0	1	0	-1	0	0	0	0	0	0	0	0	1	0	0	0	0	1	-1	1	1	-1	-1	1	1	1	-1	1	0	1	-1	-1	-1	1	0	0	-1	1	1	36.6	131	68	47.3	146	70	0.9535	1.567	NA	NA	NA
WP_026667953_1	0	-1	0	0	1	0	0	1	0	-1	0	0	0	0	0	0	0	0	1	0	0	0	0	1	-1	1	1	-1	-1	1	1	1	-1	0	-1	0	-1	-1	-1	1	0	0	-1	1	1	40	120	66	51.1	131	57	0.9478	1.662	NA	NA	NA
SCY41138_1	0	-1	0	0	1	0	0	1	0	-1	0	0	0	0	0	0	0	0	1	0	0	0	0	1	-1	1	1	-1	-1	1	1	1	-1	0	-1	0	1	-1	-1	1	0	0	-1	1	1	44.4	99	50	47.3	150	71	0.9686	1.271	NA	NA	NA
WP_026514574_1	0	-1	0	0	1	0	0	1	0	-1	0	0	0	0	0	0	0	0	1	0	0	0	0	1	-1	1	1	-1	-1	1	1	1	-1	1	-1	0	1	-1	-1	1	0	0	-1	1	1	45.5	88	48	52	127	59	0.9422	1.75	NA	NA	NA
WP_027216532_1	0	-1	0	0	1	0	0	1	0	-1	0	0	0	0	0	0	0	0	1	0	0	0	0	1	-1	1	1	-1	-1	1	1	1	-1	1	1	-1	1	-1	-1	1	0	0	-1	1	1	40	120	68	46.5	144	74	0.9401	1.786	NA	NA	NA
WP_092245381_1	0	-1	0	0	1	0	0	1	0	-1	0	0	0	-1	0	0	0	0	1	0	0	0	0	1	-1	1	1	-1	-1	1	1	1	-1	0	0	1	-1	-1	-1	1	0	0	-1	1	1	40.8	120	67	47.7	151	72	0.9509	1.566	NA	NA	NA
SCX98771_1	0	-1	0	0	1	0	0	1	0	-1	0	0	1	1	0	0	0	0	1	0	0	0	0	1	-1	1	1	-1	-1	1	1	1	-1	1	1	1	-1	-1	-1	1	0	0	-1	1	1	41.7	120	66	47.4	152	73	0.9442	1.693	NA	NA	NA
WP_026514573_1	0	-1	0	0	1	0	0	1	0	-1	0	0	1	-1	0	0	0	0	1	0	0	0	0	1	-1	1	1	-1	-1	1	1	1	-1	1	1	1	-1	-1	-1	1	0	0	-1	1	1	41.7	120	66	44.7	152	77	0.9392	1.761	NA	NA	NA
WP_026650949_1	0	-1	0	0	1	0	0	1	0	-1	0	0	0	0	0	0	0	0	1	0	0	0	0	1	-1	1	1	-1	-1	1	1	1	-1	0	0	0	-1	-1	-1	1	0	0	-1	1	1	44.6	101	56	45.9	146	72	0.9168	3.045	-6	0	evader
WP_026517156_1	0	-1	0	0	1	0	0	1	0	-1	0	0	0	0	0	0	0	0	1	0	0	0	0	1	-1	1	1	-1	-1	1	1	1	-1	1	-1	-1	-1	-1	-1	1	0	0	-1	1	1	41.4	99	58	46.6	148	72	0.9118	2.149	NA	NA	NA
WP_022777566_1	0	-1	0	0	1	0	0	1	0	-1	0	0	0	0	0	0	0	0	1	0	0	0	0	1	-1	1	1	-1	-1	1	1	1	-1	1	0	-1	-1	-1	-1	1	0	0	-1	1	1	41.4	111	55	49.2	126	59	0.9257	3.727	-6	0	evader
SDA41978_1	0	-1	0	0	1	0	0	1	0	-1	0	0	0	0	0	0	0	0	1	0	0	0	0	1	-1	1	1	-1	-1	1	1	1	-1	0	1	0	1	-1	-1	1	0	0	-1	1	1	41.4	99	58	45.9	146	72	0.9274	2.887	NA	NA	NA
SHI17354_1	0	-1	0	0	1	0	0	1	0	-1	0	0	0	0	0	0	0	0	1	0	0	0	0	1	-1	1	1	-1	-1	1	1	1	-1	0	1	1	-1	-1	-1	1	0	0	-1	1	1	41.2	114	67	42.4	151	80	0.9486	4.211	NA	NA	NA
WP_026505821_1	0	-1	0	0	1	0	0	1	0	-1	0	0	0	0	0	0	0	0	1	0	0	0	0	1	-1	1	1	-1	-1	1	1	1	-1	0	1	0	-1	-1	-1	1	0	0	-1	1	1	44.4	117	65	45	149	79	0.9294	3.563	NA	NA	NA
SFL40138_1	0	-1	0	0	1	0	0	1	0	-1	0	0	0	0	0	0	0	0	1	0	0	0	0	1	-1	1	1	-1	0	1	1	1	-1	0	1	0	-1	-1	-1	1	0	0	-1	1	0	42	119	66	44.7	159	81	0.9456	5.146	NA	NA	NA
WP_035640031_1	0	-1	0	0	1	0	0	1	0	-1	0	0	0	0	0	0	0	0	1	0	0	0	0	1	-1	1	1	-1	-1	1	1	1	-1	0	1	0	-1	-1	-1	1	0	0	-1	1	0	42	119	66	42.7	157	85	0.9494	5.131	NA	NA	NA
WP_089973613_1	0	-1	0	0	1	0	0	1	0	-1	0	0	0	0	0	0	0	0	1	0	0	0	0	1	-1	1	1	-1	-1	1	1	1	-1	0	1	0	-1	-1	-1	1	0	0	-1	1	0	38.5	117	69	45.5	156	78	0.9529	2.798	NA	NA	NA
WP_035634477_1	0	-1	0	0	1	0	0	1	0	-1	0	0	0	0	0	0	0	0	1	0	0	0	0	1	-1	1	1	-1	-1	1	1	1	-1	0	1	0	-1	-1	-1	1	0	0	-1	1	0	40.2	117	67	44.2	156	80	0.9577	5.097	NA	NA	NA
WP_034445606_1	0	-1	0	0	1	0	0	1	0	-1	0	0	0	0	0	0	0	0	1	0	0	0	0	1	-1	1	1	-1	-1	1	1	1	-1	1	1	-1	-1	-1	-1	1	0	0	-1	1	1	41.3	109	64	45.6	147	77	0.941	2.727	NA	NA	NA
WP_026488695_1	0	-1	0	0	1	0	0	1	0	-1	0	0	0	0	0	0	0	0	1	0	0	0	0	1	-1	1	1	-1	-1	1	1	1	-1	1	-1	1	1	-1	-1	1	0	0	-1	1	1	47.5	101	53	45.9	146	72	0.9219	1.973	-6	0,49188156	silent
RHP37040_1	0	-1	0	0	1	0	0	1	0	0	0	0	1	0	0	0	0	0	1	0	0	0	0	1	-1	1	1	-1	-1	1	1	0	1	1	1	0	1	-1	-1	1	0	0	-1	1	1	40.5	116	69	49	151	70	0.9655	2.893	NA	NA	NA
RGF34173_1	0	-1	0	0	1	0	0	1	0	0	0	0	0	0	0	0	0	0	1	0	0	0	0	1	-1	1	1	-1	-1	1	1	0	1	1	-1	-1	1	-1	-1	1	0	0	-1	1	1	39.7	116	70	48.3	151	71	0.9482	3.041	NA	NA	NA
WP_118730549_1	0	-1	0	0	1	0	0	1	0	0	0	0	0	0	0	0	0	0	1	0	0	0	0	1	-1	1	1	-1	-1	1	1	0	1	1	-1	-1	1	-1	-1	1	0	0	-1	1	1	37.9	116	72	47.7	149	75	0.9639	2.275	NA	NA	NA
RHP08648_1	0	-1	0	0	1	0	0	1	0	0	0	0	0	0	0	0	0	0	1	0	0	0	0	1	-1	1	1	-1	-1	1	1	0	1	1	1	0	1	-1	-1	1	0	0	-1	1	1	43.4	99	56	56.7	104	45	0.9665	2.876	NA	NA	NA
CDA67770_1	0	-1	0	0	1	0	0	1	0	0	0	0	0	-1	0	0	0	0	1	0	0	0	0	1	-1	1	1	-1	-1	1	1	0	1	1	0	1	1	-1	-1	1	0	0	-1	1	1	39	118	70	48.5	163	77	0.9665	1.31	NA	NA	NA
WP_026521621_1	0	-1	0	0	1	0	0	1	0	0	0	0	0	0	0	0	0	0	1	0	0	0	0	1	-1	1	1	-1	-1	1	1	0	-1	1	1	1	-1	-1	-1	1	0	0	-1	1	1	40.5	116	69	46	150	75	0.9518	1.505	NA	NA	NA
WP_031583133_1	0	-1	0	0	1	0	0	0	0	-1	0	0	0	0	0	0	0	0	1	0	0	0	0	1	-1	1	1	-1	-1	1	1	1	1	-1	0	1	-1	-1	-1	1	0	0	-1	1	1	38.5	117	70	47.9	163	78	0.9447	3.14	NA	NA	NA
WP_031584216_1	0	-1	0	0	1	0	0	0	0	-1	0	0	0	1	0	0	0	0	1	0	0	0	0	1	-1	1	1	-1	-1	1	1	1	1	-1	0	1	-1	-1	-1	1	0	0	-1	1	1	45.2	115	63	45.3	161	85	0.9677	1.223	NA	NA	NA
WP_031584217_1	0	-1	0	0	1	0	0	0	0	-1	0	0	0	1	0	0	0	0	1	0	0	0	0	1	-1	1	1	-1	-1	1	1	1	1	-1	0	1	-1	-1	-1	1	0	0	-1	1	1	46.1	115	62	45.4	174	85	0.9029	2.348	NA	NA	NA
WP_027435272_1	0	-1	0	0	1	0	0	0	0	-1	0	0	0	0	0	0	0	0	1	0	0	0	0	1	-1	1	1	-1	-1	1	1	1	-1	0	1	1	-1	-1	-1	1	0	0	-1	1	1	38.5	117	70	44.2	156	82	0.9593	1.419	NA	NA	NA
WP_089839822_1	0	-1	0	0	1	0	0	0	0	-1	0	0	0	0	0	0	0	0	1	0	0	0	0	1	-1	1	1	-1	-1	1	1	1	-1	0	1	1	-1	-1	-1	1	0	0	-1	1	1	45.6	90	49	50	116	58	0.9601	1.41	NA	NA	NA
WP_022784830_1	0	-1	0	0	1	0	0	0	0	-1	0	0	0	1	0	0	0	0	1	0	0	0	0	1	-1	1	1	-1	-1	1	1	1	-1	0	1	1	-1	-1	-1	1	0	0	-1	1	1	45.6	57	31	49.1	116	59	0.9672	1.148	NA	NA	NA
SCX78152_1	0	-1	0	0	1	0	0	0	0	-1	0	0	0	0	0	0	0	0	1	0	0	0	0	1	-1	1	1	-1	-1	1	1	1	-1	0	1	1	-1	-1	-1	1	0	0	-1	1	1	44.4	90	50	41.1	163	95	0.9475	3.905	NA	NA	NA
WP_022784964_1	0	-1	0	0	1	0	0	0	0	-1	0	0	0	0	0	0	0	0	1	0	0	0	0	1	-1	1	1	-1	-1	1	1	1	-1	0	1	1	-1	-1	-1	1	0	0	-1	1	1	40	120	64	48.3	151	73	0.96	1.397	NA	NA	NA
WP_084683915_1	0	NA	0	0	1	0	0	0	0	-1	0	0	0	0	0	0	0	0	1	0	0	0	0	NA	-1	1	1	-1	-1	1	1	1	-1	0	0	1	-1	-1	-1	1	0	0	-1	1	1	44.4	90	50	29.5	88	61	0.9509	1.217	NA	NA	NA
WP_084683889_1	0	NA	0	0	1	0	0	0	0	-1	0	0	0	0	0	0	0	0	1	0	0	0	0	NA	-1	1	1	-1	-1	1	1	1	-1	0	0	1	-1	-1	-1	1	0	0	-1	1	1	44.4	90	50	32.2	90	56	0.9418	1.169	NA	NA	NA
WP_027110346_1	0	-1	0	0	1	0	0	0	0	-1	0	0	0	0	0	0	0	0	1	0	0	0	0	1	-1	1	1	-1	-1	1	1	1	-1	0	0	1	-1	-1	-1	1	0	0	-1	1	1	39.3	117	69	46.3	149	75	0.9535	1.365	NA	NA	NA
WP_027110344_1	0	-1	0	0	1	0	0	0	0	-1	0	0	0	0	0	0	0	0	1	0	0	0	0	1	-1	1	1	-1	-1	1	1	1	-1	0	1	1	-1	-1	-1	1	0	0	-1	1	1	37.6	117	71	43.2	148	83	0.9555	1.47	NA	NA	NA
EOS75972_1	0	-1	0	0	1	0	0	1	0	0	0	0	0	0	0	0	0	0	1	0	0	0	0	1	-1	1	1	-1	-1	1	1	0	-1	1	-1	1	1	-1	-1	1	0	0	-1	1	1	37.4	115	71	44.1	143	78	0.9526	2.998	NA	NA	NA
RHQ75621_1	0	-1	0	0	1	0	0	1	0	0	0	0	-1	-1	0	0	0	0	1	0	0	0	0	1	-1	1	1	-1	-1	1	1	0	1	0	1	1	1	-1	-1	1	0	0	-1	1	1	44.1	118	64	57.9	114	48	0.9718	1.174	NA	NA	NA
CDB00013_1	0	-1	0	0	1	0	0	1	0	0	0	0	0	-1	0	0	0	0	1	0	0	0	0	1	-1	1	1	-1	-1	1	1	0	1	-1	1	1	1	-1	-1	1	0	0	-1	1	1	39.8	118	69	57.7	104	44	0.9618	2.407	-2,901375001	2,640541832	silent
SCH74826_1	0	-1	0	0	1	0	0	1	0	0	0	0	0	-1	0	0	0	0	1	0	0	0	0	1	-1	1	1	-1	-1	1	1	0	1	-1	1	1	1	-1	-1	1	0	0	-1	1	1	40.7	118	68	57.7	104	44	0.9547	2.48	NA	NA	NA
SCI34721_1	0	-1	0	0	1	0	0	1	0	0	0	0	0	-1	0	0	0	0	1	0	0	0	0	1	-1	1	1	-1	-1	1	1	0	1	-1	1	1	1	-1	-1	1	0	0	-1	1	1	39.8	118	69	57.7	104	44	0.9547	2.48	NA	NA	NA
RHP94982_1	0	-1	0	0	1	0	0	1	0	0	0	0	0	-1	0	0	0	0	1	0	0	0	0	1	-1	1	1	-1	-1	1	1	0	1	-1	1	1	1	-1	-1	1	0	0	-1	1	1	39.8	118	69	54.7	117	50	0.9587	2.467	NA	NA	NA
SDA44687_1	0	-1	0	0	1	0	0	1	0	0	0	0	0	-1	0	0	0	0	1	0	0	0	0	1	-1	1	1	-1	-1	1	1	0	1	0	-1	1	1	-1	-1	1	0	0	-1	1	1	39.3	117	69	55.2	116	52	0.9434	3.742	NA	NA	NA
WP_089864184_1	0	-1	0	0	1	0	0	1	0	0	0	0	0	-1	0	0	0	0	1	0	0	0	0	1	-1	1	1	-1	-1	1	1	0	1	0	-1	1	1	-1	-1	1	0	0	-1	1	1	43.7	103	53	55.7	115	51	0.9627	1.352	NA	NA	NA
WP_089864187_1	0	-1	0	0	1	0	0	1	0	0	0	0	0	-1	0	0	0	0	1	0	0	0	0	1	-1	1	1	-1	-1	1	1	0	1	0	-1	1	1	-1	-1	1	0	0	-1	1	1	40.2	117	68	56.8	111	48	0.9508	1.571	NA	NA	NA
SDA44677_1	0	-1	0	0	1	0	0	1	0	0	0	0	0	-1	0	0	0	0	1	0	0	0	0	1	-1	1	1	1	-1	1	1	0	1	0	-1	1	1	-1	-1	1	0	0	-1	1	1	41	117	67	54.8	115	52	0.9497	1.6	NA	NA	NA
SDA44642_1	0	-1	0	0	1	0	0	1	0	0	0	0	0	-1	0	0	0	0	1	0	0	0	0	1	-1	1	1	-1	-1	1	1	0	1	0	-1	1	1	-1	-1	1	0	0	-1	1	1	40.2	117	68	55.1	118	53	0.954	3.901	NA	NA	NA
SDA44698_1	0	-1	0	0	1	0	0	1	0	0	0	0	0	0	0	0	0	0	1	0	0	0	0	1	-1	1	1	-1	-1	1	1	0	1	0	-1	1	1	-1	-1	1	0	0	-1	1	1	40	115	67	59.4	106	43	0.9563	1.476	NA	NA	NA
SCX21242_1	0	-1	0	0	1	0	0	1	0	0	0	0	0	-1	0	0	0	0	1	0	0	0	0	1	-1	1	1	-1	-1	1	1	0	1	0	-1	1	1	-1	-1	1	0	0	-1	1	1	39.8	118	69	54.8	115	52	0.9515	1.565	NA	NA	NA
SDA44747_1	0	-1	0	0	1	0	0	1	0	0	0	0	0	-1	0	0	0	0	1	0	0	0	0	1	-1	1	1	-1	-1	1	1	0	1	0	-1	1	1	-1	-1	1	0	0	-1	1	1	39	118	70	55.7	115	51	0.9567	1.476	NA	NA	NA
SDA44753_1	0	-1	0	0	1	0	0	1	0	0	0	0	0	-1	0	0	0	0	1	0	0	0	0	1	-1	1	1	-1	-1	1	1	0	1	0	-1	1	1	-1	-1	1	0	0	-1	1	1	44.8	87	48	56.5	115	50	0.9702	1.216	NA	NA	NA
WP_027113813_1	1	-1	0	0	1	0	0	1	0	0	0	0	-1	-1	0	0	0	0	1	0	0	0	1	1	-1	1	1	-1	0	1	1	0	-1	-1	1	1	1	-1	-1	1	0	0	-1	1	1	50	72	36	41.5	159	81	0.9355	2.718	NA	NA	NA
WP_044908535_1	1	-1	0	0	1	0	0	1	0	0	0	0	-1	-1	0	0	0	0	1	0	0	0	1	1	-1	1	1	-1	0	1	1	0	-1	-1	1	1	1	-1	-1	1	0	0	-1	1	1	42.2	116	64	42.5	167	81	0.9467	2.618	NA	NA	NA
SKB95594_1	1	-1	0	0	1	0	0	1	0	0	0	0	-1	-1	0	0	0	0	1	0	0	0	1	1	-1	1	1	-1	0	1	1	0	-1	0	1	1	1	-1	-1	1	0	0	-1	1	1	50.6	81	40	42.3	156	78	0.9448	2.643	NA	NA	NA
SKB95606_1	1	-1	0	0	1	0	0	1	0	0	0	0	-1	-1	0	0	0	0	1	0	0	0	1	1	-1	1	1	-1	0	1	1	0	-1	0	1	1	1	-1	-1	1	0	0	-1	1	1	50.6	81	40	44.2	165	79	0.9372	2.723	NA	NA	NA
WP_027114810_1	1	-1	0	0	1	0	0	1	0	0	0	0	-1	-1	0	0	0	0	1	0	0	0	1	1	-1	1	1	-1	-1	1	1	0	-1	-1	1	1	1	-1	-1	1	0	0	-1	1	1	50	42	21	47.4	137	68	0.9412	2.684	NA	NA	NA
WP_044908538_1	1	-1	0	0	1	0	0	1	0	0	0	0	-1	-1	0	0	0	0	1	0	0	0	1	1	-1	1	1	-1	-1	1	1	0	-1	-1	1	1	1	-1	-1	1	0	0	-1	1	1	42.7	117	64	46.1	165	76	0.9441	2.66	NA	NA	NA
WP_089864205_1	0	-1	0	0	1	0	0	1	0	0	0	0	0	-1	0	0	0	0	1	0	0	0	0	1	-1	1	1	-1	-1	1	1	0	1	0	-1	1	1	-1	-1	1	0	0	-1	1	1	39	118	70	55.7	115	51	0.9622	1.359	NA	NA	NA
WP_016292560_1	0	-1	0	0	1	0	0	1	0	0	0	0	-1	0	0	0	0	0	1	0	0	0	0	1	-1	1	1	-1	0	1	1	0	0	0	1	1	1	-1	-1	1	0	0	-1	1	1	41.4	87	51	43.2	139	79	0.9528	1.549	NA	NA	NA
WP_031391060_1	0	-1	0	0	1	0	0	1	0	0	0	0	-1	0	0	0	0	0	1	0	0	0	0	1	-1	1	1	-1	0	1	1	0	0	0	1	1	1	-1	0	1	0	0	-1	1	1	50	82	41	44.9	147	81	0.9358	2.107	NA	NA	NA
RGZ76954_1	1	-1	0	0	1	0	0	0	0	0	0	0	0	-1	0	0	0	0	1	0	0	0	1	1	-1	1	1	-1	-1	1	1	0	1	0	-1	1	1	-1	-1	1	0	0	-1	1	1	36.2	116	74	46.2	158	84	0.9734	1.099	NA	NA	NA
RGT08610_1	1	-1	0	0	1	0	0	0	0	0	0	0	-1	-1	0	0	0	0	1	0	0	0	1	1	-1	1	1	-1	-1	1	1	0	1	0	1	1	1	-1	-1	1	0	0	-1	1	1	46.6	116	62	46.2	156	83	0.9735	2.939	NA	NA	NA
RGZ95681_1	1	-1	0	0	1	0	0	0	0	0	0	0	-1	-1	0	0	0	0	1	0	0	0	1	1	-1	1	1	-1	-1	1	1	0	1	0	1	1	1	-1	-1	1	0	0	-1	1	1	44.8	116	64	52.8	125	59	0.9785	0.9973	NA	NA	NA
RGT79245_1	1	-1	0	0	1	0	0	0	0	0	0	0	-1	-1	0	0	0	0	1	0	0	0	1	1	-1	1	1	-1	-1	1	1	0	1	0	1	1	1	-1	-1	1	0	0	-1	1	1	44.8	105	58	52.8	125	59	0.9763	0.9361	NA	NA	NA
RGT84017_1	1	-1	0	0	1	0	0	0	0	0	0	0	-1	-1	0	0	0	0	1	0	0	0	1	1	-1	1	1	-1	-1	1	1	0	1	0	1	1	1	-1	-1	1	0	0	-1	1	1	44	116	62	52.8	125	59	0.9634	1.449	NA	NA	NA
RGS65264_1	1	-1	0	0	1	0	0	0	0	0	0	0	-1	-1	0	0	0	0	1	0	0	0	1	1	-1	1	1	-1	-1	1	1	0	1	-1	1	1	1	-1	-1	1	0	0	-1	1	1	46.5	114	61	56	125	53	0.9679	1.225	NA	NA	NA
CRL36890_1	1	-1	0	0	1	0	0	0	0	0	0	0	-1	-1	0	0	0	0	1	0	0	0	1	1	-1	1	1	-1	-1	1	1	0	1	-1	1	1	1	-1	-1	1	0	0	-1	1	1	47.4	114	60	55.2	125	54	0.9648	1.287	NA	NA	NA
WP_012744138_1	1	-1	0	0	1	0	0	0	0	0	0	0	-1	0	0	0	0	0	1	0	0	0	1	1	-1	1	1	-1	-1	1	1	0	1	0	1	1	1	-1	-1	1	0	0	-1	1	1	44.8	116	64	45.9	159	83	0.9716	1.148	NA	NA	NA
CDB66903_1	1	-1	0	0	1	0	0	0	0	0	0	0	-1	-1	0	0	0	0	1	0	0	0	1	1	-1	1	1	-1	-1	1	1	0	1	0	1	1	1	-1	-1	1	0	0	-1	1	1	44.7	114	63	55.6	126	56	0.9628	1.325	NA	NA	NA
OKZ74731_1	1	-1	0	0	1	0	0	0	0	0	0	0	-1	-1	0	0	0	0	1	0	0	0	1	1	-1	1	1	-1	-1	1	1	0	1	0	1	1	1	-1	-1	1	0	0	-1	1	1	44.7	114	63	55.5	128	57	0.9723	1.137	NA	NA	NA
RHD38493_1	1	-1	0	0	1	0	0	0	0	0	0	0	-1	-1	0	0	0	0	1	0	0	0	1	1	-1	1	1	-1	-1	1	1	0	1	0	1	1	1	-1	-1	1	0	0	-1	1	1	34.2	114	75	54.5	121	55	0.9731	1.119	NA	NA	NA
PWE84578_1	1	-1	0	0	1	0	0	0	0	0	0	0	-1	-1	0	0	0	0	1	0	0	0	1	1	-1	1	1	-1	-1	1	1	0	1	0	1	1	1	-1	-1	1	0	0	-1	1	1	33.3	114	76	54.1	122	54	0.9683	2.993	NA	NA	NA
OLA55354_1	0	-1	0	0	1	0	0	1	0	0	0	0	-1	-1	0	0	0	0	1	0	0	0	0	1	-1	1	1	-1	-1	1	1	0	1	0	1	1	1	-1	-1	1	0	0	-1	1	1	42.2	116	67	57.8	116	49	0.9691	1.2	NA	NA	NA
RHL31113_1	1	-1	0	0	1	0	0	0	0	0	0	0	-1	-1	0	0	0	0	1	0	0	0	1	1	-1	1	1	-1	-1	1	1	0	1	0	1	1	1	-1	-1	1	0	0	-1	1	1	46.6	116	62	52.4	124	59	0.9555	2.807	NA	NA	NA
RGR62225_1	1	-1	0	0	1	0	0	0	0	0	0	0	-1	-1	0	0	0	0	1	0	0	0	1	1	-1	1	1	-1	-1	1	1	0	1	0	1	1	1	-1	-1	1	0	0	-1	1	1	46.6	116	62	52.4	124	59	0.9528	2.832	NA	NA	NA
WP_117715126_1	1	-1	0	0	1	0	0	0	0	0	0	0	-1	-1	0	0	0	0	1	0	0	0	1	1	-1	1	1	-1	-1	1	1	0	1	0	1	1	1	-1	-1	1	0	0	-1	1	1	46.6	116	62	52.4	124	59	0.9553	2.806	NA	NA	NA
ADF57343_1	1	-1	0	0	1	0	0	0	0	0	0	0	0	0	0	0	0	0	1	0	0	0	1	1	-1	1	1	-1	-1	1	1	0	1	-1	-1	0	1	-1	-1	1	0	0	-1	1	1	45.7	116	63	56.1	132	56	0.9515	2.853	NA	NA	NA
CUN11275_1	1	-1	0	0	1	0	0	0	0	0	0	0	0	0	0	0	0	0	1	0	0	0	1	1	-1	1	1	-1	-1	1	1	0	1	-1	-1	0	1	-1	-1	1	0	0	-1	1	1	45.7	116	63	56.8	132	55	0.9469	2.895	NA	NA	NA
WP_118203859_1	1	-1	0	0	1	0	0	0	0	0	0	0	0	-1	0	0	0	0	1	0	0	0	1	1	-1	1	1	-1	-1	1	1	0	1	0	-1	1	1	-1	-1	1	0	0	-1	1	1	44.8	116	64	59.6	114	46	0.9516	2.861	NA	NA	NA
EEG95601_1	1	-1	0	0	1	0	0	0	0	0	0	0	0	0	0	0	0	0	1	0	0	0	1	1	-1	1	1	-1	-1	1	1	0	1	-1	-1	0	1	-1	-1	1	0	0	-1	1	1	45.7	116	63	50	160	70	0.8181	2.805	NA	NA	NA
RGU24923_1	1	-1	0	0	1	0	0	0	0	0	0	0	-1	-1	1	0	0	0	1	0	0	0	1	1	-1	1	1	-1	-1	1	1	0	1	0	1	1	1	-1	-1	1	0	0	-1	1	1	45.6	114	62	52.3	128	61	0.9597	2.792	NA	NA	NA
WP_117718011_1	1	-1	0	0	1	0	0	0	0	0	0	0	-1	-1	1	0	0	0	1	0	0	0	1	1	-1	1	1	-1	-1	1	1	0	1	0	1	1	1	-1	-1	1	0	0	-1	1	1	45.6	114	62	52.3	128	61	0.9622	2.772	NA	NA	NA
CDD46301_1	0	-1	0	0	1	0	0	1	0	0	0	0	0	1	0	0	0	0	1	0	0	0	0	1	-1	1	1	-1	-1	1	1	0	-1	0	0	1	1	-1	-1	1	0	0	-1	1	1	47.5	80	42	46.8	154	77	0.9374	2.957	-3,531986693	0,185157042	silent
WP_027422844_1	0	-1	0	0	1	0	0	1	0	0	0	0	0	1	0	0	0	0	1	0	0	0	0	1	-1	1	1	-1	-1	1	1	0	-1	0	1	1	1	-1	-1	1	0	0	-1	1	1	44.9	98	54	53	117	55	0.9392	3.44	NA	NA	NA
WP_027427678_1	1	-1	0	0	1	0	0	1	0	0	0	0	0	1	0	0	0	0	1	0	0	0	1	1	-1	1	1	-1	-1	1	1	0	-1	0	1	1	1	-1	-1	1	0	0	-1	1	1	46.5	99	53	47.1	136	72	0.9469	3.353	NA	NA	NA
WP_027429887_1	1	-1	0	0	1	0	0	1	0	0	0	0	0	1	0	0	0	0	1	0	0	0	1	1	-1	1	1	-1	-1	1	1	0	-1	0	1	1	1	-1	-1	1	0	0	-1	1	1	44.9	98	54	44.2	156	72	0.9382	3.42	NA	NA	NA
WP_051544172_1	1	-1	0	0	1	0	0	1	0	0	0	0	0	1	0	0	0	0	1	0	0	0	1	1	-1	1	1	-1	-1	1	1	0	-1	0	1	1	1	-1	-1	1	0	0	-1	1	1	44.9	98	54	40.2	122	58	0.9097	3.587	NA	NA	NA
RHU90028_1	0	-1	0	0	1	0	0	1	0	0	0	0	-1	-1	0	0	0	0	1	0	0	0	0	1	-1	1	1	-1	-1	1	1	0	1	0	1	1	1	-1	-1	1	0	0	-1	1	1	41.5	118	67	55.2	116	52	0.9732	1.155	-1,628200669	2,738679847	active
WP_118551139_1	0	-1	0	0	1	0	0	1	0	0	0	0	-1	-1	0	0	0	0	1	0	0	0	0	1	-1	1	1	-1	-1	1	1	0	1	0	1	1	1	-1	-1	1	0	0	-1	1	1	41.5	118	67	55.2	116	52	0.9714	1.194	NA	NA	NA
WP_117685351_1	1	-1	0	0	1	0	0	0	0	0	0	0	-1	-1	0	0	0	0	1	0	0	0	1	1	-1	1	1	-1	-1	1	1	0	1	0	1	1	1	-1	-1	1	0	0	-1	1	1	48.3	116	60	52.8	127	58	0.9639	1.282	-0,838690279	2,400959267	active
RHL08062_1	1	-1	0	0	1	0	0	0	0	0	0	0	-1	-1	0	0	0	0	1	0	0	0	1	1	-1	1	1	-1	-1	1	1	0	1	0	1	1	1	-1	-1	1	0	0	-1	1	1	50	116	58	52.8	127	58	0.967	1.222	NA	NA	NA
OLA15695_1	1	-1	0	0	1	0	0	0	0	0	0	0	0	-1	0	0	0	0	1	0	0	0	1	1	-1	1	1	-1	-1	1	1	0	1	0	-1	1	1	-1	-1	1	0	0	-1	1	1	54.9	51	23	54.5	121	55	0.9699	2.86	NA	NA	NA
RGT84019_1	1	-1	0	0	1	0	0	0	0	0	0	0	0	-1	0	0	0	0	1	0	0	0	1	1	-1	1	1	-1	-1	1	1	0	1	0	-1	1	1	-1	-1	1	0	0	-1	1	1	54.9	51	23	51	143	63	0.9671	2.886	NA	NA	NA
RGZ95680_1	1	-1	0	0	1	0	0	0	0	0	0	0	0	-1	0	0	0	0	1	0	0	0	1	1	-1	1	1	-1	-1	1	1	0	1	0	-1	1	1	-1	-1	1	0	0	-1	1	1	54.9	51	23	51	143	63	0.9617	2.933	NA	NA	NA
WP_118389441_1	1	-1	0	0	1	0	0	0	0	0	0	0	0	-1	0	0	0	0	1	0	0	0	1	1	-1	1	1	-1	-1	1	1	0	1	0	-1	1	1	-1	-1	1	0	0	-1	1	1	54.9	51	23	51	143	63	0.9626	2.92	NA	NA	NA
WP_117465380_1	0	-1	0	0	1	0	0	1	0	0	0	0	0	-1	0	0	0	0	1	0	0	0	0	1	-1	1	1	-1	-1	1	1	0	-1	0	1	1	1	-1	-1	1	0	0	-1	1	1	39	118	70	54.5	112	51	0.9571	1.467	NA	NA	NA
CDD03211_1	0	-1	0	0	1	0	0	1	0	0	0	0	0	-1	0	0	0	0	1	0	0	0	0	1	-1	1	1	-1	-1	1	1	0	-1	0	1	1	1	-1	-1	1	0	0	-1	1	1	39.8	118	69	54.5	112	51	0.9594	1.328	NA	NA	NA
RHT20651_1	0	-1	0	0	1	0	0	1	0	0	0	0	0	-1	0	0	0	0	1	0	0	0	0	1	-1	1	1	-1	-1	1	1	0	-1	0	1	1	1	-1	-1	1	0	0	-1	1	1	39	118	70	54.4	114	52	NA	NA	NA	NA	NA
RHP06860_1	0	-1	0	0	1	0	0	1	0	0	0	0	0	-1	0	0	0	0	1	0	0	0	0	1	-1	1	1	-1	-1	1	1	0	-1	0	1	1	1	-1	-1	1	0	0	-1	1	1	39	118	70	54.4	114	52	0.966	1.301	NA	NA	NA
OLA65180_1	1	-1	0	0	1	0	0	0	0	0	0	0	-1	-1	0	0	0	0	1	0	0	0	1	1	-1	1	1	-1	-1	1	1	0	-1	0	1	1	1	-1	-1	1	0	0	-1	1	1	43.2	118	65	56.3	112	49	0.956	1.506	NA	NA	NA
RHG24941_1	1	-1	0	0	1	0	0	0	0	0	0	0	-1	-1	0	0	0	0	1	0	0	0	1	1	-1	1	1	-1	-1	1	1	0	1	0	1	1	1	-1	-1	1	0	0	-1	1	1	47.4	116	61	53.6	125	58	0.9724	1.109	-1,962904958	0,777805126	active
RGK42503_1	1	-1	0	0	1	0	0	0	0	0	0	0	-1	-1	0	0	0	0	1	0	0	0	1	1	-1	1	1	-1	-1	1	1	0	1	0	1	1	1	-1	-1	1	0	0	-1	1	1	47.4	116	61	53.6	125	58	0.9657	1.249	NA	NA	NA
RHL08060_1	1	-1	0	0	1	0	0	0	0	0	0	0	-1	-1	0	0	0	0	1	0	0	0	1	1	-1	1	1	-1	-1	1	1	0	-1	0	1	1	1	-1	-1	1	0	0	-1	1	1	44.9	118	63	50.8	128	63	0.9772	1.055	NA	NA	NA
CUM77966_1	1	-1	0	0	1	0	0	0	0	0	0	0	-1	-1	0	0	0	0	1	0	0	0	1	1	-1	1	1	-1	-1	1	1	0	-1	0	1	1	1	-1	-1	1	0	0	-1	1	1	44.9	118	63	50.8	128	63	0.9747	1.108	NA	NA	NA
RHE97553_1	1	-1	0	0	1	0	0	0	0	0	0	0	-1	-1	0	0	0	0	1	0	0	0	1	1	-1	1	1	-1	-1	1	1	0	1	0	1	1	1	-1	-1	1	0	0	-1	1	1	44.6	121	59	50	126	63	0.9672	2.839	NA	NA	NA
WP_118280384_1	1	-1	0	0	1	0	0	0	0	0	0	0	-1	0	0	0	0	0	1	0	0	0	1	1	-1	1	1	-1	-1	1	1	0	1	0	1	1	1	-1	-1	1	0	0	-1	1	1	46.9	98	49	48.1	133	66	0.9492	3.007	NA	NA	NA
RHQ01224_1	1	-1	0	0	1	0	0	0	0	0	0	0	-1	1	0	0	0	0	1	0	0	0	1	1	-1	1	1	-1	-1	1	1	0	1	-1	1	1	1	-1	-1	1	0	0	-1	1	1	39.3	117	71	52.5	122	56	0.9457	3.51	NA	NA	NA
ACR71277_1	1	-1	0	0	1	0	0	0	0	-1	0	0	0	-1	0	0	0	0	1	0	0	0	1	1	-1	1	1	-1	-1	1	1	1	1	0	-1	1	1	-1	-1	1	0	0	-1	1	1	37.4	115	72	48.1	156	76	0.9138	2.995	NA	NA	NA
ACR71300_1	1	-1	0	0	1	0	0	0	0	-1	0	0	0	-1	0	0	0	0	1	0	0	0	1	1	-1	1	1	-1	-1	1	1	1	1	0	-1	1	1	-1	-1	1	0	0	-1	1	1	43	114	65	45.2	155	80	0.951	3.112	NA	NA	NA
RGS26838_1	1	-1	0	0	1	0	0	0	0	-1	0	0	0	-1	0	0	0	0	1	0	0	0	1	1	-1	1	1	-1	-1	1	1	1	1	0	-1	1	1	-1	-1	1	0	0	-1	1	1	35.7	115	74	46.4	153	81	0.9582	3.055	NA	NA	NA
RHM09072_1	1	NA	0	0	1	0	0	0	0	-1	0	0	0	1	0	0	0	0	1	0	0	0	1	NA	-1	1	1	-1	-1	1	1	1	1	0	-1	1	1	-1	-1	1	0	0	-1	1	1	44.1	118	64	44	91	50	0.9379	1.395	NA	NA	NA
RGZ71667_1	1	-1	0	0	1	0	0	0	0	-1	0	0	0	1	0	0	0	0	1	0	0	0	1	1	-1	1	1	-1	-1	1	1	1	1	0	-1	1	1	-1	-1	1	0	0	-1	1	1	44.1	118	64	49	149	75	0.9595	1.398	NA	NA	NA
RGZ71672_1	1	-1	0	0	1	0	0	0	0	-1	0	0	0	1	0	0	0	0	1	0	0	0	1	1	-1	1	1	-1	-1	1	1	1	1	0	-1	1	1	-1	-1	1	0	0	-1	1	1	42.7	117	65	47.7	149	77	0.9285	3.242	NA	NA	NA
WP_055216154_1	1	-1	0	0	1	0	0	0	0	-1	0	0	0	0	0	0	0	0	1	0	0	0	1	1	-1	1	1	-1	-1	1	1	1	1	0	0	0	1	-1	-1	1	0	0	-1	1	1	51.3	80	39	44.9	158	86	0.9627	3.026	NA	NA	NA
WP_118370668_1	1	-1	0	0	1	0	0	0	0	-1	0	0	0	0	0	0	0	0	1	0	0	0	1	1	-1	1	1	-1	-1	1	1	1	1	0	0	0	1	-1	-1	1	0	0	-1	1	1	51.3	80	39	44.9	158	86	0.9618	3.034	NA	NA	NA
RHK54869_1	1	-1	0	0	1	0	0	0	0	-1	0	0	0	0	0	0	0	0	1	0	0	0	1	1	-1	1	1	-1	-1	1	1	1	1	0	1	0	1	-1	-1	1	0	0	-1	1	1	41.5	118	67	44.5	155	85	0.9598	1.372	NA	NA	NA
RHK51992_1	1	-1	0	0	1	0	0	0	0	-1	0	0	0	0	0	0	0	0	1	0	0	0	1	1	-1	1	1	-1	-1	1	1	1	1	0	1	1	1	-1	-1	1	0	0	-1	1	1	42.6	115	64	40.8	174	102	0.9624	1.323	NA	NA	NA
RHL68652_1	1	-1	0	0	1	0	0	0	0	-1	0	0	0	0	0	0	0	0	1	0	0	0	1	1	-1	1	1	-1	-1	1	1	1	1	0	0	0	1	-1	-1	1	0	0	-1	1	1	51.9	81	39	45.9	146	78	0.9546	3.084	NA	NA	NA
EEC56699_1	1	-1	0	0	1	0	0	0	0	-1	0	0	0	-1	0	0	0	0	1	0	0	0	1	1	-1	1	1	-1	-1	1	1	1	1	0	0	1	1	-1	-1	1	0	0	-1	1	1	43.6	117	66	45.5	156	80	0.9554	3.058	NA	NA	NA
CDD56953_1	1	-1	0	0	1	0	0	0	0	-1	0	0	0	-1	0	0	0	0	1	0	0	0	1	1	-1	1	1	-1	-1	1	1	1	1	0	0	1	1	-1	-1	1	0	0	-1	1	1	43.1	116	66	45.5	156	80	0.9543	3.066	NA	NA	NA
EEC56700_1	1	-1	0	0	1	0	0	0	0	-1	0	0	0	-1	0	0	0	0	1	0	0	0	1	1	-1	1	1	-1	-1	1	1	1	1	0	-1	1	1	-1	-1	1	0	0	-1	1	1	43.1	116	66	46.3	175	89	0.9592	3.028	NA	NA	NA
CDD56955_1	1	-1	0	0	1	0	0	0	0	-1	0	0	0	-1	0	0	0	0	1	0	0	0	1	1	-1	1	1	-1	-1	1	1	1	1	0	-1	1	1	-1	-1	1	0	0	-1	1	1	43.1	116	66	49	157	75	0.9374	3.164	NA	NA	NA
CUQ77785_1	1	-1	0	0	1	0	0	0	0	-1	0	0	1	-1	0	0	0	0	1	0	0	0	1	1	-1	1	1	-1	-1	1	1	1	1	0	1	1	1	-1	-1	1	0	0	-1	1	1	44.7	114	63	46.2	156	79	0.955	3.066	NA	NA	NA
CUP26474_1	1	-1	0	0	1	0	0	0	0	-1	0	0	0	-1	0	0	0	0	1	0	0	0	1	1	-1	1	1	-1	-1	1	1	1	1	0	1	1	1	-1	-1	1	0	0	-1	1	1	50	68	34	45.8	142	75	0.9606	3.024	NA	NA	NA
CDF10851_1	1	-1	0	0	1	0	0	0	0	-1	0	0	0	-1	0	0	0	0	1	0	0	0	1	1	-1	1	1	-1	-1	1	1	1	1	0	1	1	1	-1	-1	1	0	0	-1	1	1	50	66	33	46.5	142	74	0.9538	3.084	NA	NA	NA
OLA11685_1	1	-1	0	0	1	0	0	0	0	-1	0	0	0	-1	0	0	0	0	1	0	0	0	1	1	-1	1	1	-1	-1	1	1	1	1	0	1	1	1	-1	-1	1	0	0	-1	1	1	50	68	34	46.7	135	72	0.9594	3.04	NA	NA	NA
CUQ77784_1	1	-1	0	0	1	0	0	0	0	-1	0	0	1	-1	0	0	0	0	1	0	0	0	1	1	-1	1	1	-1	-1	1	1	1	1	0	1	1	1	-1	-1	1	0	0	-1	1	1	42.6	115	66	46.5	157	79	0.9521	3.088	NA	NA	NA
WP_055306884_1	1	-1	0	0	1	0	0	0	0	-1	0	0	0	-1	0	0	0	0	1	0	0	0	1	1	-1	1	1	-1	-1	1	1	1	1	0	1	1	1	-1	-1	1	0	0	-1	1	1	51.3	80	39	49.2	124	61	0.9543	3.064	NA	NA	NA
CDF10849_1	1	-1	0	0	1	0	0	0	0	-1	0	0	0	-1	0	0	0	0	1	0	0	0	1	1	-1	1	1	-1	-1	1	1	1	1	0	1	1	1	-1	-1	1	0	0	-1	1	1	50.6	79	39	50.4	117	58	0.9523	3.086	NA	NA	NA
OLA11684_1	1	-1	0	0	1	0	0	0	0	-1	0	0	0	-1	0	0	0	0	1	0	0	0	1	1	-1	1	1	-1	-1	1	1	1	1	0	1	1	1	-1	-1	1	0	0	-1	1	1	50.6	79	39	52.1	117	56	0.9271	3.318	NA	NA	NA
WP_031556260_1	1	-1	0	0	1	0	0	0	0	-1	0	0	0	0	0	0	0	0	1	0	0	0	1	1	-1	1	1	-1	-1	1	1	1	1	0	-1	0	1	-1	-1	1	0	0	-1	1	1	50	72	36	50.4	135	67	0.9506	3.1	NA	NA	NA
WP_027437015_1	1	-1	0	0	1	0	0	0	0	-1	0	0	0	0	0	0	0	0	1	0	0	0	1	1	-1	1	1	-1	-1	1	1	1	1	0	-1	0	1	-1	-1	1	0	0	-1	1	1	50	72	36	48.9	135	69	0.9439	3.158	NA	NA	NA
WP_027437013_1	1	-1	0	0	1	0	0	0	0	-1	0	0	0	0	0	0	0	0	1	0	0	0	1	1	-1	1	1	-1	-1	1	1	1	1	0	-1	0	1	-1	-1	1	0	0	-1	1	1	50	72	36	42.4	170	93	0.9624	1.315	NA	NA	NA
SDM97396_1	1	-1	0	0	1	0	0	0	0	-1	0	0	0	-1	0	0	0	0	1	0	0	0	1	1	-1	1	1	-1	-1	1	1	1	1	0	-1	1	1	-1	-1	1	0	0	-1	1	1	49.5	91	46	46.7	135	72	0.9565	3.041	NA	NA	NA
WP_027430887_1	1	-1	0	0	1	0	0	0	0	-1	0	0	0	-1	0	0	0	0	1	0	0	0	1	1	-1	1	1	-1	-1	1	1	1	1	0	-1	1	1	-1	-1	1	0	0	-1	1	1	44	116	65	40.6	175	99	0.9618	1.336	NA	NA	NA
WP_027437014_1	1	-1	0	0	1	0	0	0	0	-1	0	0	0	-1	0	0	0	0	1	0	0	0	1	1	-1	1	1	-1	-1	1	1	1	1	0	-1	1	1	-1	-1	1	0	0	-1	1	1	56.5	46	20	42.9	170	92	0.9546	1.459	NA	NA	NA
WP_031556261_1	1	-1	0	0	1	0	0	0	0	-1	0	0	0	-1	0	0	0	0	1	0	0	0	1	1	-1	1	1	-1	-1	1	1	1	1	0	-1	1	1	-1	-1	1	0	0	-1	1	1	53.4	73	34	42.9	170	92	0.9464	1.609	NA	NA	NA
WP_074521648_1	1	-1	0	0	1	0	0	0	0	-1	0	0	0	-1	0	0	0	0	1	0	0	0	1	1	-1	1	1	-1	-1	1	1	1	1	0	-1	1	1	-1	-1	1	0	0	-1	1	1	42.6	115	66	43.5	170	91	0.9423	3.181	NA	NA	NA
WP_074521646_1	1	-1	0	0	1	0	0	0	0	-1	0	0	0	-1	0	0	0	0	1	0	0	0	1	1	-1	1	1	-1	-1	1	1	1	1	0	-1	1	1	-1	-1	1	0	0	-1	1	1	42.6	115	66	43.5	170	91	0.9562	3.059	NA	NA	NA
WP_027430886_1	1	-1	0	0	1	0	0	0	0	-1	0	0	0	0	0	0	0	0	1	0	0	0	1	1	-1	1	1	-1	0	1	1	1	1	0	-1	1	1	-1	-1	1	0	0	-1	1	1	49.4	87	44	47.2	142	73	0.9553	3.049	NA	NA	NA
SEF54144_1	1	-1	0	0	1	0	0	0	0	-1	0	0	0	0	0	0	0	0	1	0	0	0	1	1	-1	1	1	-1	-1	1	1	1	1	0	-1	1	1	-1	-1	1	0	0	-1	1	1	43.2	111	63	45.9	135	73	0.9526	3.09	NA	NA	NA
WP_027430888_1	1	-1	0	0	1	0	0	0	0	-1	0	0	0	0	0	0	0	0	1	0	0	0	1	1	-1	1	1	-1	-1	1	1	1	1	0	-1	1	1	-1	-1	1	0	0	-1	1	1	43.2	111	63	45.9	135	73	0.9494	3.118	NA	NA	NA
SCJ67967_1	1	-1	0	0	1	0	0	0	0	-1	0	0	1	-1	0	0	0	0	1	0	0	0	1	1	-1	1	1	-1	0	1	1	1	1	0	1	1	-1	-1	-1	1	0	0	-1	1	1	51.5	68	33	51.4	109	53	0.9578	3.019	NA	NA	NA
CCZ04080_1	1	-1	0	0	1	0	0	0	0	-1	0	0	1	-1	0	0	0	0	1	0	0	0	1	1	-1	1	1	-1	-1	1	1	1	1	0	1	1	-1	-1	-1	1	0	0	-1	1	1	49.4	87	44	50.9	110	54	0.954	3.053	NA	NA	NA
RHF83310_1	1	-1	0	0	1	0	0	0	0	-1	0	0	0	0	0	0	0	0	1	0	0	0	1	1	-1	1	1	-1	-1	1	1	1	1	0	0	1	-1	-1	-1	1	0	0	-1	1	1	49.5	97	49	50	142	70	0.9587	1.384	NA	NA	NA
RGR66459_1	1	-1	0	0	1	0	0	0	0	-1	0	0	-1	0	0	0	0	0	1	0	0	0	1	1	-1	1	1	-1	-1	1	1	1	1	0	1	1	-1	-1	-1	1	0	0	-1	1	1	44	116	65	45.6	147	79	0.9631	1.314	NA	NA	NA
RHA89587_1	1	-1	0	0	1	0	0	0	0	-1	0	0	-1	0	0	0	0	0	1	0	0	0	1	1	-1	1	1	-1	-1	1	1	1	1	0	1	-1	-1	-1	-1	1	0	0	-1	1	1	44.8	116	64	44.9	147	80	0.9631	1.311	NA	NA	NA
CDE53215_1	1	-1	0	0	1	0	0	0	0	-1	0	0	0	0	0	0	0	0	1	0	0	0	1	1	-1	1	1	-1	-1	1	1	1	1	0	-1	0	-1	-1	-1	1	0	0	-1	1	1	43.8	96	54	47.9	146	71	0.9551	1.456	NA	NA	NA
CDD66179_1	1	-1	0	0	1	0	0	0	0	-1	0	0	0	-1	0	0	0	0	1	0	0	0	1	1	-1	1	1	-1	-1	1	1	1	1	0	-1	1	-1	-1	-1	1	0	0	-1	1	1	52.8	72	34	50.4	123	59	0.94	3.199	NA	NA	NA
OLR54261_1	1	-1	0	0	1	0	0	0	0	-1	0	0	0	-1	0	0	0	0	1	0	0	0	1	1	-1	1	1	-1	-1	1	1	1	1	0	-1	1	-1	-1	-1	1	0	0	-1	1	1	52.8	72	34	53.4	116	54	0.9593	3.024	NA	NA	NA
CDA56948_1	1	-1	0	0	1	0	0	0	0	-1	0	0	-1	0	0	0	0	0	1	0	0	0	1	1	-1	1	1	-1	-1	1	1	1	1	0	1	1	1	-1	-1	1	0	0	-1	1	1	44	116	65	44.2	154	85	0.956	3.021	NA	NA	NA
WP_006857364_1	1	-1	0	0	1	0	0	0	0	-1	0	0	-1	0	0	0	0	0	1	0	0	0	1	1	-1	1	1	-1	-1	1	1	1	1	0	1	1	1	-1	-1	1	0	0	-1	1	1	41.5	118	67	44.4	151	79	0.959	3.262	NA	NA	NA
RHN04193_1	1	-1	0	0	1	0	0	0	0	-1	0	0	0	0	0	0	0	0	1	0	0	0	1	1	-1	1	1	-1	-1	1	1	1	1	0	-1	1	1	-1	-1	1	0	0	-1	1	1	44.8	116	64	46.9	147	77	0.9557	3.047	NA	NA	NA
WP_055195722_1	1	-1	0	0	1	0	0	0	0	-1	0	0	0	0	0	0	0	0	1	0	0	0	1	1	-1	1	1	-1	-1	1	1	1	1	0	-1	1	1	-1	-1	1	0	0	-1	1	1	44.8	116	64	46.9	147	77	0.953	3.052	NA	NA	NA
RHA58738_1	1	-1	0	0	1	0	0	0	0	-1	0	0	1	-1	0	0	0	0	1	0	0	0	1	1	-1	1	1	-1	-1	1	1	1	1	0	1	1	1	-1	-1	1	0	0	-1	1	1	43.1	116	66	42.2	154	88	0.96	3.014	NA	NA	NA
EEG95687_1	1	-1	0	0	1	0	0	0	0	-1	0	0	1	-1	0	0	0	0	1	0	0	0	1	1	-1	1	1	-1	-1	1	1	1	1	0	1	1	1	-1	-1	1	0	0	-1	1	1	44	116	65	42.2	154	88	0.9116	2.975	NA	NA	NA
AEN95260_1	1	-1	0	0	1	0	0	0	0	-1	0	0	0	0	0	0	0	0	1	0	0	0	1	1	-1	1	1	-1	-1	1	1	1	1	0	1	1	1	-1	-1	1	0	0	-1	1	1	44	116	65	44.2	147	81	0.9401	3.157	NA	NA	NA
ABI48297_1	1	-1	0	0	1	0	0	0	0	-1	0	0	0	0	0	0	0	0	1	0	0	1	1	1	-1	1	1	-1	-1	1	1	1	1	0	1	1	1	-1	-1	1	0	0	-1	0	1	43.1	116	66	44.2	147	81	0.936	3.188	NA	NA	NA
WP_118097476_1	1	-1	0	0	1	0	0	0	0	-1	0	0	0	0	0	0	0	0	1	0	0	0	1	1	-1	1	1	-1	-1	1	1	1	1	0	1	1	1	-1	-1	1	0	0	-1	1	1	43.1	116	66	43.6	149	79	0.9492	3.083	NA	NA	NA
CUN67828_1	1	-1	0	0	1	0	0	0	0	-1	0	0	0	0	0	0	0	0	1	0	0	0	1	1	-1	1	1	-1	-1	1	1	1	1	0	1	1	1	-1	-1	1	0	0	-1	1	1	44	116	65	43.6	149	79	0.9378	3.171	NA	NA	NA
CBL12518_1	1	-1	0	0	1	0	0	0	0	-1	0	0	1	-1	0	0	0	0	1	0	0	0	1	1	-1	1	1	-1	0	1	1	1	1	0	1	1	1	-1	-1	1	0	0	-1	1	1	44	116	65	45.6	149	76	0.9568	3.029	NA	NA	NA
OLR39573_1	1	-1	0	0	1	0	0	0	0	-1	0	0	0	-1	0	0	0	0	1	0	0	0	1	1	-1	1	1	-1	-1	1	1	1	1	0	-1	1	1	-1	-1	1	0	0	-1	1	1	42.2	116	67	46.3	149	75	0.9523	3.094	NA	NA	NA
RHE98667_1	1	-1	0	0	1	0	0	0	0	-1	0	0	0	-1	0	0	0	0	1	0	0	0	1	1	-1	1	1	-1	-1	1	1	1	1	0	0	1	1	-1	-1	1	0	0	-1	1	1	44.8	116	64	43.4	175	94	0.9477	3.127	NA	NA	NA
RHM04043_1	1	-1	0	0	1	0	0	0	0	-1	0	0	0	0	0	0	0	0	1	0	0	0	1	1	-1	1	1	-1	-1	1	1	1	1	0	0	1	1	-1	-1	1	0	0	-1	1	1	48.5	103	53	45.6	147	79	0.9418	3.148	NA	NA	NA
AAA26411_1	1	-1	0	0	1	0	0	0	0	-1	0	0	0	0	0	0	0	0	1	0	0	0	1	1	-1	1	1	-1	-1	1	1	1	1	0	-1	1	1	-1	-1	1	0	0	-1	1	1	45.6	103	56	45.2	146	79	0.9294	3.265	NA	NA	NA
CBL07965_1	1	-1	0	0	1	0	0	0	0	-1	0	0	0	0	0	0	0	0	1	0	0	0	1	1	-1	1	1	-1	-1	1	1	1	1	0	0	1	1	-1	-1	1	0	0	-1	1	1	45.4	97	53	43.5	147	82	0.9445	3.117	NA	NA	NA
EMZ33751_1	1	-1	0	0	1	0	0	0	0	-1	0	0	1	0	0	0	0	0	1	0	0	0	1	1	-1	1	1	-1	-1	1	1	1	1	0	1	1	1	-1	-1	1	0	0	-1	1	1	51.4	74	36	45.9	146	74	0.9531	3.082	NA	NA	NA
CDB69440_1	1	-1	0	0	1	0	0	0	0	-1	0	0	0	-1	0	0	0	0	1	0	0	0	1	1	-1	1	1	-1	-1	1	1	1	1	0	-1	1	1	-1	-1	1	0	0	-1	1	1	41.4	116	68	41.7	180	100	0.9562	3.064	NA	NA	NA
SEI65914_1	1	-1	0	0	1	0	0	0	0	-1	0	0	0	-1	0	0	0	0	1	0	0	0	1	1	-1	1	1	-1	-1	1	1	1	1	0	-1	1	1	-1	-1	1	0	0	-1	1	1	39.4	99	60	45.3	170	88	0.9475	3.117	NA	NA	NA
WP_029506686_1	1	-1	0	0	1	0	0	0	0	-1	0	0	0	-1	0	0	0	0	1	0	0	0	1	1	-1	1	1	-1	-1	1	1	1	1	0	-1	1	1	-1	-1	1	0	0	-1	1	1	40.4	99	59	44.7	170	89	0.9291	3.584	NA	NA	NA
WP_031557838_1	1	-1	0	0	1	0	0	0	0	-1	0	0	0	0	0	0	0	0	1	0	0	0	1	1	-1	1	1	-1	-1	1	1	1	1	0	-1	0	1	-1	-1	1	0	0	-1	1	1	35.7	98	63	45.3	170	88	0.9453	3.132	NA	NA	NA
WP_029506684_1	1	-1	0	0	1	0	0	0	0	-1	0	0	0	0	0	0	0	0	1	0	0	0	1	1	-1	1	1	-1	-1	1	1	1	1	0	-1	0	1	-1	-1	1	0	0	-1	1	1	42.9	98	56	45.3	170	88	0.9474	3.117	NA	NA	NA
WP_027433499_1	1	-1	0	0	1	0	0	0	0	-1	0	0	0	0	0	0	0	0	1	0	0	0	1	1	-1	1	1	-1	-1	1	1	1	1	0	-1	0	1	-1	-1	1	0	0	-1	1	1	42.9	98	56	45.3	170	88	0.9475	3.124	NA	NA	NA
SDW20956_1	1	-1	0	0	1	0	0	0	0	-1	0	0	0	-1	0	0	0	0	1	0	0	0	1	1	-1	1	1	-1	-1	1	1	1	1	0	-1	1	1	-1	-1	1	0	0	-1	1	1	47.7	65	34	52.2	115	55	0.9477	3.102	NA	NA	NA
SCW34707_1	1	-1	0	0	1	0	0	0	0	-1	0	0	0	0	0	0	0	0	1	0	0	0	1	1	-1	1	1	-1	-1	1	1	1	1	0	-1	1	1	-1	-1	1	0	0	-1	1	1	40	115	69	45.5	165	85	0.9587	3.028	NA	NA	NA
WP_090173970_1	1	-1	0	0	1	0	0	0	0	-1	0	0	-1	0	0	0	0	0	1	0	0	0	1	1	-1	1	1	-1	-1	1	1	1	1	0	1	1	1	-1	-1	1	0	0	-1	1	1	41.9	117	66	44.3	174	89	0.952	1.506	NA	NA	NA
SDB23394_1	1	-1	0	0	1	0	0	0	0	-1	0	0	-1	0	0	0	0	0	1	0	0	0	1	1	-1	1	1	-1	-1	1	1	1	1	0	1	1	1	-1	-1	1	0	0	-1	1	1	42.4	118	66	45.2	155	80	0.963	1.306	NA	NA	NA
CCX81517_1	1	-1	0	0	1	0	0	0	0	-1	0	0	0	0	0	0	0	0	1	0	0	0	1	1	-1	1	1	-1	-1	1	1	1	1	0	1	1	1	-1	-1	1	0	0	-1	1	1	49.5	93	47	45.9	135	73	0.9319	3.262	NA	NA	NA
SDM97337_1	1	-1	0	0	1	0	0	0	0	-1	0	0	0	-1	0	0	0	0	1	0	0	0	1	1	-1	1	1	-1	-1	1	1	1	1	0	0	1	1	-1	-1	1	0	0	-1	1	1	48.1	104	54	44.1	170	90	0.9629	2.963	NA	NA	NA
WP_027430885_1	1	-1	0	0	1	0	0	0	0	-1	0	0	0	-1	0	0	0	0	1	0	0	0	1	1	-1	1	1	-1	-1	1	1	1	1	0	0	1	1	-1	-1	1	0	0	-1	1	1	42.2	116	67	44.1	170	90	0.961	2.97	NA	NA	NA
WP_027437016_1	1	-1	0	0	1	0	0	0	0	-1	0	0	0	-1	0	0	0	0	1	0	0	0	1	1	-1	1	1	-1	-1	1	1	1	1	0	0	1	1	-1	-1	1	0	0	-1	1	1	44	116	65	47.1	170	85	0.9664	1.16	NA	NA	NA
RHS28946_1	1	-1	0	0	1	0	0	0	0	0	0	0	0	-1	0	0	0	0	1	0	0	0	1	1	-1	1	1	-1	-1	1	1	0	1	0	-1	1	1	-1	-1	1	0	0	-1	1	1	45.5	99	54	43.8	162	86	0.9357	1.789	NA	NA	NA
RGF46202_1	1	-1	0	0	1	0	0	0	0	0	0	0	0	-1	0	0	0	0	1	0	0	0	1	1	-1	1	1	-1	-1	1	1	0	1	0	-1	1	1	-1	-1	1	0	0	-1	1	1	45.5	99	54	43.8	162	86	0.9347	1.796	NA	NA	NA
RGF57015_1	1	-1	0	0	1	0	0	0	0	0	0	0	0	-1	0	0	0	0	1	0	0	0	1	1	-1	1	1	-1	-1	1	1	0	1	0	-1	1	1	-1	-1	1	0	0	-1	1	1	45.5	99	54	43.2	162	87	0.931	1.851	NA	NA	NA
RGI48352_1	1	-1	0	0	1	0	0	0	0	0	0	0	0	-1	0	0	0	0	1	0	0	0	1	1	-1	1	1	-1	-1	1	1	0	1	0	-1	1	1	-1	-1	1	0	0	-1	1	1	45.5	99	54	43.2	162	87	0.9465	1.602	NA	NA	NA
RHR85400_1	1	-1	0	0	1	0	0	0	0	0	0	0	0	-1	0	0	0	0	1	0	0	0	1	1	-1	1	1	-1	-1	1	1	0	1	0	-1	1	1	-1	-1	1	0	0	-1	1	1	45.5	99	54	43.3	164	88	0.9425	1.668	NA	NA	NA
RHQ50116_1	1	-1	0	0	1	0	0	0	0	-1	0	0	0	-1	0	0	0	0	1	0	0	0	1	1	-1	1	1	-1	0	1	1	1	1	0	-1	1	1	-1	-1	1	0	0	-1	1	1	45.5	99	54	43.5	161	87	0.9436	1.65	NA	NA	NA
WP_012744006_1	0	-1	0	0	1	0	0	0	0	-1	0	0	0	0	0	0	0	0	1	0	0	0	0	1	-1	1	1	-1	-1	1	1	1	1	0	0	1	-1	-1	-1	1	0	0	-1	1	-1	40.5	116	69	45.3	159	82	0.959	2.991	NA	NA	NA
WP_109257419_1	0	-1	0	0	1	0	0	0	0	-1	0	0	0	0	0	0	0	0	1	0	0	0	0	1	-1	1	1	-1	-1	1	1	1	1	0	0	1	-1	-1	-1	1	0	0	-1	1	-1	40.5	116	69	46.5	159	80	0.9629	2.965	NA	NA	NA
RGW90465_1	1	-1	0	0	1	0	0	0	0	-1	0	0	-1	1	0	0	0	0	1	0	0	0	1	1	-1	1	1	-1	-1	1	1	1	1	0	1	1	1	-1	-1	1	0	0	-1	1	1	43.1	116	65	50	136	68	0.9662	1.242	NA	NA	NA
OLA17164_1	1	-1	0	0	1	0	0	0	0	-1	0	0	-1	-1	0	0	0	0	1	0	0	0	1	1	-1	1	1	-1	-1	1	1	1	1	0	1	1	1	-1	-1	1	0	0	-1	1	1	43.1	116	65	50	136	68	0.9503	1.526	NA	NA	NA
WP_118009072_1	1	-1	0	0	1	0	0	0	0	-1	0	0	-1	1	0	0	0	0	1	0	0	0	1	1	-1	1	1	-1	-1	1	1	1	1	0	1	1	1	-1	-1	1	0	0	-1	1	1	44.4	117	64	49.6	135	68	0.9613	1.336	NA	NA	NA
WP_055287094_1	1	-1	0	0	1	0	0	0	0	-1	0	0	-1	-1	0	0	0	0	1	0	0	0	1	1	-1	1	1	-1	-1	1	1	1	1	0	1	1	1	-1	-1	1	0	0	-1	1	1	42.2	116	66	44.7	159	87	0.9568	3.034	NA	NA	NA
RHD09857_1	1	-1	0	0	1	0	0	0	0	-1	0	0	-1	-1	0	0	0	0	1	0	0	0	1	1	-1	1	1	-1	-1	1	1	1	1	0	1	1	1	-1	-1	1	0	0	-1	1	1	44	116	64	45.5	154	83	0.9659	1.249	NA	NA	NA
WP_118148385_1	1	-1	0	0	1	0	0	0	0	-1	0	0	-1	-1	0	0	0	0	1	0	0	0	1	1	-1	1	1	-1	-1	1	1	1	1	0	1	1	1	-1	-1	1	0	0	-1	1	1	45.3	117	63	45.8	153	82	0.9637	1.101	NA	NA	NA
WP_092451941_1	1	-1	0	0	1	0	0	0	0	-1	0	0	0	0	0	0	0	0	1	0	0	0	1	1	-1	1	1	-1	-1	1	1	1	1	0	-1	0	1	-1	-1	1	0	0	-1	1	1	42.7	117	67	42.8	173	98	0.9682	1.247	NA	NA	NA
CDC37647_1	1	-1	0	0	1	0	0	0	0	-1	0	0	1	0	0	0	0	0	0	0	0	0	1	1	-1	1	1	-1	-1	1	1	1	1	0	1	0	1	-1	-1	1	0	0	-1	1	1	47.1	51	27	41.8	170	94	0.9559	3.093	NA	NA	NA
WP_074715986_1	0	-1	0	0	1	0	0	0	0	-1	0	0	0	-1	0	0	0	0	1	0	0	0	0	1	-1	1	1	-1	0	1	0	1	1	0	1	1	1	-1	-1	1	0	0	-1	1	-1	35.7	115	74	40	175	100	0.9572	3.069	NA	NA	NA
WP_029066799_1	0	-1	0	0	1	0	0	0	0	-1	0	0	0	-1	0	0	0	0	1	0	0	0	0	1	-1	1	1	-1	-1	1	0	1	1	0	1	1	1	-1	-1	1	0	0	-1	1	-1	34.8	115	75	41	173	101	0.9479	3.143	NA	NA	NA
SFG77048_1	0	-1	0	0	1	0	0	0	0	-1	0	0	0	0	0	0	0	0	1	0	0	0	0	1	-1	1	1	-1	-1	1	1	1	1	0	0	1	1	-1	-1	1	0	0	-1	1	-1	40.4	114	68	43.9	123	64	0.9437	3.392	NA	NA	NA
WP_090077937_1	0	-1	0	0	1	0	0	0	0	-1	0	0	0	-1	0	0	0	0	1	0	0	0	0	1	-1	1	1	-1	0	1	1	1	1	0	0	1	1	-1	-1	1	0	0	-1	1	-1	38.8	116	71	44	175	93	0.9708	1.092	NA	NA	NA
RDU21896_1	1	-1	0	0	1	0	0	1	0	-1	0	0	1	0	0	0	0	0	1	0	0	0	1	1	-1	1	1	-1	-1	1	1	1	1	1	1	0	-1	-1	-1	1	0	0	-1	1	1	45.9	98	53	47.3	148	77	0.9521	3.089	NA	NA	NA
RDU21895_1	1	-1	0	0	1	0	0	1	0	-1	0	0	1	0	0	0	0	0	1	0	0	0	1	1	-1	1	1	-1	-1	1	1	1	1	1	1	0	-1	-1	-1	1	0	0	-1	1	1	45.9	98	53	46.6	148	78	0.9534	3.072	NA	NA	NA
WP_115483610_1	1	-1	0	0	1	0	0	1	0	-1	0	0	1	0	0	0	0	0	1	0	0	0	1	1	-1	1	1	-1	-1	1	1	1	1	1	1	0	-1	-1	-1	1	0	0	-1	1	1	47.5	99	52	48.6	142	72	0.9519	3.1	NA	NA	NA
ESL01601_1	1	-1	0	0	1	0	0	0	0	-1	0	0	0	0	0	0	0	0	1	0	0	0	1	1	-1	1	1	-1	-1	1	1	1	1	0	1	1	1	-1	-1	1	0	0	-1	1	1	37.4	115	72	46.7	150	79	0.9512	1.512	NA	NA	NA
WP_032840494_1	1	-1	0	0	1	0	0	0	0	-1	0	0	1	0	0	0	0	0	1	0	0	0	1	1	-1	1	1	-1	-1	1	1	1	1	0	1	0	-1	-1	-1	1	0	0	-1	1	1	40.9	115	68	47.5	141	73	0.9592	1.368	NA	NA	NA
WP_118587311_1	1	-1	0	0	1	0	0	0	0	-1	0	0	-1	0	0	0	0	0	1	0	0	0	1	1	-1	1	1	-1	-1	1	1	1	1	1	1	0	-1	-1	-1	1	0	0	-1	1	1	47.4	97	51	44.5	173	91	0.9585	1.265	NA	NA	NA
CRL39299_1	1	-1	0	0	1	0	0	0	0	-1	0	0	0	0	0	0	0	0	1	0	0	0	1	1	-1	1	1	-1	-1	1	1	1	1	1	1	1	0	-1	-1	1	0	0	-1	1	1	45.4	97	53	44.5	173	91	0.9628	1.176	NA	NA	NA
WP_082424020_1	1	-1	0	0	1	0	0	0	0	-1	0	0	0	0	0	0	0	0	1	0	0	0	1	1	-1	1	1	-1	-1	1	1	1	1	1	1	0	-1	-1	-1	1	0	0	-1	1	1	50	84	42	42.7	178	97	0.9508	3.032	NA	NA	NA
ABI48289_1	1	-1	0	0	1	0	0	0	0	-1	0	0	0	0	0	0	0	0	1	0	0	0	1	1	-1	1	1	-1	-1	1	1	1	1	1	1	0	-1	-1	-1	1	0	0	-1	1	1	51.9	81	39	47.9	144	70	0.9063	3.517	NA	NA	NA
ABI48290_1	1	-1	0	0	1	0	0	0	0	-1	0	0	0	0	0	0	0	0	1	0	0	0	1	1	-1	1	1	-1	-1	1	1	1	1	1	1	0	-1	-1	-1	1	0	0	-1	1	1	50	84	42	47.9	144	70	0.9524	3.066	NA	NA	NA
WP_091684998_1	1	-1	0	0	1	0	0	0	0	-1	0	0	1	0	0	0	0	0	1	0	0	0	1	1	-1	1	1	-1	0	1	1	1	1	-1	1	0	1	-1	-1	1	0	0	-1	1	1	42	119	67	43.6	172	92	0.9557	1.431	NA	NA	NA
WP_097014076_1	1	-1	0	0	1	0	0	0	0	-1	0	0	1	-1	0	0	0	0	1	0	0	0	1	1	-1	1	1	-1	0	1	1	1	1	-1	1	1	1	-1	-1	1	0	0	-1	1	1	42.9	119	66	43.9	173	92	0.9539	1.461	NA	NA	NA
WP_029502237_1	1	-1	0	0	1	0	0	0	0	-1	0	0	0	0	0	0	0	0	1	0	0	0	1	1	-1	1	1	-1	0	1	1	1	1	-1	-1	0	-1	-1	-1	1	0	0	-1	1	1	39.2	120	64	44.6	175	92	0.9087	3.255	NA	NA	NA
WP_066711931_1	1	-1	0	0	1	0	0	0	0	-1	0	0	0	-1	0	0	0	0	1	0	0	0	1	1	-1	1	1	-1	0	1	1	1	1	-1	-1	1	1	-1	-1	1	0	0	-1	1	1	44.8	116	64	44.6	175	92	0.9521	3.064	NA	NA	NA
WP_073289546_1	1	-1	0	0	1	0	0	0	0	-1	0	0	1	-1	0	0	0	0	1	0	0	0	1	1	-1	1	1	-1	0	1	1	1	1	-1	1	1	1	-1	-1	1	0	0	-1	1	1	46.9	96	51	44.7	159	81	0.9351	1.856	NA	NA	NA
WP_012198345_1	1	-1	0	0	1	0	0	0	0	-1	0	0	0	1	0	0	0	0	1	0	0	0	1	1	-1	1	1	-1	0	1	1	1	0	-1	1	1	1	-1	-1	1	0	0	-1	1	1	35.8	123	71	45.1	173	94	0.913	3.256	NA	NA	NA
WP_118499424_1	0	-1	0	0	1	0	0	0	0	-1	0	0	0	0	0	0	0	0	1	0	0	0	0	1	-1	1	1	-1	-1	1	1	1	0	-1	0	-1	1	-1	-1	0	0	0	-1	1	0	42.9	84	48	45.9	157	84	0.9551	3.899	NA	NA	NA
WP_022015205_1	0	-1	0	0	1	0	0	0	0	-1	0	0	0	1	0	0	0	0	1	0	0	0	0	1	-1	1	1	-1	0	1	1	1	0	-1	0	1	1	-1	-1	0	0	0	-1	1	0	40.4	99	57	46.9	147	77	0.9526	2.774	NA	NA	NA
RHU91562_1	1	-1	0	0	1	0	0	0	0	-1	0	0	0	1	0	0	0	0	1	0	0	0	1	1	-1	1	1	-1	0	1	1	1	0	-1	-1	1	-1	-1	-1	1	0	0	-1	1	1	46.9	81	43	44.7	159	80	0.9426	1.746	NA	NA	NA
PWL66775_1	0	-1	0	0	1	0	0	0	0	-1	0	0	1	1	0	0	0	0	1	0	0	0	0	1	-1	1	1	-1	0	1	1	1	1	-1	1	1	-1	-1	-1	1	0	0	-1	1	-1	41.4	99	56	45.6	147	79	0.9506	2.819	NA	NA	NA
CDB89788_1	0	-1	0	0	1	0	0	0	0	-1	0	0	1	1	0	0	0	0	1	0	0	0	0	1	-1	1	1	-1	-1	1	1	1	1	-1	1	1	1	-1	-1	1	0	0	-1	1	0	40	80	48	46.7	169	82	0.9473	4.589	NA	NA	NA
WP_099469198_1	1	-1	0	0	1	0	0	1	0	-1	0	0	0	-1	0	0	0	0	0	0	0	0	1	1	-1	1	1	-1	-1	1	1	1	1	1	0	1	1	-1	-1	1	0	0	-1	1	1	43.6	117	66	47.1	172	91	0.9423	1.891	NA	NA	NA
RHD00925_1	1	-1	0	0	1	0	0	0	0	-1	0	0	0	-1	0	0	0	0	1	0	0	0	1	1	-1	1	1	-1	-1	1	1	1	1	1	1	1	-1	-1	-1	1	0	0	-1	1	1	47.4	97	51	43.8	178	99	0.9488	3.007	NA	NA	NA
OKZ51107_1	1	-1	0	0	1	0	0	0	0	-1	0	0	0	-1	0	0	0	0	1	0	0	0	1	1	-1	1	1	-1	-1	1	1	1	1	1	1	1	-1	-1	-1	1	0	0	-1	1	1	47.4	97	51	49	149	75	0.9504	3.069	NA	NA	NA
WP_117833175_1	1	-1	0	0	1	0	0	0	0	-1	0	0	0	-1	0	0	0	0	1	0	0	0	1	1	-1	1	1	-1	-1	1	1	1	1	1	1	1	-1	-1	-1	1	0	0	-1	1	1	44.3	97	54	42.3	175	100	0.9574	3.018	NA	NA	NA
WP_118109900_1	1	-1	0	0	1	0	0	0	0	-1	0	0	-1	-1	0	0	0	0	1	0	0	0	1	1	-1	1	1	-1	-1	1	1	1	1	1	1	1	-1	-1	-1	1	0	0	-1	1	1	48.4	91	47	48	148	72	0.9519	3.092	NA	NA	NA
CUN75746_1	1	-1	0	0	1	0	0	0	0	-1	0	0	0	-1	0	0	0	0	1	0	0	0	1	1	-1	1	1	-1	-1	1	1	1	1	1	1	1	-1	-1	-1	1	0	0	-1	1	1	47.3	91	48	40.9	181	102	0.9474	3.057	NA	NA	NA
WP_055168195_1	1	-1	0	0	1	0	0	0	0	-1	0	-1	-1	0	0	0	0	0	1	0	0	0	1	1	-1	1	1	-1	-1	1	1	1	1	1	1	0	-1	-1	-1	1	0	0	-1	1	1	42.5	106	61	48.3	147	71	0.9546	3.051	NA	NA	NA
WP_016287750_1	1	-1	0	0	1	0	0	0	0	-1	0	-1	-1	-1	0	0	0	0	1	0	0	0	1	1	-1	1	1	-1	-1	1	1	1	1	1	1	1	1	-1	-1	1	0	0	-1	1	1	42.1	107	62	42.7	178	101	0.9587	1.259	NA	NA	NA
WP_016306443_1	1	-1	0	0	1	0	0	0	0	-1	0	-1	-1	-1	0	0	0	0	1	0	0	0	1	1	-1	1	1	-1	-1	1	1	1	1	1	1	1	-1	-1	-1	1	0	0	-1	1	1	45.8	96	52	43.9	173	92	0.9561	1.322	NA	NA	NA
EOS42050_1	1	-1	0	0	1	0	0	0	0	-1	0	-1	-1	-1	0	0	0	0	1	0	0	0	1	1	-1	1	1	-1	-1	1	1	1	1	1	1	1	-1	-1	-1	1	0	0	-1	1	1	46.7	90	48	44.5	173	91	0.9566	1.298	NA	NA	NA
OKZ71715_1	1	-1	0	0	1	0	0	0	0	-1	0	-1	-1	-1	0	0	0	0	1	0	0	0	1	1	-1	1	1	-1	-1	1	1	1	1	1	1	1	-1	-1	-1	1	0	0	-1	1	1	45.4	97	53	47	149	78	0.9575	1.427	NA	NA	NA
WP_016303466_1	1	-1	0	0	1	0	0	0	0	-1	0	-1	0	0	0	0	0	0	1	0	0	0	1	1	-1	1	1	-1	-1	1	1	1	1	1	1	1	-1	-1	-1	1	0	0	-1	1	1	43.8	96	54	42.9	182	99	0.9399	3.111	NA	NA	NA
EOS26266_1	1	-1	0	0	1	0	0	0	0	-1	0	-1	0	-1	0	0	0	0	1	0	0	0	1	1	-1	1	1	-1	-1	1	1	1	1	1	1	1	-1	-1	-1	1	0	0	-1	1	1	46.2	91	49	44.4	178	94	0.9473	3.042	NA	NA	NA
CDF42918_1	1	-1	0	0	1	0	0	0	0	-1	0	0	0	0	0	0	0	0	1	0	0	0	1	1	-1	1	1	-1	-1	1	1	1	1	1	1	1	-1	-1	-1	1	0	0	-1	1	1	45.4	97	53	48.4	155	75	0.9625	3.011	-0,838123034	0,08463316	active
WP_090016734_1	1	-1	0	0	1	0	0	0	0	-1	0	-1	-1	-1	0	0	0	0	1	0	0	0	1	1	-1	1	1	-1	-1	1	1	1	1	1	1	1	-1	-1	-1	1	0	0	-1	1	1	45.1	91	50	48.6	144	69	0.9428	3.076	NA	NA	NA
CDE36459_1	1	-1	0	0	1	0	0	0	0	0	0	0	0	0	0	0	0	0	1	0	0	0	1	1	-1	1	1	-1	-1	1	1	0	1	-1	1	1	1	-1	-1	1	0	0	-1	1	1	44.3	97	54	45.1	164	79	0.97	2.886	-2,184205338	0,019357554	evader
WP_117780849_1	1	-1	0	0	1	0	0	1	0	-1	0	0	-1	0	-1	0	1	0	0	0	0	0	1	1	-1	1	1	-1	-1	1	1	1	1	-1	1	0	1	-1	1	1	0	0	-1	1	1	49.5	99	50	41.8	146	84	0.9547	1.445	-3,273459116	0	evader
CCZ07523_1	1	-1	0	0	1	0	0	1	0	-1	0	0	-1	0	-1	0	1	0	0	0	0	0	1	1	-1	1	1	-1	-1	1	1	1	1	-1	1	0	1	-1	1	1	0	0	-1	1	1	49.5	99	50	41.8	146	84	0.9479	1.564	NA	NA	NA
RHS87503_1	1	-1	0	0	1	0	0	1	0	-1	0	0	-1	0	-1	0	1	0	0	0	0	0	1	1	-1	1	1	-1	-1	1	1	1	1	-1	1	0	1	-1	1	1	0	0	-1	1	1	49.5	99	50	40.4	146	86	0.9591	1.373	NA	NA	NA
RHU85036_1	1	-1	0	0	1	0	0	1	0	-1	0	0	-1	0	0	0	0	0	0	0	0	0	1	1	-1	1	1	-1	-1	1	1	1	1	-1	1	0	1	-1	-1	1	0	0	-1	1	1	45.3	117	64	38.4	159	97	0.9705	2.917	NA	NA	NA
CCX89412_1	1	-1	0	0	1	0	0	1	0	-1	0	0	-1	-1	0	0	0	0	0	0	0	0	1	1	-1	1	1	-1	-1	1	1	1	1	-1	1	1	1	-1	-1	1	0	0	-1	1	1	43.6	117	66	42.2	154	87	0.9613	2.996	NA	NA	NA
RHV45029_1	0	-1	0	0	1	0	0	1	0	0	0	0	0	-1	0	0	0	0	1	0	0	0	0	1	-1	1	1	-1	-1	1	1	0	1	0	1	1	1	-1	-1	1	0	0	-1	1	1	38.1	118	71	56.3	112	49	0.9524	3.651	NA	NA	NA
SCH68009_1	0	-1	0	0	1	0	0	1	0	0	0	0	0	-1	0	0	0	0	1	0	0	0	0	1	-1	1	1	-1	-1	1	1	0	1	0	1	1	1	-1	-1	1	0	0	-1	1	1	39.8	118	69	55.2	116	52	0.9714	1.184	NA	NA	NA
SCH30535_1	0	-1	0	0	1	0	0	1	0	0	0	0	0	-1	0	0	0	0	1	0	0	0	0	1	-1	1	1	-1	-1	1	1	0	1	0	1	1	1	-1	-1	1	0	0	-1	1	1	38.1	118	71	55.4	112	50	0.7027	1.1	NA	NA	NA
OLA52640_1	0	-1	0	0	1	0	0	1	0	0	0	0	0	-1	0	0	0	0	1	0	0	0	0	1	-1	1	1	-1	-1	1	1	0	1	0	1	1	1	-1	-1	1	0	0	-1	1	1	38.1	118	71	55.4	112	50	0.9749	1.111	NA	NA	NA
RHV44985_1	0	-1	0	0	1	0	0	1	0	0	0	0	0	-1	0	0	0	0	1	0	0	0	0	1	-1	1	1	-1	-1	1	1	0	1	0	1	1	1	-1	-1	1	0	0	-1	1	1	40.5	121	64	45.5	156	65	0.9564	2.35	NA	NA	NA
RHV09271_1	1	-1	0	0	1	0	0	0	0	0	0	0	0	-1	0	0	0	0	1	0	0	0	1	1	-1	1	1	-1	-1	1	1	0	1	0	1	1	1	-1	-1	1	0	0	-1	1	1	44.6	121	59	53.2	139	58	0.9701	1.208	NA	NA	NA
WP_118691533_1	1	-1	0	0	1	0	0	0	0	0	0	0	0	-1	0	0	0	0	1	0	0	0	1	1	-1	1	1	-1	-1	1	1	0	1	0	1	1	1	-1	-1	1	0	0	-1	1	1	44.6	121	59	52.5	139	59	0.9674	1.258	NA	NA	NA
RHQ09301_1	1	-1	0	0	1	0	0	0	0	0	0	0	0	-1	0	0	0	0	1	0	0	0	1	1	-1	1	1	-1	-1	1	1	0	1	0	1	1	1	-1	-1	1	0	0	-1	1	1	43.8	121	60	53.2	139	58	0.9522	2.411	NA	NA	NA
CDE69918_1	1	-1	0	0	1	0	0	0	0	0	0	0	0	-1	0	0	0	0	1	0	0	0	1	1	-1	1	1	-1	-1	1	1	0	1	0	1	1	1	-1	-1	1	0	0	-1	1	1	43.8	121	60	56.6	122	53	0.9653	1.298	-0,330625851	1,635713284	active
RHU93238_1	0	-1	0	0	1	0	0	1	0	0	0	0	0	-1	0	0	0	0	1	0	0	0	0	1	-1	1	1	-1	-1	1	1	0	1	0	1	1	1	-1	-1	1	0	0	-1	1	1	42.4	118	66	56.5	115	50	0.9599	1.4	-2,018955478	2,048704122	active
RHP99345_1	0	-1	0	0	1	0	0	1	0	0	0	0	0	-1	0	0	0	0	1	0	0	0	0	1	-1	1	1	-1	-1	1	1	0	1	0	1	1	1	-1	-1	1	0	0	-1	1	1	42.4	118	66	53.6	125	58	0.9588	1.423	NA	NA	NA
SCG91213_1	0	-1	0	0	1	0	0	1	0	0	0	0	0	-1	0	0	0	0	1	0	0	0	0	1	-1	1	1	-1	-1	1	1	0	1	0	1	1	1	-1	-1	1	0	0	-1	1	1	41.5	118	67	52.4	124	59	0.9648	1.313	NA	NA	NA
CDF07772_1	0	-1	0	0	1	0	0	1	0	0	0	0	0	-1	0	0	0	0	1	0	0	0	0	1	-1	1	1	-1	-1	1	1	0	1	0	1	1	1	-1	-1	1	0	0	-1	1	1	41.5	118	67	52.4	124	59	0.9647	1.309	NA	NA	NA
SCH75088_1	0	-1	0	0	1	0	0	1	0	0	0	0	0	-1	0	0	0	0	1	0	0	0	0	1	-1	1	1	-1	-1	1	1	0	1	0	1	1	1	-1	-1	1	0	0	-1	1	1	40.7	118	68	57	114	49	0.9708	1.197	NA	NA	NA
WP_118558985_1	1	-1	0	0	1	0	0	0	0	0	0	0	0	-1	0	0	0	0	1	0	0	0	1	1	-1	1	1	-1	-1	1	1	0	1	0	1	1	1	-1	-1	1	0	0	-1	1	1	45.5	121	58	54.7	137	55	0.9704	1.204	NA	NA	NA
WP_118508186_1	1	-1	0	0	1	0	0	0	0	0	0	0	0	-1	0	0	0	0	1	0	0	0	1	1	-1	1	1	-1	-1	1	1	0	1	0	1	1	1	-1	-1	1	0	0	-1	1	1	45.5	121	58	56.7	67	29	0.8923	3.036	NA	NA	NA
SFT48898_1	1	-1	0	0	1	0	0	0	0	0	0	0	0	-1	0	0	0	0	1	0	0	0	1	1	-1	1	1	-1	-1	1	1	0	1	0	1	1	1	-1	-1	1	0	0	-1	1	1	44.9	98	49	44.1	170	80	0.9676	1.259	NA	NA	NA
WP_090144526_1	1	-1	0	0	1	0	0	0	0	0	0	0	0	-1	0	0	0	0	1	0	0	0	1	1	-1	1	1	-1	-1	1	1	0	1	0	1	1	1	-1	-1	1	0	0	-1	1	1	45.9	98	53	47	151	65	0.9618	1.381	NA	NA	NA
RHV45006_1	0	-1	0	0	1	0	0	1	0	0	0	0	0	-1	0	0	0	0	1	0	0	0	0	1	-1	1	1	-1	-1	1	1	0	1	0	1	1	1	-1	-1	1	0	0	-1	1	1	42.1	121	62	56.1	114	50	0.939	2.55	NA	NA	NA
WP_103237655_1	0	-1	0	0	1	0	0	1	0	0	0	0	0	-1	0	0	0	0	1	0	0	0	0	1	-1	1	1	-1	-1	1	1	0	-1	0	0	1	1	-1	-1	1	0	0	-1	1	1	38.3	115	69	54.6	119	54	0.9446	3.756	NA	NA	NA
WP_103237727_1	0	-1	0	0	1	0	0	1	0	0	0	0	0	-1	0	0	0	0	1	0	0	0	0	1	-1	1	1	-1	-1	1	1	0	-1	0	0	1	1	-1	-1	1	0	0	-1	1	1	38.3	115	69	54.6	119	54	0.9404	3.792	NA	NA	NA
SOY27539_1	0	-1	0	0	1	0	0	1	0	0	0	0	0	-1	0	0	0	0	1	0	0	0	0	1	-1	1	1	-1	-1	1	1	0	-1	0	0	1	1	-1	-1	1	0	0	-1	1	1	39.1	115	68	54.6	119	54	0.9397	3.799	NA	NA	NA
SOY30666_1	0	-1	0	0	1	0	0	1	0	0	0	0	0	-1	0	0	0	0	1	0	0	0	0	1	-1	1	1	-1	-1	1	1	0	-1	0	0	1	1	-1	-1	1	0	0	-1	1	1	38.3	115	69	54.6	119	54	0.9326	3.848	NA	NA	NA
SOY27542_1	0	-1	0	0	1	0	0	1	0	0	0	0	0	-1	0	0	0	0	1	0	0	0	0	1	-1	1	1	-1	0	1	1	0	-1	0	1	1	1	-1	-1	1	0	0	-1	1	1	39	118	68	38	142	88	0.9564	1.358	NA	NA	NA
SCI30779_1	0	-1	0	0	1	0	0	1	0	0	0	0	-1	-1	0	0	0	0	1	0	0	0	0	1	-1	1	1	-1	-1	1	1	0	1	0	1	1	1	-1	-1	1	0	0	-1	1	1	48.1	81	42	54.6	119	54	0.9644	1.276	NA	NA	NA
WP_118546756_1	0	-1	0	0	1	0	0	1	0	0	0	0	-1	-1	0	0	0	0	1	0	0	0	0	1	-1	1	1	-1	-1	1	1	0	1	0	1	1	1	-1	-1	1	0	0	-1	1	1	48.1	81	42	54.6	119	54	0.9602	1.359	NA	NA	NA
WP_118669179_1	0	-1	0	0	1	0	0	1	0	0	0	0	-1	-1	0	0	0	0	1	0	0	0	0	1	-1	1	1	-1	-1	1	1	0	1	0	1	1	1	-1	-1	1	0	0	-1	1	1	42.2	116	67	57.8	109	46	0.9546	2.098	NA	NA	NA
RHP37862_1	0	-1	0	0	1	0	0	1	0	0	0	0	-1	-1	0	0	0	0	1	0	0	0	0	1	-1	1	1	-1	-1	1	1	0	1	0	1	1	1	-1	-1	1	0	0	-1	1	1	42.2	116	67	57.8	109	46	0.9438	2.238	NA	NA	NA
WP_072916695_1	1	-1	0	0	1	0	0	0	0	0	0	0	0	0	0	0	0	0	1	0	0	0	1	1	-1	1	1	-1	-1	1	1	0	1	0	1	1	1	-1	-1	1	0	0	-1	1	1	42.4	118	66	43.9	164	91	0.9779	1.068	NA	NA	NA
SCZ78757_1	1	-1	0	0	1	0	0	0	0	0	0	0	0	-1	0	0	0	0	1	0	0	0	1	1	-1	1	1	-1	-1	1	1	0	1	0	1	1	1	-1	-1	1	0	0	-1	1	1	42.4	118	66	43.9	164	91	0.9815	0.9788	NA	NA	NA
SET39309_1	1	-1	0	0	1	0	0	0	0	0	0	0	0	-1	0	0	0	0	1	0	0	0	1	1	-1	1	1	-1	-1	1	1	0	1	0	1	1	1	-1	-1	1	0	0	-1	1	1	42.4	118	66	43.3	164	92	0.9811	0.9915	NA	NA	NA
WP_090527681_1	1	-1	0	0	1	0	0	0	0	0	0	0	0	-1	0	0	0	0	1	0	0	0	1	1	-1	1	1	-1	-1	1	1	0	1	0	1	1	1	-1	-1	1	0	0	-1	1	1	42.4	118	66	43.3	164	92	0.979	1.038	NA	NA	NA
SDI80732_1	1	-1	0	0	1	0	0	0	0	0	0	0	0	-1	0	0	0	0	1	0	0	0	1	1	-1	1	1	-1	-1	1	1	0	1	0	1	1	1	-1	-1	1	0	0	-1	1	1	42.4	118	66	43.3	164	92	0.979	1.034	NA	NA	NA
PHU40783_1	1	-1	0	0	1	0	0	0	0	0	0	0	0	-1	0	0	0	0	1	0	0	0	1	1	-1	1	1	-1	-1	1	1	0	1	0	1	1	1	-1	-1	1	0	0	-1	1	1	43.2	118	65	42.9	163	92	0.9778	1.291	NA	NA	NA
SFR76728_1	1	-1	0	0	1	0	0	0	0	0	0	0	0	-1	0	0	0	0	1	0	0	0	1	1	-1	1	1	-1	-1	1	1	0	1	0	1	1	1	-1	-1	1	0	0	-1	1	1	43.2	118	65	42.9	163	92	0.9805	1.009	NA	NA	NA
WP_033152208_1	1	-1	0	0	1	0	0	0	0	0	0	0	0	0	0	0	0	0	1	0	0	0	1	1	-1	1	1	-1	-1	1	1	0	1	0	1	0	1	-1	-1	1	0	0	-1	1	1	43.2	118	65	44.2	163	90	0.9787	1.052	NA	NA	NA
SOC04482_1	1	-1	0	0	1	0	0	0	0	0	0	0	0	0	0	0	0	0	1	0	0	0	1	1	-1	1	1	-1	-1	1	1	0	1	0	1	0	1	-1	-1	1	0	0	-1	1	1	43.2	118	65	44.2	163	90	0.9803	1.014	NA	NA	NA
WP_090481907_1	1	-1	0	0	1	0	0	0	0	0	0	0	0	0	0	0	0	0	1	0	0	0	1	1	-1	1	1	-1	-1	1	1	0	1	0	1	0	1	-1	-1	1	0	0	-1	1	1	41.5	118	67	45.7	164	88	0.9811	0.9885	NA	NA	NA
WP_028234324_1	1	-1	0	0	1	0	0	0	0	0	0	0	0	0	0	0	0	0	1	0	0	0	1	1	-1	1	1	-1	-1	1	1	0	1	0	1	0	1	-1	-1	1	0	0	-1	1	1	42.4	118	66	44.7	159	74	0.9744	1.142	NA	NA	NA
WP_090394769_1	1	-1	0	0	1	0	0	0	0	0	0	0	-1	0	0	0	0	0	1	0	0	0	1	1	-1	1	1	-1	-1	1	1	0	1	0	1	1	1	-1	-1	1	0	0	-1	1	1	43.6	117	64	57.3	124	52	0.9693	1.245	NA	NA	NA
WP_074791949_1	1	-1	0	0	1	0	0	0	0	0	0	0	-1	0	0	0	0	0	1	0	0	0	1	1	-1	1	1	-1	-1	1	1	0	1	0	1	1	1	-1	-1	1	0	0	-1	1	1	43.6	117	64	51.7	151	65	0.9767	1.088	NA	NA	NA
WP_090480305_1	1	-1	0	0	1	0	0	0	0	0	0	0	-1	0	0	0	0	0	1	0	0	0	1	1	-1	1	1	-1	-1	1	1	0	1	0	1	1	1	-1	-1	1	0	0	-1	1	1	43.6	117	64	55.6	124	54	0.98	1.004	NA	NA	NA
WP_044938504_1	1	-1	0	0	1	0	0	0	0	0	0	0	-1	0	0	0	0	0	1	0	0	0	1	1	-1	1	1	-1	-1	1	1	0	1	0	1	1	1	-1	-1	1	0	0	-1	1	1	43.6	117	64	51	151	66	0.9748	1.132	NA	NA	NA
WP_028243043_1	1	-1	0	0	1	0	0	0	0	0	0	0	-1	0	0	0	0	0	1	0	0	0	1	1	-1	1	1	-1	-1	1	1	0	1	0	1	1	1	-1	-1	1	0	0	-1	1	1	43.6	117	64	51.5	136	65	0.9752	1.113	NA	NA	NA
SFO25545_1	1	-1	0	0	1	0	0	0	0	0	0	0	-1	0	0	0	0	0	1	0	0	0	1	1	-1	1	1	-1	-1	1	1	0	1	0	1	1	1	-1	-1	1	0	0	-1	1	1	41.9	117	66	54.8	124	55	0.9694	1.243	NA	NA	NA
CBK73899_1	1	-1	0	0	1	0	0	0	0	0	0	0	-1	0	0	0	0	0	1	0	0	0	1	1	-1	1	1	-1	-1	1	1	0	1	0	1	1	1	-1	-1	1	0	0	-1	1	1	44.4	117	63	54	124	56	0.9758	1.105	NA	NA	NA
SEK95452_1	1	-1	0	0	1	0	0	0	0	0	0	0	-1	0	0	0	0	0	1	0	0	0	1	1	-1	1	1	-1	-1	1	1	0	1	0	1	1	1	-1	-1	1	0	0	-1	1	1	42.7	117	65	52.2	136	64	0.9738	1.149	NA	NA	NA
SET03641_1	1	-1	0	0	1	0	0	0	0	0	0	0	-1	0	0	0	0	0	1	0	0	0	1	1	-1	1	1	-1	-1	1	1	0	1	0	1	1	1	-1	-1	1	0	0	-1	1	1	42.7	117	65	54	124	56	0.9773	1.07	NA	NA	NA
WP_072910998_1	1	-1	0	0	1	0	0	0	0	0	0	0	-1	0	0	0	0	0	1	0	0	0	1	1	-1	1	1	-1	-1	1	1	0	1	0	1	1	1	-1	-1	1	0	0	-1	1	1	44.4	117	63	53.2	124	57	0.9722	1.187	NA	NA	NA
SCZ76972_1	1	-1	0	0	1	0	0	0	0	0	0	0	-1	0	0	0	0	0	1	0	0	0	1	1	-1	1	1	-1	-1	1	1	0	1	0	1	1	1	-1	-1	1	0	0	-1	1	1	43.6	117	64	52.4	124	58	0.9704	1.225	NA	NA	NA
WP_028246387_1	1	-1	0	0	1	0	0	0	0	0	0	0	-1	0	0	0	0	0	1	0	0	0	1	1	-1	1	1	-1	-1	1	1	0	1	0	1	1	1	-1	-1	1	0	0	-1	1	1	45.3	117	62	50.8	130	63	0.9732	1.163	NA	NA	NA
SFN63004_1	1	-1	0	0	1	0	0	0	0	0	0	0	-1	0	0	0	0	0	1	0	0	0	1	1	-1	1	1	-1	-1	1	1	0	1	0	1	1	1	-1	-1	1	0	0	-1	1	1	44.4	117	63	53.1	128	59	0.9672	1.284	NA	NA	NA
SDI17455_1	1	-1	0	0	1	0	0	0	0	0	0	0	-1	0	0	0	0	0	1	0	0	0	1	1	-1	1	1	-1	-1	1	1	0	1	0	1	1	1	-1	-1	1	0	0	-1	1	1	44.4	117	63	46.4	151	80	0.9756	1.101	NA	NA	NA
WP_090417592_1	1	-1	0	0	1	0	0	0	0	0	0	0	-1	0	0	0	0	0	1	0	0	0	1	1	-1	1	1	-1	-1	1	1	0	1	0	1	1	1	-1	-1	1	0	0	-1	1	1	42.7	117	65	54	124	56	0.9747	1.133	NA	NA	NA
WP_090527063_1	1	-1	0	0	1	0	0	0	0	0	0	0	-1	0	0	0	0	0	1	0	0	0	1	1	-1	1	1	-1	-1	1	1	0	1	0	1	1	1	-1	-1	1	0	0	-1	1	1	41	117	67	50.4	131	64	0.9741	1.144	NA	NA	NA
SDI17491_1	1	-1	0	0	1	0	0	0	0	0	0	0	-1	0	0	0	0	0	1	0	0	0	1	1	-1	1	1	-1	-1	1	1	0	1	0	1	1	1	-1	-1	1	0	0	-1	1	1	41	117	67	51.1	131	63	0.9709	1.208	NA	NA	NA
WP_090417594_1	1	-1	0	0	1	0	0	0	0	0	0	0	-1	1	0	0	0	0	1	0	0	0	1	1	-1	1	1	-1	-1	1	1	0	1	0	1	1	1	-1	-1	1	0	0	-1	1	1	41.9	117	66	50	136	67	0.9724	1.176	NA	NA	NA
WP_072911000_1	1	-1	0	0	1	0	0	0	0	0	0	0	-1	0	0	0	0	0	1	0	0	0	1	1	-1	1	1	-1	-1	1	1	0	1	0	1	-1	1	-1	-1	1	0	0	-1	1	1	42.4	118	66	53.8	130	59	0.9832	0.934	NA	NA	NA
WP_090169004_1	1	-1	0	0	1	0	0	0	0	0	0	0	-1	0	0	0	0	0	1	0	0	0	1	1	-1	1	1	-1	-1	1	1	0	1	0	1	-1	1	-1	-1	1	0	0	-1	1	1	42.4	118	66	47.7	151	78	0.9799	1.008	NA	NA	NA
WP_090161013_1	1	-1	0	0	1	0	0	0	0	0	0	0	-1	0	0	0	0	0	1	0	0	0	1	1	-1	1	1	-1	-1	1	1	0	1	0	1	-1	1	-1	-1	1	0	0	-1	1	1	43.2	118	65	53.8	130	59	0.9786	1.044	NA	NA	NA
WP_028246388_1	1	-1	0	0	1	0	0	0	0	0	0	0	-1	0	0	0	0	0	1	0	0	0	1	1	-1	1	1	-1	-1	1	1	0	1	0	1	-1	1	-1	-1	1	0	0	-1	1	1	43.2	118	65	53.8	130	59	0.9808	0.9943	NA	NA	NA
SFN63027_1	1	-1	0	0	1	0	0	0	0	0	0	0	-1	0	0	0	0	0	1	0	0	0	1	1	-1	1	1	-1	-1	1	1	0	1	0	1	-1	1	-1	-1	1	0	0	-1	1	1	43.2	118	65	53.6	125	58	0.9821	0.9582	NA	NA	NA
WP_090417590_1	1	-1	0	0	1	0	0	0	0	0	0	0	-1	0	0	0	0	0	1	0	0	0	1	1	-1	1	1	-1	-1	1	1	0	1	0	1	-1	1	-1	-1	1	0	0	-1	1	1	44.1	118	64	54.6	130	58	0.9794	1.034	NA	NA	NA
WP_090480308_1	1	-1	0	0	1	0	0	0	0	0	0	0	-1	0	0	0	0	0	1	0	0	0	1	1	-1	1	1	-1	-1	1	1	0	1	0	1	-1	1	-1	-1	1	0	0	-1	1	1	43.6	117	64	54.6	130	58	0.9782	1.05	NA	NA	NA
WP_028243040_1	1	-1	0	0	1	0	0	0	0	0	0	0	-1	1	0	0	0	0	1	0	0	0	1	1	-1	1	1	-1	-1	1	1	0	1	0	1	1	1	-1	-1	1	0	0	-1	1	1	44.1	118	64	53.1	130	60	0.9811	0.9866	NA	NA	NA
WP_028246386_1	1	-1	0	0	1	0	0	0	0	0	0	0	-1	0	0	0	0	0	1	0	0	0	1	1	-1	1	1	-1	-1	1	1	0	1	0	1	1	1	-1	-1	1	0	0	-1	1	1	42.7	117	65	47.6	147	76	0.956	3.648	NA	NA	NA
SCZ76971_1	1	-1	0	0	1	0	0	0	0	0	0	0	-1	0	0	0	0	0	1	0	0	0	1	1	-1	1	1	-1	-1	1	1	0	1	0	1	1	1	-1	-1	1	0	0	-1	1	1	41.9	117	66	44.7	159	87	0.8793	3.7	NA	NA	NA
SDH32713_1	1	-1	0	0	1	0	0	0	0	0	0	0	0	-1	0	0	0	0	1	0	0	0	1	1	-1	1	1	-1	-1	1	1	0	1	0	1	1	1	-1	-1	1	0	0	-1	1	1	41	117	67	44	159	88	0.9586	1.438	NA	NA	NA
SFN49175_1	1	-1	0	0	1	0	0	0	0	0	0	0	0	-1	0	0	0	0	1	0	0	0	1	1	-1	1	1	-1	-1	1	1	0	1	0	1	1	1	-1	-1	1	0	0	-1	1	1	41	117	67	44	159	88	0.9756	1.097	NA	NA	NA
WP_028235905_1	1	-1	0	0	1	0	0	0	0	0	0	0	-1	-1	0	0	0	0	1	0	0	0	1	1	-1	1	1	-1	-1	1	1	0	1	0	1	1	1	-1	-1	1	0	0	-1	1	1	41.9	117	66	47.7	151	78	0.9671	1.493	NA	NA	NA
SFR61865_1	1	-1	0	0	1	0	0	0	0	0	0	0	-1	0	0	0	0	0	1	0	0	0	1	1	-1	1	1	-1	-1	1	1	0	1	0	1	1	1	-1	-1	1	0	0	-1	1	1	40.2	117	68	47	151	79	0.9667	1.502	NA	NA	NA
WP_099413910_1	1	-1	0	0	1	0	0	0	0	0	0	0	-1	0	0	0	0	0	1	0	0	0	1	1	-1	1	1	-1	-1	1	1	0	1	0	1	1	1	-1	-1	1	0	0	-1	1	1	40.2	117	68	46.4	151	80	0.9651	1.532	NA	NA	NA
SCX96594_1	1	-1	0	0	1	0	0	0	0	0	0	0	-1	0	0	0	0	0	1	0	0	0	1	1	-1	1	1	-1	-1	1	1	0	1	0	1	1	1	-1	-1	1	0	0	-1	1	1	40.2	117	68	47	151	79	0.9716	1.38	NA	NA	NA
WP_099392389_1	1	-1	0	0	1	0	0	0	0	0	0	0	-1	0	0	0	0	0	1	0	0	0	1	1	-1	1	1	-1	-1	1	1	0	1	0	1	1	1	-1	-1	1	0	0	-1	1	1	40.2	117	68	47	151	79	0.9702	1.447	NA	NA	NA
WP_028235907_1	1	-1	0	0	1	0	0	0	0	0	0	0	0	-1	0	0	0	0	1	0	0	0	1	1	-1	1	1	-1	-1	1	1	0	1	0	1	1	1	-1	-1	1	0	0	-1	1	1	44.9	118	63	55.5	119	53	0.9727	1.392	NA	NA	NA
SOC06422_1	1	-1	0	0	1	0	0	0	0	0	0	0	-1	0	0	0	0	0	1	0	0	0	1	1	-1	1	1	-1	-1	1	1	0	1	0	1	1	1	-1	-1	1	0	0	-1	1	1	42.7	117	65	47	151	79	0.9796	1.003	NA	NA	NA
SOC06417_1	1	-1	0	0	1	0	0	0	0	0	0	0	-1	0	0	0	0	0	1	0	0	0	1	1	-1	1	1	-1	-1	1	1	0	1	0	1	1	1	-1	-1	1	0	0	-1	1	1	52.8	72	34	47.7	151	78	0.9738	1.144	NA	NA	NA
WP_033154521_1	1	-1	0	0	1	0	0	0	0	0	0	0	-1	0	0	0	0	0	1	0	0	0	1	1	-1	1	1	-1	-1	1	1	0	1	0	1	1	1	-1	-1	1	0	0	-1	1	1	52.8	72	34	47.7	151	78	0.9749	1.127	NA	NA	NA
WP_033154522_1	1	-1	0	0	1	0	0	0	0	0	0	0	-1	0	0	0	0	0	1	0	0	0	1	1	-1	1	1	-1	-1	1	1	0	1	0	1	1	1	-1	-1	1	0	0	-1	1	1	41.9	117	66	46.4	151	80	0.9756	1.106	NA	NA	NA
WP_097076549_1	1	-1	0	0	1	0	0	0	0	0	0	0	-1	0	0	0	0	0	1	0	0	0	1	1	-1	1	1	-1	-1	1	1	0	1	0	1	1	1	-1	-1	1	0	0	-1	1	1	42.7	117	65	54.6	130	58	0.9765	1.31	NA	NA	NA
WP_033154519_1	1	-1	0	0	1	0	0	0	0	0	0	0	-1	0	0	0	0	0	1	0	0	0	1	1	-1	1	1	-1	-1	1	1	0	1	0	1	1	1	-1	-1	1	0	0	-1	1	1	42.7	117	65	54.6	130	58	0.9741	1.368	NA	NA	NA
RGU18694_1	1	-1	0	0	1	0	0	0	0	0	0	0	-1	-1	0	0	0	0	1	0	0	0	1	1	-1	1	1	-1	-1	1	1	0	1	0	1	1	1	-1	-1	1	0	0	-1	1	1	47.5	118	60	47.6	164	83	0.9794	1.049	NA	NA	NA
WP_055238763_1	1	-1	0	0	1	0	0	0	0	0	0	0	-1	-1	0	0	0	0	1	0	0	0	1	1	-1	1	1	-1	-1	1	1	0	1	0	1	1	1	-1	-1	1	0	0	-1	1	1	47.5	118	60	46.6	118	60	0.935	1.59	NA	NA	NA
RHG20714_1	1	-1	0	0	1	0	0	0	0	0	0	0	-1	-1	0	0	0	0	1	0	0	0	1	1	-1	1	1	-1	-1	1	1	0	1	0	1	1	1	-1	-1	1	0	0	-1	1	1	46.6	118	61	46.7	167	80	0.9756	1.03	NA	NA	NA
RHL02157_1	1	-1	0	0	1	0	0	0	0	0	0	0	-1	-1	0	0	0	0	1	0	0	0	1	1	-1	1	1	-1	-1	1	1	0	1	0	1	1	1	-1	-1	1	0	0	-1	1	1	47.5	118	60	47.9	167	78	0.9766	1.099	NA	NA	NA
WP_118142167_1	1	-1	0	0	1	0	0	0	0	0	0	0	-1	-1	0	0	0	0	1	0	0	0	1	1	-1	1	1	-1	-1	1	1	0	1	0	1	1	1	-1	-1	1	0	0	-1	1	1	44.9	118	63	52.2	138	62	0.9778	1.082	NA	NA	NA
RHD90091_1	1	-1	0	0	1	0	0	0	0	0	0	0	-1	-1	0	0	0	0	1	0	0	0	1	1	-1	1	1	-1	-1	1	1	0	1	0	1	1	1	-1	-1	1	0	0	-1	1	1	45.8	118	62	51.8	137	64	0.9786	1.067	NA	NA	NA
RHL01760_1	1	-1	0	0	1	0	0	0	0	0	0	0	-1	-1	0	0	0	0	1	0	0	0	1	1	-1	1	1	-1	-1	1	1	0	1	0	1	1	1	-1	-1	1	0	0	-1	1	1	46.7	107	55	51.8	137	64	0.975	1.051	NA	NA	NA
RGI12718_1	1	-1	0	0	1	0	0	0	0	0	0	0	-1	-1	0	0	0	0	1	0	0	0	1	1	-1	1	1	-1	-1	1	1	0	1	0	1	1	1	-1	-1	1	0	0	-1	1	1	45.8	118	62	48.9	131	65	0.9688	1.09	NA	NA	NA
CUN01850_1	1	-1	0	0	1	0	0	0	0	0	0	0	-1	-1	0	0	0	0	1	0	0	0	1	1	-1	1	1	-1	-1	1	1	0	1	0	1	1	1	-1	-1	1	0	0	-1	1	1	45.8	118	62	49.6	131	64	0.9628	1.06	NA	NA	NA
OLA19374_1	1	-1	0	0	1	0	0	0	0	0	0	0	-1	-1	0	0	0	0	1	0	0	0	1	1	-1	1	1	-1	-1	1	1	0	1	0	1	1	1	-1	-1	1	0	0	-1	1	1	45.8	118	62	47	164	84	0.9768	1.109	NA	NA	NA
RGZ99701_1	1	-1	0	0	1	0	0	0	0	0	0	0	-1	-1	0	0	0	0	1	0	0	0	1	1	-1	1	1	-1	-1	1	1	0	1	0	1	1	1	-1	-1	1	0	0	-1	1	1	47.5	118	60	47.6	164	83	0.9794	1.05	NA	NA	NA
RGZ99700_1	1	-1	0	0	1	0	0	0	0	0	0	0	-1	-1	0	0	0	0	1	0	0	0	1	1	-1	1	1	-1	-1	1	1	0	1	0	1	1	1	-1	-1	1	0	0	-1	1	1	47.7	107	54	51.8	137	64	0.9774	0.9738	NA	NA	NA
WP_118342814_1	1	-1	0	0	1	0	0	0	0	0	0	0	-1	-1	0	0	0	0	1	0	0	0	1	1	-1	1	1	-1	-1	1	1	0	1	0	1	1	1	-1	-1	1	0	0	-1	1	1	47.5	118	60	51.8	137	64	0.9705	1.035	NA	NA	NA
WP_117715615_1	1	NA	0	0	1	0	0	0	0	0	0	0	-1	-1	0	0	0	0	1	0	0	0	1	NA	-1	1	1	-1	-1	1	1	0	1	0	1	1	1	-1	-1	1	0	0	-1	1	1	47.5	118	60	51.5	66	30	0.9007	1.935	NA	NA	NA
RHB04853_1	1	-1	0	0	1	0	0	0	0	0	0	0	-1	-1	0	0	0	0	1	0	0	0	1	1	-1	1	1	-1	-1	1	1	0	1	0	1	1	1	-1	-1	1	0	0	-1	1	1	45.8	118	62	51.8	137	64	0.9812	0.9963	NA	NA	NA
RGT07235_1	1	-1	0	0	1	0	0	0	0	0	0	0	-1	-1	0	0	0	0	1	0	0	0	1	1	-1	1	1	-1	-1	1	1	0	1	0	1	1	1	-1	-1	1	0	0	-1	1	1	47.5	118	60	51.8	137	64	0.9763	1.113	NA	NA	NA
RGR52291_1	1	-1	0	0	1	0	0	0	0	0	0	0	-1	-1	0	0	0	0	1	0	0	0	1	1	-1	1	1	-1	-1	1	1	0	1	0	1	1	1	-1	-1	1	0	0	-1	1	1	47.5	118	60	51.8	137	64	0.9783	1.065	NA	NA	NA
RHI16995_1	1	-1	0	0	1	0	0	0	0	0	0	0	-1	-1	0	0	0	0	1	0	0	0	1	1	-1	1	1	-1	-1	1	1	0	1	0	1	1	1	-1	-1	1	0	0	-1	1	1	47.5	118	60	47	164	84	0.9765	1.11	NA	NA	NA
WP_118375658_1	1	-1	0	0	1	0	0	0	0	0	0	0	-1	-1	0	0	0	0	1	0	0	0	1	1	-1	1	1	-1	-1	1	1	0	1	0	1	1	1	-1	-1	1	0	0	-1	1	1	47.5	118	60	47.6	164	83	0.9774	1.096	NA	NA	NA
WP_109258866_1	1	-1	0	0	1	0	0	0	0	0	0	0	-1	-1	0	0	0	0	1	0	0	0	1	1	-1	1	1	-1	-1	1	1	0	1	0	1	1	1	-1	-1	1	0	0	-1	1	1	47.5	118	60	52.3	132	61	0.9663	1.094	NA	NA	NA
CUO62757_1	1	-1	0	0	1	0	0	0	0	0	0	0	-1	-1	0	0	0	0	1	0	0	0	1	1	-1	1	1	-1	-1	1	1	0	1	0	1	1	1	-1	-1	1	0	0	-1	1	1	47.5	118	60	51.8	137	64	0.9753	1.03	NA	NA	NA
WP_118202691_1	1	-1	0	0	1	0	0	0	0	0	0	0	-1	-1	0	0	0	0	1	0	0	0	1	1	-1	1	1	-1	-1	1	1	0	1	-1	1	1	1	-1	-1	1	0	0	-1	1	1	46.6	118	61	45.4	163	87	0.9717	1.437	NA	NA	NA
CRL36306_1	1	-1	0	0	1	0	0	0	0	0	0	0	-1	-1	0	0	0	0	1	0	0	0	1	1	-1	1	1	-1	-1	1	1	0	1	0	1	1	1	-1	-1	1	0	0	-1	1	1	45.8	118	62	48.1	131	66	0.9622	1.063	NA	NA	NA
ABI48294_1	1	-1	0	0	1	0	0	0	0	0	0	0	-1	-1	0	0	0	0	1	0	0	0	1	1	-1	1	1	-1	-1	1	1	0	1	0	1	1	1	-1	-1	1	0	0	-1	1	1	46.6	118	61	47.1	102	52	0.9538	1.209	NA	NA	NA
CUM97870_1	1	-1	0	0	1	0	0	0	0	0	0	0	-1	-1	0	0	0	0	1	0	0	0	1	1	-1	1	1	-1	-1	1	1	0	1	0	1	1	1	-1	-1	1	0	0	-1	1	1	45.8	118	62	48.9	131	65	0.9628	1.05	NA	NA	NA
WP_055273616_1	1	-1	0	0	1	0	0	0	0	0	0	0	-1	-1	0	0	0	0	1	0	0	0	1	1	-1	1	1	-1	-1	1	1	0	1	0	1	1	1	-1	-1	1	0	0	-1	1	1	45.8	118	62	50.7	136	66	0.9768	1.321	NA	NA	NA
WP_117719094_1	1	-1	0	0	1	0	0	0	0	0	0	0	-1	-1	0	0	0	0	1	0	0	0	1	1	-1	1	1	-1	-1	1	1	0	1	0	1	1	1	-1	-1	1	0	0	-1	1	1	53.4	88	41	50.7	136	66	0.9781	1.304	NA	NA	NA
CUO97117_1	1	-1	0	0	1	0	0	0	0	0	0	0	-1	-1	0	0	0	0	1	0	0	0	1	1	-1	1	1	-1	-1	1	1	0	1	0	1	1	1	-1	-1	1	0	0	-1	1	1	53.4	88	41	50.7	136	66	0.9774	1.308	NA	NA	NA
WP_118369119_1	1	-1	0	0	1	0	0	0	0	0	0	0	-1	-1	0	0	0	0	1	0	0	0	1	1	-1	1	1	-1	-1	1	1	0	1	0	1	1	1	-1	-1	1	0	0	-1	1	1	51.1	88	43	50	136	67	0.9783	1.295	NA	NA	NA
WP_118508203_1	1	NA	NA	NA	NA	NA	NA	NA	NA	NA	NA	NA	-1	0	0	0	0	0	1	0	0	0	1	NA	NA	NA	NA	NA	NA	NA	NA	NA	NA	NA	1	0	1	-1	-1	1	0	0	-1	1	1	44.4	117	58	45.8	48	25	NA	NA	NA	NA	NA
RHV20247_1	1	-1	0	0	1	0	0	0	0	0	0	0	-1	0	0	0	0	0	1	0	0	0	1	1	-1	1	1	-1	-1	1	1	0	1	0	1	0	1	-1	-1	1	0	0	-1	1	1	44.4	117	58	49.7	149	67	0.9599	2.908	NA	NA	NA
WP_118558987_1	1	-1	0	0	1	0	0	0	0	0	0	0	-1	0	0	0	0	0	1	0	0	0	1	1	-1	1	1	-1	-1	1	1	0	1	0	1	0	1	-1	-1	1	0	0	-1	1	1	45.8	118	62	51.5	130	62	0.9776	1.303	NA	NA	NA
RGI16717_1	1	-1	0	0	1	0	0	0	0	0	0	0	-1	-1	0	0	0	0	1	0	0	0	1	1	-1	1	1	-1	-1	1	1	0	1	0	1	1	1	-1	-1	1	0	0	-1	1	1	46.6	118	61	49.6	131	64	0.9718	1.045	NA	NA	NA
CRL32194_1	1	-1	0	0	1	0	0	0	0	0	0	0	-1	-1	0	0	0	0	1	0	0	0	1	1	-1	1	1	-1	-1	1	1	0	1	0	1	1	1	-1	-1	1	0	0	-1	1	1	45.8	118	62	49.6	131	64	0.9619	1.088	NA	NA	NA
ABI48295_1	1	-1	0	0	1	0	0	0	0	0	0	0	-1	-1	0	0	0	0	1	0	0	0	1	1	-1	1	1	-1	-1	1	1	0	1	0	1	1	1	-1	-1	1	0	0	-1	1	1	46.6	118	61	51.5	97	45	0.9536	1.22	NA	NA	NA
ABI48293_1	1	-1	0	0	1	0	0	0	0	0	0	0	-1	-1	0	0	0	0	1	0	0	0	1	1	-1	1	1	-1	-1	1	1	0	1	0	1	1	1	-1	-1	1	0	0	-1	1	1	44.7	114	61	51.5	97	45	0.9516	1.267	NA	NA	NA
RGN25929_1	1	-1	0	0	1	0	0	0	0	0	0	0	-1	0	0	0	0	0	1	0	0	0	1	1	-1	1	1	-1	-1	1	1	0	1	0	1	0	1	-1	-1	1	0	0	-1	1	1	53.4	88	41	50.4	125	62	0.9765	1.327	NA	NA	NA
WP_117752425_1	1	-1	0	0	1	0	0	0	0	0	0	0	-1	0	0	0	0	0	1	0	0	0	1	1	-1	1	1	-1	-1	1	1	0	1	0	1	0	1	-1	-1	1	0	0	-1	1	1	53.4	88	41	50.4	125	62	0.9787	1.291	NA	NA	NA
OLA17596_1	1	-1	0	0	1	0	0	0	0	0	0	0	-1	0	0	0	0	0	1	0	0	0	1	1	-1	1	1	-1	-1	1	1	0	1	0	1	0	1	-1	-1	1	0	0	-1	1	1	53.4	88	41	50.4	125	62	0.9784	1.295	NA	NA	NA
RHD36424_1	1	-1	0	0	1	0	0	0	0	0	0	0	-1	0	0	0	0	0	1	0	0	0	1	1	-1	1	1	-1	-1	1	1	0	1	0	1	0	1	-1	-1	1	0	0	-1	1	1	52.3	88	42	50.4	125	62	0.9771	1.319	NA	NA	NA
WP_118370628_1	1	-1	0	0	1	0	0	0	0	0	0	0	-1	0	0	0	0	0	1	0	0	0	1	1	-1	1	1	-1	-1	1	1	0	1	0	1	0	1	-1	-1	1	0	0	-1	1	1	52.3	88	42	50.4	125	62	0.9768	1.323	NA	NA	NA
RGT76160_1	1	-1	0	0	1	0	0	0	0	0	0	0	-1	0	0	0	0	0	1	0	0	0	1	1	-1	1	1	-1	-1	1	1	0	1	0	1	0	1	-1	-1	1	0	0	-1	1	1	52.3	88	42	51.2	125	61	0.9779	1.306	NA	NA	NA
WP_117993905_1	1	-1	0	0	1	0	0	0	0	0	0	0	-1	0	0	0	0	0	1	0	0	0	1	1	-1	1	1	-1	-1	1	1	0	1	0	1	0	1	-1	-1	1	0	0	-1	1	1	52.3	88	42	51.2	125	61	0.9778	1.311	NA	NA	NA
WP_118392105_1	1	-1	0	0	1	0	0	0	0	0	0	0	-1	0	0	0	0	0	1	0	0	0	1	1	-1	1	1	-1	-1	1	1	0	1	0	1	0	1	-1	-1	1	0	0	-1	1	1	53.4	88	41	51.2	125	61	0.9764	1.338	NA	NA	NA
WP_118083460_1	1	-1	0	0	1	0	0	0	0	0	0	0	-1	0	0	0	0	0	1	0	0	0	1	1	-1	1	1	-1	-1	1	1	0	1	0	1	0	1	-1	-1	1	0	0	-1	1	1	44.1	118	64	50.8	124	61	0.9788	1.286	NA	NA	NA
RGN25928_1	1	-1	0	0	1	0	0	0	0	0	0	0	-1	0	0	0	0	0	1	0	0	0	1	1	-1	1	1	-1	-1	1	1	0	1	0	1	0	1	-1	-1	1	0	0	-1	1	1	52.3	88	42	49.3	136	68	0.9786	1.281	NA	NA	NA
RGN25016_1	1	-1	0	0	1	0	0	0	0	0	0	0	-1	0	0	0	0	0	1	0	0	0	1	1	-1	1	1	-1	-1	1	1	0	1	0	1	0	1	-1	-1	1	0	0	-1	1	1	52.3	88	42	49.3	136	68	0.9649	3.655	NA	NA	NA
RHI25448_1	1	-1	0	0	1	0	0	0	0	0	0	0	-1	0	0	0	0	0	1	0	0	0	1	1	-1	1	1	-1	-1	1	1	0	1	0	1	0	1	-1	-1	1	0	0	-1	1	1	51.1	88	43	52.5	122	56	0.9727	1.404	NA	NA	NA
CBK90534_1	1	-1	0	0	1	0	0	0	0	0	0	0	-1	0	0	0	0	0	1	0	0	0	1	1	-1	1	1	-1	-1	1	1	0	1	0	1	0	1	-1	-1	1	0	0	-1	1	1	51.1	88	43	52.5	122	56	0.9761	1.34	NA	NA	NA
WP_118370630_1	1	-1	0	0	1	0	0	0	0	0	0	0	-1	0	0	0	0	0	1	0	0	0	1	1	-1	1	1	-1	-1	1	1	0	1	0	1	0	1	-1	-1	1	0	0	-1	1	1	52.3	88	42	52.9	121	57	0.9808	1.251	NA	NA	NA
CDE55752_1	1	-1	0	0	1	0	0	0	0	0	0	0	-1	0	0	0	0	0	1	0	0	0	1	1	-1	1	1	-1	-1	1	1	0	1	0	1	0	1	-1	-1	1	0	0	-1	1	1	45.8	118	62	51.2	125	61	0.9764	1.312	NA	NA	NA
WP_118370862_1	1	-1	0	0	1	0	0	0	0	0	0	0	-1	-1	0	0	0	0	1	0	0	0	1	1	-1	1	1	-1	-1	1	1	0	1	0	1	1	1	-1	-1	1	0	0	-1	1	1	46.6	118	61	51.9	135	64	0.974	1.16	NA	NA	NA
WP_015568621_1	1	-1	0	0	1	0	0	0	0	0	0	0	-1	-1	0	0	0	0	1	0	0	0	1	1	-1	1	1	-1	-1	1	1	0	1	0	1	1	1	-1	-1	1	0	0	-1	1	1	46.6	118	61	51.9	135	64	0.9792	1.049	NA	NA	NA
RGK38469_1	1	-1	0	0	1	0	0	0	0	0	0	0	-1	-1	0	0	0	0	1	0	0	0	1	1	-1	1	1	-1	-1	1	1	0	1	0	1	1	1	-1	-1	1	0	0	-1	1	1	46.6	118	61	51.9	135	64	0.974	1.163	NA	NA	NA
WP_055167936_1	1	-1	0	0	1	0	0	0	0	0	0	0	-1	-1	0	0	0	0	1	0	0	0	1	1	-1	1	1	-1	-1	1	1	0	1	-1	1	1	1	-1	-1	1	0	0	-1	1	1	46.6	118	61	50.7	134	66	0.9788	1.055	NA	NA	NA
EEG94039_1	1	-1	0	0	1	0	0	0	0	0	0	0	-1	-1	0	0	0	0	1	0	0	0	1	1	-1	1	1	-1	-1	1	1	0	1	0	1	1	1	-1	-1	1	0	0	-1	1	1	45.8	118	62	46.4	166	86	0.9746	1.061	NA	NA	NA
RGQ41821_1	1	-1	0	0	1	0	0	0	0	0	0	0	-1	-1	0	0	0	0	1	0	0	0	1	1	-1	1	1	-1	-1	1	1	0	1	0	1	1	1	-1	-1	1	0	0	-1	1	1	45.8	118	62	45.8	166	87	0.973	1.094	NA	NA	NA
WP_118588324_1	1	-1	0	0	1	0	0	0	0	0	0	0	-1	-1	0	0	0	0	1	0	0	0	1	1	-1	1	1	-1	-1	1	1	0	1	0	1	1	1	-1	-1	1	0	0	-1	1	1	45.8	118	62	46.4	166	86	0.972	1.117	NA	NA	NA
WP_118583869_1	1	-1	0	0	1	0	0	0	0	0	0	0	-1	-1	0	0	0	0	1	0	0	0	1	1	-1	1	1	-1	-1	1	1	0	1	0	1	1	1	-1	-1	1	0	0	-1	1	1	45.8	118	62	46.4	166	86	0.976	1.025	NA	NA	NA
RHE89467_1	1	-1	0	0	1	0	0	0	0	0	0	0	-1	-1	0	0	0	0	1	0	0	0	1	1	-1	1	1	-1	-1	1	1	0	1	0	1	1	1	-1	-1	1	0	0	-1	1	1	45.8	118	62	46.4	166	86	0.9745	1.069	NA	NA	NA
RGR69269_1	1	-1	0	0	1	0	0	0	0	0	0	0	-1	-1	0	0	0	0	1	0	0	0	1	1	-1	1	1	-1	-1	1	1	0	1	0	1	1	1	-1	-1	1	0	0	-1	1	1	46.6	118	61	46.4	166	86	0.9739	1.081	NA	NA	NA
WP_118508201_1	1	NA	NA	NA	NA	NA	NA	NA	NA	NA	NA	NA	-1	0	0	0	0	0	1	0	0	0	1	NA	NA	NA	NA	NA	NA	NA	NA	NA	NA	NA	1	0	1	-1	-1	1	0	0	-1	1	1	48.3	118	59	NA	NA	NA	NA	NA	NA	NA	NA
WP_118192981_1	1	-1	0	0	1	0	0	0	0	0	0	0	-1	-1	0	0	0	0	1	0	0	0	1	1	-1	1	1	-1	-1	1	1	0	1	0	1	1	1	-1	-1	1	0	0	-1	1	1	46.6	118	61	50	136	67	0.9773	1.319	NA	NA	NA
CBK89689_1	1	-1	0	0	1	0	0	0	0	0	0	0	-1	-1	0	0	0	0	1	0	0	0	1	1	-1	1	1	-1	-1	1	1	0	1	0	1	1	1	-1	-1	1	0	0	-1	1	1	46.6	118	61	50.4	137	65	0.9658	2.271	NA	NA	NA
ABI48292_1	1	-1	0	0	1	0	0	0	0	0	0	0	-1	-1	0	0	0	0	1	0	0	0	1	1	-1	1	1	-1	-1	1	1	0	1	0	1	1	1	-1	-1	1	0	0	-1	1	1	47.5	118	60	52.1	96	45	0.9654	1.171	NA	NA	NA
RGK39271_1	1	-1	0	0	1	0	0	0	0	0	0	0	-1	-1	0	0	0	0	1	0	0	0	1	1	-1	1	1	-1	-1	1	1	0	1	0	1	1	1	-1	-1	1	0	0	-1	1	1	44.8	116	64	46.9	160	73	0.981	0.9314	NA	NA	NA
RHI23725_1	1	-1	0	0	1	0	0	0	0	0	0	0	-1	-1	0	0	0	0	1	0	0	0	1	1	-1	1	1	-1	-1	1	1	0	1	0	1	1	1	-1	-1	1	0	0	-1	1	1	44.8	116	64	53.2	124	58	0.9817	0.9181	NA	NA	NA
RHL75406_1	1	-1	0	0	1	0	0	0	0	0	0	0	-1	-1	0	0	0	0	1	0	0	0	1	1	-1	1	1	-1	-1	1	1	0	1	0	1	1	1	-1	-1	1	0	0	-1	1	1	46.5	114	61	47.5	160	70	0.9768	1.03	NA	NA	NA
RGZ87271_1	1	-1	0	0	1	0	0	0	0	0	0	0	-1	-1	0	0	0	0	1	0	0	0	1	1	-1	1	1	-1	-1	1	1	0	1	0	1	1	1	-1	-1	1	0	0	-1	1	1	45.9	85	46	47.2	161	71	0.975	0.9315	NA	NA	NA
RGN22778_1	1	-1	0	0	1	0	0	0	0	0	0	0	-1	-1	0	0	0	0	1	0	0	0	1	1	-1	1	1	-1	-1	1	1	0	1	0	1	1	1	-1	-1	1	0	0	-1	1	1	46.5	114	61	47.5	160	70	0.9808	0.9369	NA	NA	NA
CBK89645_1	1	-1	0	0	1	0	0	0	0	0	0	0	-1	-1	0	0	0	0	1	0	0	0	1	1	-1	1	1	-1	-1	1	1	0	1	0	1	1	1	-1	-1	1	0	0	-1	1	1	46.5	114	61	47.2	161	71	0.9775	1.012	NA	NA	NA
ABI48291_1	1	-1	0	0	1	0	0	0	0	0	0	0	-1	-1	0	0	0	0	1	0	0	0	1	1	-1	1	1	-1	-1	1	1	0	1	0	1	1	1	-1	-1	1	0	0	-1	1	1	47.4	114	60	47.5	120	51	0.9731	0.9265	NA	NA	NA
RHC36901_1	1	-1	0	0	1	0	0	0	0	0	0	0	-1	-1	0	0	0	0	1	0	0	0	1	1	-1	1	1	-1	-1	1	1	0	1	0	1	1	1	-1	-1	1	0	0	-1	1	1	46.5	114	61	46.6	161	72	0.9819	0.9103	NA	NA	NA
PWE84206_1	1	-1	0	0	1	0	0	0	0	0	0	0	-1	-1	0	0	0	0	1	0	0	0	1	1	-1	1	1	-1	-1	1	1	0	1	0	1	1	1	-1	-1	1	0	0	-1	1	1	44.8	116	64	46.3	160	74	0.9804	0.9481	NA	NA	NA
WP_118327358_1	1	-1	0	0	1	0	0	0	0	0	0	0	-1	-1	0	0	0	0	1	0	0	0	1	1	-1	1	1	-1	-1	1	1	0	1	0	1	1	1	-1	-1	1	0	0	-1	1	1	44.8	116	64	47.5	160	72	0.9805	0.9455	NA	NA	NA
WP_117719502_1	1	-1	0	0	1	0	0	0	0	0	0	0	-1	-1	0	0	0	0	1	0	0	0	1	1	-1	1	1	-1	-1	1	1	0	1	0	1	1	1	-1	-1	1	0	0	-1	1	1	46.5	114	61	46.3	160	74	0.9817	0.9175	NA	NA	NA
RGZ11631_1	1	-1	0	0	1	0	0	0	0	0	0	0	-1	-1	0	0	0	0	1	0	0	0	1	1	-1	1	1	-1	-1	1	1	0	1	0	1	1	1	-1	-1	1	0	0	-1	1	1	44.8	116	64	47.5	160	72	0.9823	0.9021	NA	NA	NA
WP_118375584_1	1	-1	0	0	1	0	0	0	0	0	0	0	-1	-1	0	0	0	0	1	0	0	0	1	1	-1	1	1	-1	-1	1	1	0	1	0	1	1	1	-1	-1	1	0	0	-1	1	1	46.5	114	61	46.9	160	73	0.9825	0.8964	-1,228567863	2,459265748	active
WP_118337631_1	1	-1	0	0	1	0	0	0	0	0	0	0	-1	-1	0	0	0	0	1	0	0	0	1	1	-1	1	1	-1	-1	1	1	0	1	0	1	1	1	-1	-1	1	0	0	-1	1	1	44.8	116	64	46.3	160	74	0.9834	0.8726	NA	NA	NA
WP_117919074_1	1	-1	0	0	1	0	0	0	0	0	0	0	-1	-1	0	0	0	0	1	0	0	0	1	1	-1	1	1	-1	-1	1	1	0	1	0	1	1	1	-1	-1	1	0	0	-1	1	1	41.4	116	60	46.9	160	73	0.9436	2.72	NA	NA	NA
WP_117686771_1	1	-1	0	0	1	0	0	0	0	0	0	0	-1	-1	0	0	0	0	1	0	0	0	1	1	-1	1	1	-1	-1	1	1	0	1	0	1	1	1	-1	-1	1	0	0	-1	1	1	44.8	116	64	46.3	160	74	0.98	0.957	NA	NA	NA
RHI23724_1	1	-1	0	0	1	0	0	0	0	0	0	0	-1	-1	0	0	0	0	1	0	0	0	1	1	-1	1	1	-1	-1	1	1	0	1	0	1	1	1	-1	-1	1	0	0	-1	1	1	44.8	116	64	46.3	160	74	0.9769	1.028	NA	NA	NA
WP_117714640_1	1	-1	0	0	1	0	0	0	0	0	0	0	-1	-1	0	0	0	0	1	0	0	0	1	1	-1	1	1	-1	-1	1	1	0	1	0	1	1	1	-1	-1	1	0	0	-1	1	1	44.8	116	64	47.5	160	72	0.9668	2.726	NA	NA	NA
RGW31157_1	1	-1	0	0	1	0	0	0	0	0	0	0	-1	-1	0	0	0	0	1	0	0	0	1	1	-1	1	1	-1	-1	1	1	0	1	0	1	1	1	-1	-1	1	0	0	-1	1	1	44.8	116	64	47.5	160	72	0.9807	0.9421	NA	NA	NA
WP_117919072_1	1	-1	0	0	1	0	0	0	0	0	0	0	-1	-1	0	0	0	0	1	0	0	0	1	1	-1	1	1	-1	-1	1	1	0	1	0	1	1	1	-1	-1	1	0	0	-1	1	1	44.8	116	64	53.2	124	58	0.9833	0.8783	NA	NA	NA
RGR63476_1	1	-1	0	0	1	0	0	0	0	0	0	0	-1	-1	0	0	0	0	1	0	0	0	1	1	-1	1	1	-1	-1	1	1	0	1	0	1	1	1	-1	-1	1	0	0	-1	1	1	43.1	116	66	53.2	124	58	0.9772	1.021	NA	NA	NA
RGW84980_1	1	-1	0	0	1	0	0	0	0	0	0	0	-1	-1	0	0	0	0	1	0	0	0	1	1	-1	1	1	-1	-1	1	1	0	1	0	1	1	1	-1	-1	1	0	0	-1	1	1	45.7	116	63	53.6	125	56	0.9797	0.9636	NA	NA	NA
WP_055238440_1	1	-1	0	0	1	0	0	0	0	0	0	0	-1	-1	0	0	0	0	1	0	0	0	1	1	-1	1	1	-1	-1	1	1	0	1	0	1	1	1	-1	-1	1	0	0	-1	1	1	44.8	116	64	45.6	160	75	0.9803	0.9503	NA	NA	NA
RHD89545_1	1	-1	0	0	1	0	0	0	0	0	0	0	-1	-1	0	0	0	0	1	0	0	0	1	1	-1	1	1	-1	-1	1	1	0	1	0	1	1	1	-1	-1	1	0	0	-1	1	1	44.8	116	64	43.9	98	43	0.9108	1.759	NA	NA	NA
WP_118337626_1	1	-1	0	0	1	0	0	0	0	0	0	0	-1	-1	0	0	0	0	1	0	0	0	1	1	-1	1	1	-1	-1	1	1	0	1	0	1	1	1	-1	-1	1	0	0	-1	1	1	45.7	116	63	53.2	126	59	0.9817	0.9169	NA	NA	NA
RGS01253_1	1	-1	0	0	1	0	0	0	0	0	0	0	-1	-1	0	0	0	0	1	0	0	0	1	1	-1	1	1	-1	-1	1	1	0	1	0	1	1	1	-1	-1	1	0	0	-1	1	1	45.7	116	63	52.4	126	60	0.9818	0.9155	NA	NA	NA
WP_118369686_1	1	-1	0	0	1	0	0	0	0	0	0	0	-1	-1	0	0	0	0	1	0	0	0	1	1	-1	1	1	-1	-1	1	1	0	1	0	1	1	1	-1	-1	1	0	0	-1	1	1	45.7	116	63	47.4	154	80	0.9832	0.88	NA	NA	NA
WP_118326951_1	1	-1	0	0	1	0	0	0	0	0	0	0	-1	-1	0	0	0	0	1	0	0	0	1	1	-1	1	1	-1	-1	1	1	0	1	0	1	1	1	-1	-1	1	0	0	-1	1	1	46.5	114	61	53.2	126	59	0.9772	1.021	NA	NA	NA
CBK93233_1	1	-1	0	0	1	0	0	0	0	0	0	0	-1	-1	0	0	0	0	1	0	0	0	1	1	-1	1	1	-1	-1	1	1	0	1	0	1	1	1	-1	-1	1	0	0	-1	1	1	46.5	114	61	55.8	86	38	0.9659	1.07	NA	NA	NA
RHG23435_1	1	-1	0	0	1	0	0	0	0	0	0	0	-1	-1	0	0	0	0	1	0	0	0	1	1	-1	1	1	-1	-1	1	1	0	1	0	1	1	1	-1	-1	1	0	0	-1	1	1	44.8	116	64	47.2	161	71	0.9817	0.9165	NA	NA	NA
WP_118258094_1	1	-1	0	0	1	0	0	0	0	0	0	0	-1	-1	0	0	0	0	1	0	0	0	1	1	-1	1	1	-1	-1	1	1	0	1	0	1	1	1	-1	-1	1	0	0	-1	1	1	44	116	65	47.2	161	71	0.9835	0.8725	NA	NA	NA
RGZ16247_1	1	-1	0	0	1	0	0	0	0	0	0	0	-1	-1	0	0	0	0	1	0	0	0	1	1	-1	1	1	-1	-1	1	1	0	1	0	1	1	1	-1	-1	1	0	0	-1	1	1	44.8	116	64	46.9	145	65	0.9294	0.908	NA	NA	NA
CDA24588_1	1	NA	0	0	1	0	0	0	0	0	0	0	-1	0	0	0	0	0	1	0	0	0	1	NA	-1	1	1	-1	-1	1	1	0	1	0	1	0	1	-1	-1	1	0	0	-1	1	1	44.9	118	63	52.3	65	30	0.8877	2.059	NA	NA	NA
OKZ71988_1	1	-1	0	0	1	0	0	0	0	0	0	0	-1	-1	0	0	0	0	1	0	0	0	1	1	-1	1	1	-1	-1	1	1	0	1	0	1	1	1	-1	-1	1	0	0	-1	1	1	43.3	120	64	54.4	90	40	0.7642	4.297	NA	NA	NA
OLA15697_1	1	-1	0	0	1	0	0	0	0	0	0	0	-1	-1	0	0	0	0	1	0	0	0	1	1	-1	1	1	-1	-1	1	1	0	1	0	1	1	1	-1	-1	1	0	0	-1	1	1	46.6	116	62	53.1	128	60	0.983	0.8682	NA	NA	NA
WP_055237143_1	1	-1	0	0	1	0	0	0	0	0	0	0	-1	-1	0	0	0	0	1	0	0	0	1	1	-1	1	1	-1	-1	1	1	0	1	0	1	1	1	-1	-1	1	0	0	-1	1	1	46.6	116	62	53.1	128	60	0.9647	2.738	NA	NA	NA
WP_118083462_1	1	-1	0	0	1	0	0	0	0	0	0	0	-1	-1	0	0	0	0	1	0	0	0	1	1	-1	1	1	-1	-1	1	1	0	1	0	1	1	1	-1	-1	1	0	0	-1	1	1	46.6	116	62	54.5	121	55	0.9645	2.748	NA	NA	NA
WP_118391813_1	1	-1	0	0	1	0	0	0	0	0	0	0	-1	-1	0	0	0	0	1	0	0	0	1	1	-1	1	1	-1	-1	1	1	0	1	0	1	1	1	-1	-1	1	0	0	-1	1	1	46.6	118	61	49.7	149	70	0.9794	1.028	NA	NA	NA
CBK90536_1	1	-1	0	0	1	0	0	0	0	0	0	0	-1	-1	0	0	0	0	1	0	0	0	1	1	-1	1	1	-1	-1	1	1	0	1	0	1	1	1	-1	-1	1	0	0	-1	1	1	46.6	118	61	49.7	149	70	0.9811	0.9883	NA	NA	NA
OKZ83622_1	1	-1	0	0	1	0	0	0	0	0	0	0	-1	0	0	0	0	0	1	0	0	0	1	1	-1	1	1	-1	-1	1	1	0	1	0	1	0	1	-1	-1	1	0	0	-1	1	1	45.8	118	62	58	81	34	0.9617	1.215	NA	NA	NA
PHU36760_1	1	-1	0	0	1	0	0	0	0	0	0	0	0	0	0	0	0	0	1	0	0	0	1	1	-1	1	1	-1	-1	1	1	0	1	0	1	0	1	-1	-1	1	0	0	-1	1	1	44.4	117	63	46.9	147	77	0.9642	2.539	NA	NA	NA
WP_031544066_1	1	-1	0	0	1	0	0	0	0	0	0	0	0	0	0	0	0	0	1	0	0	0	1	1	-1	1	1	-1	-1	1	1	0	1	0	1	0	1	-1	-1	1	0	0	-1	1	1	43.6	117	64	46.9	147	77	0.9613	2.569	NA	NA	NA
WP_031544067_1	1	-1	0	0	1	0	0	0	0	0	0	0	0	0	0	0	0	0	1	0	0	0	1	1	-1	1	1	-1	-1	1	1	0	1	0	1	-1	1	-1	-1	1	0	0	-1	1	1	43.6	117	64	52.8	125	59	0.9603	2.589	NA	NA	NA
WP_099386750_1	1	-1	0	0	1	0	0	0	0	0	0	0	0	0	0	0	0	0	1	0	0	0	1	1	-1	1	1	-1	-1	1	1	0	1	0	1	-1	1	-1	-1	1	0	0	-1	1	1	43.6	117	64	52.8	125	59	0.9605	2.583	NA	NA	NA
PHU36763_1	1	-1	0	0	1	0	0	0	0	0	0	0	0	0	0	0	0	0	1	0	0	0	1	1	-1	1	1	-1	-1	1	1	0	1	0	0	1	1	-1	-1	1	0	0	-1	1	1	44.1	118	64	49.3	148	74	0.9755	1.118	NA	NA	NA
WP_031544069_1	1	-1	0	0	1	0	0	0	0	0	0	0	0	0	0	0	0	0	1	0	0	0	1	1	-1	1	1	-1	-1	1	1	0	1	0	0	1	1	-1	-1	1	0	0	-1	1	1	44.1	118	64	49.3	148	74	0.9751	1.125	NA	NA	NA
WP_118203655_1	1	-1	0	0	1	0	0	0	0	0	0	0	-1	0	0	0	0	0	1	0	0	0	1	1	-1	1	1	-1	-1	1	1	0	1	0	1	0	1	-1	-1	1	0	0	-1	1	1	47.5	118	60	51.2	129	61	0.9711	1.042	-0,92979481	2,4101972	active
WP_055170514_1	1	-1	0	0	1	0	0	0	0	0	0	0	-1	0	0	0	0	0	1	0	0	0	1	1	-1	1	1	-1	-1	1	1	0	1	0	1	0	1	-1	-1	1	0	0	-1	1	1	47.5	118	60	50.4	129	62	0.9717	1.023	NA	NA	NA
OLA67494_1	1	-1	0	0	1	0	0	0	0	0	0	0	-1	0	0	0	0	0	1	0	0	0	1	1	-1	1	1	-1	-1	1	1	0	1	0	1	0	1	-1	-1	1	0	0	-1	1	1	47.5	118	60	51.2	129	61	0.9711	1.045	NA	NA	NA
WP_118093268_1	1	-1	0	0	1	0	0	0	0	0	0	0	-1	-1	0	0	0	0	1	0	0	0	1	1	-1	1	1	-1	-1	1	1	0	1	0	1	1	1	-1	-1	1	0	0	-1	1	1	45.8	118	62	50	138	66	0.9714	1.049	-0,031307697	2,417060325	active
RHP79636_1	1	-1	0	0	1	0	0	0	0	0	0	0	-1	0	0	0	0	0	1	0	0	0	1	1	-1	1	1	-1	-1	1	1	0	1	0	1	0	1	-1	-1	1	0	0	-1	1	1	45.8	118	62	53.3	120	56	0.9731	3.063	NA	NA	NA
WP_118190894_1	1	-1	0	0	1	0	0	0	0	0	0	0	-1	0	0	0	0	0	1	0	0	0	1	1	-1	1	1	-1	-1	1	1	0	1	0	1	0	1	-1	-1	1	0	0	-1	1	1	44.9	118	63	50.4	137	65	0.9772	1.089	-1,419571331	2,168474731	active
RGR57007_1	1	-1	0	0	1	0	0	0	0	0	0	0	-1	0	0	0	0	0	1	0	0	0	1	1	-1	1	1	-1	-1	1	1	0	1	0	1	0	1	-1	-1	1	0	0	-1	1	1	47.5	118	60	46.1	154	69	0.9693	1.073	NA	NA	NA
RGT08608_1	1	-1	0	0	1	0	0	0	0	0	0	0	-1	0	0	0	0	0	1	0	0	0	1	1	-1	1	1	-1	-1	1	1	0	1	0	1	0	1	-1	-1	1	0	0	-1	1	1	47.5	118	60	46.1	154	69	0.9713	1.037	NA	NA	NA
RGZ76955_1	1	-1	0	0	1	0	0	0	0	0	0	0	-1	0	0	0	0	0	1	0	0	0	1	1	-1	1	1	-1	-1	1	1	0	1	0	1	0	1	-1	-1	1	0	0	-1	1	1	45.8	118	62	46.1	154	69	0.9766	1.307	NA	NA	NA
RGM67005_1	1	-1	0	0	1	0	0	0	0	0	0	0	-1	-1	0	0	0	0	1	0	0	0	1	1	-1	1	1	-1	-1	1	1	0	1	0	1	1	1	-1	-1	1	0	0	-1	1	1	49.2	118	58	48.9	139	66	0.9778	1.076	NA	NA	NA
RGR68809_1	1	-1	0	0	1	0	0	0	0	0	0	0	-1	-1	0	0	0	0	1	0	0	0	1	1	-1	1	1	-1	-1	1	1	0	1	-1	1	1	1	-1	-1	1	0	0	-1	1	1	47.5	118	60	49.6	139	65	0.9759	1.126	NA	NA	NA
WP_118111848_1	1	-1	0	0	1	0	0	0	0	0	0	0	-1	-1	0	0	0	0	1	0	0	0	1	1	-1	1	1	-1	-1	1	1	0	1	-1	1	1	1	-1	-1	1	0	0	-1	1	1	47.5	118	60	49.6	139	65	0.9756	1.132	NA	NA	NA
RHE99957_1	1	-1	0	0	1	0	0	0	0	0	0	0	-1	-1	0	0	0	0	1	0	0	0	1	1	-1	1	1	-1	-1	1	1	0	1	-1	1	1	1	-1	-1	1	0	0	-1	1	1	47.5	118	60	49.6	139	65	0.9791	1.045	NA	NA	NA
SDB60152_1	1	-1	0	0	1	0	0	0	0	0	0	0	0	0	0	0	0	0	1	0	0	0	1	1	-1	1	1	-1	-1	1	1	0	1	0	1	-1	1	-1	-1	1	0	0	-1	1	1	44.9	118	61	55	109	49	0.9676	1.422	NA	NA	NA
WP_035767622_1	1	-1	0	0	1	0	0	0	0	0	0	0	0	0	0	0	0	0	1	0	0	0	1	1	-1	1	1	-1	-1	1	1	0	1	0	1	0	1	-1	-1	1	0	0	-1	1	1	44.9	118	61	55	109	49	0.9637	1.494	NA	NA	NA
WP_091824480_1	1	-1	0	0	1	0	0	0	0	0	0	0	0	0	0	0	0	0	1	0	0	0	1	1	-1	1	1	-1	-1	1	1	0	1	0	1	0	1	-1	-1	1	0	0	-1	1	1	44.1	118	62	55	109	49	0.9661	1.073	NA	NA	NA
WP_022761371_1	1	-1	0	0	1	0	0	0	0	0	0	0	0	0	0	0	0	0	1	0	0	0	1	1	-1	1	1	-1	-1	1	1	0	1	0	1	0	1	-1	-1	1	0	0	-1	1	1	44.1	118	62	55	109	49	0.9638	1.487	NA	NA	NA
WP_026523439_1	1	-1	0	0	1	0	0	0	0	0	0	0	0	0	0	0	0	0	1	0	0	0	1	1	-1	1	1	-1	-1	1	1	0	1	0	1	0	1	-1	-1	1	0	0	-1	1	1	45.8	118	60	54.1	109	50	0.9637	1.491	NA	NA	NA
WP_026527197_1	1	-1	0	0	1	0	0	0	0	0	0	0	0	0	0	0	0	0	1	0	0	0	1	1	-1	1	1	-1	-1	1	1	0	1	0	1	0	1	-1	-1	1	0	0	-1	1	1	44.9	118	61	56	109	48	0.971	1.141	NA	NA	NA
WP_026497332_1	1	-1	0	0	1	0	0	0	0	0	0	0	0	0	0	0	0	0	1	0	0	0	1	1	-1	1	1	-1	-1	1	1	0	1	0	1	0	1	-1	-1	1	0	0	-1	1	1	44.9	118	61	55	109	49	0.9662	1.451	NA	NA	NA
WP_026671004_1	1	-1	0	0	1	0	0	0	0	0	0	0	0	0	0	0	0	0	1	0	0	0	1	1	-1	1	1	-1	-1	1	1	0	1	0	1	0	1	-1	-1	1	0	0	-1	1	1	45.8	118	60	57.7	104	44	0.9634	1.134	NA	NA	NA
WP_026491779_1	1	-1	0	0	1	0	0	0	0	0	0	0	0	-1	0	0	0	0	1	0	0	0	1	1	-1	1	1	-1	-1	1	1	0	1	0	1	1	1	-1	-1	1	0	0	-1	1	1	42.7	117	65	56	109	48	0.9782	1.071	NA	NA	NA
WP_026664768_1	1	-1	0	0	1	0	0	0	0	0	0	0	0	-1	0	0	0	0	1	0	0	0	1	1	-1	1	1	-1	-1	1	1	0	1	0	1	1	1	-1	-1	1	0	0	-1	1	1	41.9	117	66	55	109	49	0.9771	1.09	NA	NA	NA
WP_026509869_1	1	-1	0	0	1	0	0	0	0	0	0	0	0	-1	0	0	0	0	1	0	0	0	1	1	-1	1	1	-1	-1	1	1	0	1	0	1	1	1	-1	-1	1	0	0	-1	1	1	42.7	117	65	48.1	135	70	0.9752	1.127	NA	NA	NA
WP_026657292_1	1	-1	0	0	1	0	0	0	0	0	0	0	0	-1	0	0	0	0	1	0	0	0	1	1	-1	1	1	-1	-1	1	1	0	1	0	1	1	1	-1	-1	1	0	0	-1	1	1	42.7	117	65	47.4	135	71	0.9779	1.069	NA	NA	NA
WP_026498555_1	1	-1	0	0	1	0	0	0	0	0	0	0	0	-1	0	0	0	0	1	0	0	0	1	1	-1	1	1	-1	-1	1	1	0	1	0	-1	1	1	-1	-1	1	0	0	-1	1	1	47.4	116	59	56	109	48	0.9556	1.289	NA	NA	NA
WP_035767588_1	1	-1	0	0	1	0	0	0	0	0	0	0	0	-1	0	0	0	0	1	0	0	0	1	1	-1	1	1	-1	-1	1	1	0	1	0	1	1	1	-1	-1	1	0	0	-1	1	1	44.4	117	63	55	109	49	0.9773	1.092	NA	NA	NA
WP_026671011_1	1	-1	0	0	1	0	0	0	0	0	0	0	0	-1	0	0	0	0	1	0	0	0	1	1	-1	1	1	-1	-1	1	1	0	1	0	1	1	1	-1	-1	1	0	0	-1	1	1	43.6	117	64	56	109	48	0.9648	1.341	NA	NA	NA
SEM24411_1	1	-1	0	0	1	0	0	0	0	0	0	0	0	-1	0	0	0	0	1	0	0	0	1	1	-1	1	1	-1	-1	1	1	0	1	0	1	1	1	-1	-1	1	0	0	-1	1	1	44.4	117	63	56	109	48	0.9751	1.132	NA	NA	NA
WP_022761392_1	1	-1	0	0	1	0	0	0	0	0	0	0	-1	0	0	0	0	0	1	0	0	0	1	1	-1	1	1	-1	-1	1	1	0	1	0	1	1	1	-1	-1	1	0	0	-1	1	1	43.6	117	64	56	109	48	0.9743	1.165	NA	NA	NA
WP_026523433_1	1	-1	0	0	1	0	0	0	0	0	0	0	-1	0	0	0	0	0	1	0	0	0	1	1	-1	1	1	-1	-1	1	1	0	1	0	1	1	1	-1	-1	1	0	0	-1	1	1	43.6	117	64	55	109	49	0.9538	3.721	NA	NA	NA
WP_026498570_1	1	-1	0	0	1	0	0	0	0	0	0	0	0	-1	0	0	0	0	1	0	0	0	1	1	-1	1	1	-1	-1	1	1	0	1	0	1	1	1	-1	-1	1	0	0	-1	1	1	44.3	115	62	56	109	48	0.9717	1.198	NA	NA	NA
SDB68900_1	1	-1	0	0	1	0	0	0	0	0	0	0	0	0	0	0	0	0	1	0	0	0	1	1	-1	1	1	-1	-1	1	1	0	1	0	-1	0	1	-1	-1	1	0	0	-1	1	1	47	115	59	56.9	109	47	0.9779	1.075	NA	NA	NA
WP_026527180_1	1	-1	0	0	1	0	0	0	0	0	0	0	0	0	0	0	0	0	1	0	0	0	1	1	-1	1	1	-1	-1	1	1	0	1	0	-1	0	1	-1	-1	1	0	0	-1	1	1	45.2	115	61	56.8	118	49	0.977	1.104	NA	NA	NA
WP_044913049_1	1	-1	0	0	1	0	0	0	0	0	0	0	-1	-1	0	0	0	0	1	0	0	0	1	1	-1	1	1	-1	-1	1	1	0	1	0	1	1	1	-1	-1	1	0	0	-1	1	1	43.5	115	63	55	109	49	0.9761	1.115	NA	NA	NA
WP_029322837_1	1	-1	0	0	1	0	0	0	0	0	0	0	-1	1	0	0	0	0	1	0	0	0	1	1	-1	1	1	-1	-1	1	1	0	1	0	1	1	1	-1	-1	1	0	0	-1	1	1	43.2	118	65	52.9	119	56	0.9688	1.181	NA	NA	NA
WP_026509873_1	1	-1	0	0	1	0	0	0	0	0	0	0	-1	1	0	0	0	0	1	0	0	0	1	1	-1	1	1	-1	-1	1	1	0	1	0	1	1	1	-1	-1	1	0	0	-1	1	1	42.4	118	66	54.9	113	51	0.9716	1.121	NA	NA	NA
WP_026664772_1	1	-1	0	0	1	0	0	0	0	0	0	0	-1	1	0	0	0	0	1	0	0	0	1	1	-1	1	1	-1	-1	1	1	0	1	0	1	1	1	-1	-1	1	0	0	-1	1	1	43.2	118	65	54	113	52	0.9699	1.158	NA	NA	NA
WP_026657299_1	1	-1	0	0	1	0	0	0	0	0	0	0	0	1	0	0	0	0	1	0	0	0	1	1	-1	1	1	-1	-1	1	1	0	1	0	1	1	1	-1	-1	1	0	0	-1	1	1	44.1	118	64	54.1	109	50	0.9749	1.052	NA	NA	NA
OLA60367_1	1	-1	0	0	1	0	0	1	0	0	0	0	-1	-1	0	0	0	0	1	0	0	0	1	1	-1	1	1	-1	-1	1	1	0	-1	0	1	1	1	-1	-1	1	0	0	-1	1	1	44.4	117	63	45.1	153	83	0.9761	1.102	NA	NA	NA
PWL90651_1	1	-1	0	0	1	0	0	1	0	0	0	0	-1	-1	0	0	0	0	1	0	0	0	1	1	-1	1	1	-1	-1	1	1	0	-1	0	1	1	1	-1	-1	1	0	0	-1	1	1	45.3	117	62	44.4	153	84	0.9761	1.104	NA	NA	NA
OLA60368_1	1	-1	0	0	1	0	0	1	0	0	0	0	-1	-1	0	0	0	0	1	0	0	0	1	1	-1	1	1	-1	-1	1	1	0	-1	0	1	1	1	-1	-1	1	0	0	-1	1	1	44.4	117	63	45	140	72	0.9737	1.151	-0,560302234	0,930680595	active
PWL90652_1	1	-1	0	0	1	0	0	1	0	0	0	0	-1	-1	0	0	0	0	1	0	0	0	1	1	-1	1	1	-1	-1	1	1	0	-1	0	1	1	1	-1	-1	1	0	0	-1	1	1	43.6	117	64	47	132	69	0.9732	1.157	NA	NA	NA
WP_016282978_1	0	-1	0	0	1	0	0	1	0	0	0	0	-1	-1	0	0	0	0	1	0	0	0	0	1	-1	1	1	-1	-1	1	1	0	1	0	1	1	1	-1	-1	1	0	0	-1	1	1	43.5	115	63	51.1	137	60	0.9627	2.584	NA	NA	NA
EOS25837_1	0	-1	0	0	1	0	0	1	0	0	0	0	-1	-1	0	0	0	0	1	0	0	0	0	1	-1	1	1	-1	-1	1	1	0	1	0	1	1	1	-1	-1	1	0	0	-1	1	1	45.2	115	61	48.3	149	69	0.9736	1.16	NA	NA	NA
AAT06255_1	0	-1	0	0	1	0	0	1	0	0	0	0	-1	-1	0	0	0	0	1	0	0	0	0	1	-1	1	1	-1	-1	1	1	0	1	0	1	1	1	-1	-1	1	0	0	-1	1	1	46.6	116	60	48.3	149	69	0.9776	1.072	NA	NA	NA
EOS25835_1	0	-1	0	0	1	0	0	1	0	0	0	0	-1	-1	0	0	0	0	1	0	0	0	0	1	-1	1	1	-1	-1	1	1	0	1	0	1	1	1	-1	-1	1	0	0	-1	1	1	41.9	117	66	50.7	138	61	0.9763	1.1	NA	NA	NA
EOS25839_1	0	-1	0	0	1	0	0	1	0	0	0	0	-1	-1	0	0	0	0	1	0	0	0	0	1	-1	1	1	-1	-1	1	1	0	1	0	1	1	1	-1	-1	1	0	0	-1	1	1	42.4	118	66	45.2	157	85	0.9678	2.146	NA	NA	NA
EOT27140_1	1	-1	0	0	1	0	0	0	0	0	0	0	0	0	0	0	0	0	1	0	0	0	1	1	-1	1	1	-1	-1	1	1	0	1	0	-1	1	1	-1	-1	1	0	0	-1	1	1	43.2	118	65	48.6	138	71	0.9529	1.601	NA	NA	NA
EOS47010_1	1	-1	0	0	1	0	0	0	0	0	0	0	0	-1	0	0	0	0	1	0	0	0	1	1	-1	1	1	-1	-1	1	1	0	1	0	-1	1	1	-1	-1	1	0	0	-1	1	1	51.1	92	45	51.1	133	62	0.9653	1.51	NA	NA	NA
EOS26420_1	1	-1	0	0	1	0	0	0	0	0	0	0	0	-1	0	0	0	0	1	0	0	0	1	1	-1	1	1	-1	-1	1	1	0	1	0	-1	1	1	-1	-1	1	0	0	-1	1	1	43.2	118	65	47.1	155	79	0.9	1.44	0,220993633	0,934075491	active
OLA62793_1	1	-1	0	0	1	0	0	0	0	0	0	0	-1	-1	0	0	0	0	1	0	0	0	1	1	-1	1	1	-1	-1	1	1	0	1	0	1	1	1	-1	-1	1	0	0	-1	1	1	44.9	118	63	53.4	116	54	0.9484	1.339	-1,594790382	1,251087109	active
CUN17643_1	1	-1	0	0	1	0	0	0	0	0	0	0	-1	-1	0	0	0	0	1	0	0	0	1	1	-1	1	1	-1	-1	1	1	0	1	0	1	1	1	-1	-1	1	0	0	-1	1	1	44.9	118	63	53.4	116	54	0.9501	1.31	NA	NA	NA
CDE69670_1	1	-1	0	0	1	0	0	0	0	0	0	-1	-1	-1	0	0	0	0	1	0	0	0	1	1	-1	1	1	-1	-1	1	1	0	-1	1	1	1	1	-1	-1	1	0	0	-1	1	1	42	119	66	50.9	116	56	0.964	2.44	0,03146361	0,831813719	active
OKZ93849_1	1	-1	0	0	1	0	0	0	0	0	0	0	-1	-1	0	0	0	0	1	0	0	0	1	1	-1	1	1	-1	-1	1	1	0	-1	0	1	1	1	-1	-1	1	0	0	-1	1	1	42.4	118	66	52	125	60	0.9709	1.237	-1,362163835	1,684430965	active
CCX84539_1	1	-1	0	0	1	0	0	0	0	0	0	0	-1	-1	0	0	0	0	1	0	0	0	1	1	-1	1	1	-1	-1	1	1	0	-1	0	1	1	1	-1	-1	1	0	0	-1	1	1	42.4	118	66	51.2	125	61	0.9693	1.269	NA	NA	NA
SCH84177_1	0	-1	0	0	1	0	0	1	0	0	0	0	0	-1	0	0	0	0	1	0	0	0	0	1	-1	1	1	-1	-1	1	1	0	1	0	1	1	1	-1	-1	1	0	0	-1	1	1	41.3	121	63	57	114	49	0.9598	2.311	NA	NA	NA
WP_118692052_1	0	-1	0	0	1	0	0	1	0	0	0	0	0	-1	0	0	0	0	1	0	0	0	0	1	-1	1	1	-1	-1	1	1	0	1	0	1	1	1	-1	-1	1	0	0	-1	1	1	40.5	121	64	56.1	114	50	0.9614	2.291	-1,221991992	2,927030788	active
WP_118551620_1	0	-1	0	0	1	0	0	1	0	0	0	0	0	-1	0	0	0	0	1	0	0	0	0	1	-1	1	1	-1	-1	1	1	0	1	0	1	1	1	-1	-1	1	0	0	-1	1	1	40.5	121	64	57	114	49	0.9649	2.247	NA	NA	NA
SCI44069_1	0	-1	0	0	1	0	0	1	0	0	0	0	0	-1	0	0	0	0	1	0	0	0	0	1	-1	1	1	-1	-1	1	1	0	1	0	1	1	1	-1	-1	1	0	0	-1	1	1	40.5	121	64	57	114	49	0.9653	2.248	NA	NA	NA
CDF05922_1	0	-1	0	0	1	0	0	1	0	0	0	0	0	-1	0	0	0	0	1	0	0	0	0	1	-1	1	1	-1	-1	1	1	0	1	0	1	1	1	-1	-1	1	0	0	-1	1	1	45.5	99	49	54.8	124	56	0.9707	1.198	-0,899218612	1,917379717	active
EOS52822_1	0	-1	0	0	1	0	0	0	0	0	0	0	-1	-1	0	0	0	0	1	0	0	0	0	1	-1	1	1	-1	-1	1	1	0	1	0	1	1	1	-1	-1	1	0	0	-1	1	1	45.3	117	62	54.2	120	55	0.9454	3.758	NA	NA	NA
WP_016302094_1	0	-1	0	0	1	0	0	0	0	0	0	0	-1	-1	0	0	0	0	1	0	0	0	0	1	-1	1	1	-1	-1	1	1	0	1	0	1	1	1	-1	-1	1	0	0	-1	1	1	43.6	117	64	51.1	139	61	0.9562	3.894	NA	NA	NA
AAT06254_1	0	-1	0	0	1	0	0	0	0	0	0	0	-1	-1	0	0	0	0	1	0	0	0	0	1	-1	1	1	-1	-1	1	1	0	1	0	1	1	1	-1	-1	1	0	0	-1	1	1	43.2	118	65	49.6	139	63	0.9567	1.469	NA	NA	NA
EOS44014_1	0	-1	0	0	1	0	0	0	0	0	0	0	-1	0	0	0	0	0	1	0	0	0	0	1	-1	1	1	-1	-1	1	1	0	1	0	1	0	1	-1	-1	1	0	0	-1	1	1	42.7	117	65	48.9	141	65	0.967	1.287	NA	NA	NA
RHV45722_1	0	-1	0	0	1	0	0	1	0	0	0	0	0	-1	0	0	0	0	1	0	0	0	0	1	-1	1	1	-1	-1	1	1	0	1	0	1	1	1	-1	-1	1	0	0	-1	1	1	47.1	104	52	56.4	117	51	0.9645	1.328	NA	NA	NA
SFI06832_1	1	-1	0	0	1	0	0	0	0	0	0	0	-1	0	0	0	0	0	1	0	0	0	1	1	-1	1	1	-1	-1	1	1	0	1	-1	1	-1	1	-1	-1	1	0	0	-1	1	1	45.8	118	62	53	132	59	0.9774	1.285	NA	NA	NA
SEA16900_1	1	-1	0	0	1	0	0	0	0	0	0	0	-1	-1	0	0	0	0	1	0	0	0	1	1	-1	1	1	-1	-1	1	1	0	1	0	1	1	1	-1	-1	1	0	0	-1	1	1	46.2	117	61	51.9	133	61	0.9802	1.02	NA	NA	NA
SFI06897_1	1	-1	0	0	1	0	0	0	0	0	0	0	-1	0	0	0	0	0	1	0	0	0	1	1	-1	1	1	-1	-1	1	1	0	1	0	1	1	1	-1	-1	1	0	0	-1	1	1	46.2	117	61	53.8	93	40	0.9223	1.871	NA	NA	NA
SFH83235_1	1	-1	0	0	1	0	0	0	0	0	0	0	-1	0	0	0	0	0	1	0	0	0	1	1	-1	1	1	-1	-1	1	1	0	1	0	1	1	1	-1	-1	1	0	0	-1	1	1	46.2	117	61	46.2	119	58	0.9266	1.793	NA	NA	NA
SEA64882_1	1	-1	0	0	1	0	0	0	0	0	0	0	-1	0	0	0	0	0	1	0	0	0	1	1	-1	1	1	-1	-1	1	1	0	1	0	1	0	1	-1	-1	1	0	0	-1	1	1	44.1	118	64	49.3	148	63	0.9683	1.455	NA	NA	NA
SEA22662_1	1	-1	0	0	1	0	0	0	0	0	0	0	-1	0	0	0	0	0	1	0	0	0	1	1	-1	1	1	-1	-1	1	1	0	1	0	1	-1	1	-1	-1	1	0	0	-1	1	1	46.2	117	61	46.5	159	79	0.9722	1.39	NA	NA	NA
SEA16761_1	1	-1	0	0	1	0	0	0	0	0	0	0	-1	0	0	0	0	0	1	0	0	0	1	1	-1	1	1	-1	-1	1	1	0	1	0	1	0	1	-1	-1	1	0	0	-1	1	1	44.4	117	63	51.1	133	62	0.9706	1.408	NA	NA	NA
WP_090144519_1	1	-1	0	0	1	0	0	0	0	0	0	0	0	0	0	0	0	0	1	0	0	0	1	1	-1	1	1	-1	-1	1	1	0	1	0	1	0	1	-1	-1	1	0	0	-1	1	1	44.5	119	61	55.5	119	53	0.9579	4.715	NA	NA	NA
WP_090144518_1	1	-1	0	0	1	0	0	0	0	0	0	0	0	-1	0	0	0	0	1	0	0	0	1	1	-1	1	1	-1	-1	1	1	0	1	0	1	1	1	-1	-1	1	0	0	-1	1	1	40.3	119	66	52.9	121	57	0.9621	4.698	NA	NA	NA
PWL92848_1	0	-1	0	0	1	0	0	0	0	0	0	0	-1	-1	0	0	0	0	1	0	0	0	0	1	-1	1	1	-1	-1	1	1	0	1	0	1	1	1	-1	-1	1	0	0	-1	1	1	41	117	67	53.8	117	54	0.9761	1.102	NA	NA	NA
OLA03849_1	0	-1	0	0	1	0	0	0	0	0	0	0	-1	-1	0	0	0	0	1	0	0	0	0	1	-1	1	1	-1	-1	1	1	0	1	0	1	1	1	-1	-1	1	0	0	-1	1	1	41.9	117	66	53.8	117	54	0.9604	3.623	NA	NA	NA
CUN20092_1	1	-1	0	0	1	0	0	0	0	0	0	0	-1	-1	0	0	0	0	1	0	0	0	1	1	-1	1	1	-1	-1	1	1	0	1	0	1	1	1	-1	-1	1	0	0	-1	1	1	46.6	116	62	52	98	44	0.9244	1.817	NA	NA	NA
PWL95433_1	0	-1	0	0	1	0	0	0	0	0	0	0	0	-1	0	0	0	0	1	0	0	0	0	1	-1	1	1	-1	0	1	1	0	-1	0	1	1	1	-1	-1	1	0	0	-1	1	1	41.5	118	65	45.8	155	78	0.9836	0.9358	NA	NA	NA
EOS25850_1	0	-1	0	0	1	0	0	0	0	0	0	0	-1	-1	0	0	0	0	1	0	0	0	0	1	-1	1	1	-1	-1	1	1	0	1	0	1	1	1	-1	-1	1	0	0	-1	1	1	44.2	95	53	54.3	127	58	0.9644	1.368	NA	NA	NA
ABI48285_1	0	-1	0	0	1	0	0	0	0	0	0	0	-1	-1	0	0	0	0	1	0	0	0	0	1	-1	1	1	-1	-1	1	1	0	1	0	1	1	1	-1	-1	1	0	0	-1	1	1	44.2	95	53	56.5	115	50	0.9445	1.567	NA	NA	NA
CDF46174_1	0	-1	0	0	1	0	0	0	0	0	0	0	-1	-1	0	0	0	0	1	0	0	0	0	1	-1	1	1	-1	-1	1	1	0	1	0	1	1	1	-1	-1	1	0	0	-1	1	1	43.4	113	61	52.5	122	58	0.967	1.317	-1,273920689	0,139502522	active
OLA60374_1	0	-1	0	0	1	0	0	0	0	0	0	0	-1	-1	0	0	0	0	1	0	0	0	0	1	-1	1	1	-1	-1	1	1	0	1	0	1	1	1	-1	-1	1	0	0	-1	1	1	47.4	95	50	52.6	114	54	0.9566	1.434	-4,556040183	0	evader
PWL90657_1	0	-1	0	0	1	0	0	0	0	0	0	0	-1	-1	0	0	0	0	1	0	0	0	0	1	-1	1	1	-1	-1	1	1	0	1	0	1	1	1	-1	-1	1	0	0	-1	1	1	47.4	95	50	52.6	114	54	0.9589	1.394	NA	NA	NA
EOS52952_1	0	-1	0	0	1	0	0	0	0	0	0	0	-1	-1	-1	0	0	0	1	0	0	0	0	1	-1	1	1	-1	-1	1	1	0	1	0	1	1	1	-1	-1	1	0	0	-1	1	1	42.7	110	61	55.3	114	51	0.9328	1.499	NA	NA	NA
WP_016299106_1	0	-1	0	0	1	0	0	0	0	0	0	0	-1	-1	0	0	0	0	1	0	0	0	0	1	-1	1	1	-1	-1	1	1	0	1	0	1	1	1	-1	-1	1	0	0	-1	1	1	47.8	92	45	51.5	136	64	0.9566	1.531	NA	NA	NA
SFB13736_1	1	-1	0	0	1	0	0	0	0	0	0	0	-1	0	0	0	0	0	1	0	0	0	1	1	-1	1	1	-1	-1	1	1	0	1	0	1	1	1	-1	-1	1	0	0	-1	1	1	48	98	51	55.7	115	51	0.9765	2.209	NA	NA	NA
SFB13753_1	1	-1	0	0	1	0	0	0	0	0	0	0	-1	1	0	0	0	0	1	0	0	0	1	1	-1	1	1	-1	-1	1	1	0	1	0	1	1	1	-1	-1	1	0	0	-1	1	1	46.9	98	52	55.7	115	51	0.967	2.32	NA	NA	NA
SFB13640_1	1	-1	0	0	1	0	0	0	0	0	0	0	-1	1	0	0	0	0	1	0	0	0	1	1	-1	1	1	-1	-1	1	1	0	1	0	1	1	1	-1	-1	1	0	0	-1	1	1	38.3	120	69	50.7	134	64	0.9802	2.189	NA	NA	NA
WP_035634813_1	0	-1	0	0	1	0	0	1	0	0	0	0	0	-1	0	0	0	0	1	0	0	0	0	1	-1	1	1	-1	-1	1	1	0	-1	0	1	1	1	-1	-1	1	0	0	-1	1	0	40.2	117	68	45.3	150	82	0.9636	1.188	NA	NA	NA
WP_027113359_1	0	-1	0	0	1	0	0	1	0	0	0	0	0	-1	0	0	0	0	1	0	0	0	0	1	-1	1	1	-1	-1	1	1	0	-1	0	1	1	1	-1	-1	1	0	0	-1	1	0	41	117	67	47.8	138	72	0.9606	1.15	NA	NA	NA
WP_118444048_1	1	-1	0	0	1	0	0	0	0	0	0	0	-1	-1	0	0	0	0	0	0	0	0	1	1	-1	1	1	-1	-1	1	1	0	0	-1	1	1	0	-1	-1	1	0	0	-1	-1	1	42.1	95	52	43	142	76	0.9389	3.931	NA	NA	NA
WP_117480151_1	1	-1	0	0	1	0	0	0	0	0	0	0	-1	-1	0	0	0	0	0	0	0	0	1	1	-1	1	1	-1	-1	1	1	0	0	-1	1	1	0	-1	-1	1	0	0	-1	-1	1	44.1	102	54	43.7	142	75	0.9424	3.828	-3,140656961	1,853877565	silent
PWM05238_1	1	-1	0	0	1	0	0	0	0	0	0	NA	-1	-1	-1	0	0	0	0	0	0	0	1	1	-1	1	1	-1	-1	1	1	0	0	NA	1	1	1	-1	1	1	0	0	-1	-1	1	48.3	87	45	43.6	149	79	0.9357	4.743	NA	NA	NA
WP_117477877_1	1	-1	0	0	1	0	0	0	0	0	-1	0	-1	0	-1	0	0	0	0	0	0	0	1	1	-1	1	1	-1	-1	1	1	0	1	0	1	1	1	-1	-1	1	0	0	-1	-1	1	47	100	51	44	141	74	0.9447	1.317	NA	NA	NA
CCZ91212_1	1	-1	0	0	1	0	0	0	0	0	-1	1	-1	0	-1	0	0	0	0	0	0	0	1	1	-1	1	1	-1	-1	1	1	0	1	1	1	1	1	-1	-1	1	0	0	-1	-1	1	47	100	48	42.6	141	76	0.9442	3.863	NA	NA	NA
CDD75417_1	1	-1	0	0	1	0	0	0	0	0	-1	0	-1	0	-1	0	0	0	0	0	0	0	1	1	-1	1	1	-1	-1	1	1	0	1	0	1	1	1	-1	-1	1	0	0	-1	-1	1	45	100	50	44.7	141	69	0.8696	4.382	NA	NA	NA
OLA03704_1	1	-1	0	0	1	0	0	0	0	0	1	0	-1	-1	0	0	0	0	0	0	0	0	1	1	-1	1	1	-1	-1	1	1	0	1	-1	1	1	0	-1	-1	1	0	0	-1	-1	1	43.4	106	57	44.4	135	70	0.9463	4.043	NA	NA	NA
WP_027116883_1	1	-1	0	0	1	0	0	0	0	0	0	NA	-1	0	0	0	0	0	0	0	0	0	1	1	-1	1	1	-1	-1	1	1	0	-1	NA	1	1	1	-1	1	1	0	0	-1	-1	1	44.1	118	58	43.7	151	77	0.9548	1.383	NA	NA	NA
WP_027116880_1	1	-1	0	0	1	0	0	0	0	0	0	NA	-1	0	0	0	0	0	0	0	0	0	1	1	-1	1	1	-1	-1	1	1	0	-1	NA	1	1	1	-1	1	1	0	0	-1	-1	1	51.8	83	40	44.2	147	74	0.9242	5.736	NA	NA	NA
OLA01512_1	1	-1	0	0	1	0	0	0	0	0	0	0	-1	-1	0	0	0	0	0	0	0	0	1	1	-1	1	1	-1	-1	1	1	0	0	-1	1	1	0	-1	-1	1	0	0	-1	-1	1	46.5	99	51	44.4	135	70	0.9363	4.136	NA	NA	NA
CDD34730_1	1	-1	0	0	1	0	0	0	0	0	0	NA	-1	1	-1	0	0	0	0	1	0	0	1	1	-1	1	1	-1	-1	1	1	0	0	NA	1	1	1	-1	-1	1	0	1	-1	-1	1	44.1	111	61	39.4	94	49	0.9242	3.017	NA	NA	NA
CCZ90145_1	1	-1	0	0	1	0	0	0	0	0	-1	0	-1	-1	0	0	0	0	0	0	0	0	1	1	-1	1	1	-1	-1	1	1	-1	1	1	1	1	1	-1	-1	1	0	0	-1	-1	1	45.5	99	52	40.5	111	61	0.9291	4.281	NA	NA	NA
CDD34731_1	NA	-1	0	0	1	0	0	0	0	0	0	0	-1	-1	0	0	0	0	0	0	0	NA	NA	1	-1	1	1	-1	-1	1	1	0	0	1	1	1	1	-1	-1	1	0	0	0	NA	NA	48.8	41	19	44.4	142	74	0.9018	4.316	NA	NA	NA
CUQ79390_1	1	-1	0	0	1	0	0	0	0	0	-1	0	0	-1	0	0	0	0	1	0	0	0	1	1	-1	1	1	-1	0	1	1	0	1	0	1	1	1	-1	-1	1	0	0	-1	1	1	31.4	118	79	51.7	116	56	0.923	2.023	NA	NA	NA
WP_090141421_1	1	-1	0	0	1	0	0	0	0	0	-1	0	0	-1	0	0	0	0	1	0	0	0	1	1	-1	1	1	-1	-1	1	1	0	1	0	1	1	1	-1	-1	1	0	0	-1	1	1	32.2	118	78	52.6	116	55	0.9542	3.392	NA	NA	NA
WP_055306475_1	1	-1	0	0	1	0	0	0	0	0	-1	0	0	-1	0	0	0	0	1	0	0	0	1	1	-1	1	1	-1	0	1	1	0	1	0	1	1	1	-1	-1	1	0	0	-1	1	1	32.2	118	78	52.6	116	55	0.975	1.056	NA	NA	NA
CUQ76131_1	1	-1	0	0	1	0	0	0	0	0	-1	0	0	-1	0	0	0	0	1	0	0	0	1	1	-1	1	1	-1	0	1	1	0	1	0	1	1	1	-1	-1	1	0	0	-1	1	1	31.4	118	79	52.6	116	55	0.968	2.92	NA	NA	NA
OLA14460_1	1	-1	0	0	1	0	0	0	0	0	-1	0	0	-1	0	0	0	0	1	0	0	0	1	1	-1	1	1	-1	0	1	1	0	1	0	1	1	1	-1	-1	1	0	0	-1	1	1	32.2	118	78	49.5	107	54	0.9	2.443	NA	NA	NA
WP_116443674_1	1	-1	0	0	1	0	0	0	0	0	-1	0	0	-1	0	0	0	0	1	0	0	0	1	1	-1	1	1	-1	0	1	1	0	1	0	1	1	1	-1	-1	1	0	0	-1	1	1	32.2	118	78	51.7	116	56	0.9759	1.036	NA	NA	NA
SFE28079_1	1	-1	0	0	1	0	0	0	0	0	-1	0	0	-1	0	0	0	0	1	0	0	0	1	1	-1	1	1	-1	0	1	1	0	1	0	1	1	1	-1	-1	1	0	0	-1	1	1	32.2	118	78	51.7	116	56	0.9825	0.8785	NA	NA	NA
WP_118009772_1	1	-1	0	0	1	0	0	0	0	0	-1	0	0	-1	0	0	0	0	1	0	0	0	1	1	-1	1	1	-1	0	1	1	0	1	0	1	1	1	-1	-1	1	0	0	-1	1	1	32.2	118	78	43.3	157	83	0.9586	3.389	NA	NA	NA
OLA17008_1	1	-1	0	0	1	0	0	0	0	0	-1	0	1	-1	0	0	0	0	1	0	0	0	1	1	-1	1	1	-1	0	1	1	0	1	0	1	1	1	-1	-1	1	0	0	-1	1	1	33.1	118	77	52.6	116	55	0.9732	1.087	NA	NA	NA
ACR71439_1	1	-1	0	0	1	0	0	0	0	0	-1	0	0	-1	0	0	0	0	1	0	0	0	1	1	-1	1	1	-1	0	1	1	0	1	0	1	1	1	-1	-1	1	0	0	-1	1	1	41.5	118	67	51.7	116	56	0.9771	2.859	NA	NA	NA
RGT49373_1	1	-1	0	0	1	0	0	0	0	0	-1	0	0	-1	0	0	0	0	1	0	0	0	1	1	-1	1	1	-1	-1	1	1	0	1	0	1	1	1	-1	-1	1	0	0	-1	1	1	56.8	44	19	52.6	116	55	0.9561	3.026	NA	NA	NA
WP_116443853_1	1	-1	0	0	1	0	0	0	0	0	-1	0	0	-1	0	0	0	0	1	0	0	0	1	1	-1	1	1	-1	0	1	1	0	1	0	1	1	1	-1	-1	1	0	0	-1	1	1	43.2	118	65	52.6	116	55	0.9781	0.9871	NA	NA	NA
CUP07122_1	1	-1	0	0	1	0	0	0	0	0	-1	0	0	-1	0	0	0	0	1	0	0	0	1	1	-1	1	1	-1	0	1	1	0	1	0	1	1	1	-1	-1	1	0	0	-1	1	1	32.2	118	78	51.7	116	56	0.9671	1.214	NA	NA	NA
CUQ76808_1	1	-1	0	0	1	0	0	0	0	0	-1	0	0	-1	0	0	0	0	1	0	0	0	1	1	-1	1	1	-1	0	1	1	0	1	0	1	1	1	-1	-1	1	0	0	-1	1	1	44.1	118	64	51.7	116	56	0.9584	1.372	NA	NA	NA
OLA13820_1	1	-1	0	0	1	0	0	0	0	0	-1	0	0	-1	0	0	0	0	1	0	0	0	1	1	-1	1	1	-1	0	1	1	0	1	0	1	1	1	-1	-1	1	0	0	-1	1	1	44.1	118	64	49.4	89	45	0.7803	5.971	NA	NA	NA
WP_118744549_1	1	-1	0	0	1	0	0	0	0	0	-1	0	1	0	0	0	0	0	1	0	0	0	1	1	-1	1	1	-1	0	1	1	0	1	0	1	0	1	-1	-1	1	0	0	-1	1	1	44.9	118	63	44.9	138	76	0.9389	3.089	NA	NA	NA
CDE53771_1	1	NA	NA	NA	NA	0	0	0	0	0	-1	0	0	0	0	0	0	0	1	0	0	0	1	NA	NA	NA	NA	-1	0	1	1	0	1	0	1	0	1	-1	-1	1	0	0	-1	1	1	41.5	118	67	32.7	98	50	NA	NA	NA	NA	NA
RHU74157_1	1	-1	0	0	1	0	0	0	0	0	-1	0	1	0	0	0	0	0	1	0	0	0	1	1	-1	1	1	-1	0	1	1	0	1	0	1	0	1	-1	-1	1	0	0	-1	1	1	46.5	99	53	40.1	172	99	0.9542	2.97	NA	NA	NA
OKZ79265_1	1	-1	0	0	1	0	0	0	0	0	-1	0	1	0	0	0	0	0	1	0	0	0	1	1	-1	1	1	-1	0	1	1	0	1	0	1	0	1	-1	-1	1	0	0	-1	1	1	43.2	118	65	44.9	138	76	0.9459	3.013	-1,169360099	0,21519353	active
RHN03551_1	1	-1	0	0	1	0	0	0	0	0	-1	0	0	0	0	0	0	0	1	0	0	0	1	1	-1	1	1	-1	0	1	1	0	1	0	1	0	1	-1	-1	1	0	0	-1	1	1	43.2	118	65	45.7	138	75	0.947	1.441	NA	NA	NA
CUM89497_1	1	-1	0	0	1	0	0	0	0	0	-1	0	0	0	0	0	0	0	1	0	0	0	1	1	-1	1	1	-1	0	1	1	0	1	0	1	0	1	-1	-1	1	0	0	-1	1	1	43.2	118	65	45.7	138	75	0.942	1.524	NA	NA	NA
OLA56907_1	1	-1	0	0	1	0	0	0	0	0	-1	0	0	0	0	0	0	0	1	0	0	0	1	1	-1	1	1	-1	0	1	1	0	1	0	1	0	1	-1	-1	1	0	0	-1	1	1	43.2	118	65	45.7	138	75	0.9574	1.248	NA	NA	NA
WP_118592386_1	1	-1	0	0	1	0	0	0	0	0	-1	0	0	0	0	0	0	0	1	0	0	0	1	1	-1	1	1	-1	0	1	1	0	1	0	1	0	1	-1	-1	1	0	0	-1	1	1	43.2	118	65	45.7	138	75	0.9424	1.519	NA	NA	NA
CDA57245_1	1	-1	0	0	1	0	0	0	0	0	-1	0	0	0	0	0	0	0	1	0	0	0	1	1	-1	1	1	-1	0	1	1	0	1	0	1	0	1	-1	-1	1	0	0	-1	1	1	43.2	118	65	44.9	138	76	0.9532	1.333	NA	NA	NA
WP_118209300_1	1	-1	0	0	1	0	0	0	0	0	-1	0	0	0	0	0	0	0	1	0	0	0	1	1	-1	1	1	-1	0	1	1	0	1	0	1	0	1	-1	-1	1	0	0	-1	1	1	43.2	118	65	44.9	138	76	0.9434	1.504	NA	NA	NA
EEU99488_1	1	-1	0	0	1	0	0	0	0	0	-1	0	0	0	0	0	0	0	1	0	0	0	1	1	-1	1	1	-1	0	1	1	0	1	0	1	0	1	-1	-1	1	0	0	-1	1	1	44.1	118	64	44.9	138	76	0.9529	1.336	NA	NA	NA
CBL10955_1	1	-1	0	0	1	0	0	0	0	0	-1	0	0	0	0	0	0	0	1	0	0	0	1	1	-1	1	1	-1	0	1	1	0	1	0	1	0	1	-1	-1	1	0	0	-1	1	1	44.1	118	64	44.9	138	76	0.9462	1.456	NA	NA	NA
WP_117920794_1	1	-1	0	0	1	0	0	0	0	0	-1	0	0	0	0	0	0	0	1	0	0	0	1	1	-1	1	1	-1	0	1	1	0	1	0	1	0	1	-1	-1	1	0	0	-1	1	1	44.1	118	64	44.9	138	76	0.9583	1.231	NA	NA	NA
WP_015561565_1	1	-1	0	0	1	0	0	0	0	0	-1	0	0	0	0	0	0	0	1	0	0	0	1	1	-1	1	1	-1	0	1	1	0	1	0	1	0	1	-1	-1	1	0	0	-1	1	1	44.1	118	64	44.9	138	76	0.9506	1.374	NA	NA	NA
RHP21444_1	1	-1	0	0	1	0	0	0	0	0	-1	0	1	0	0	0	0	0	1	0	0	0	1	1	-1	1	1	-1	0	1	1	0	1	0	1	0	1	-1	-1	1	0	0	-1	1	1	44.1	118	64	45.7	138	75	0.9542	1.314	NA	NA	NA
RHG25510_1	1	-1	0	0	1	0	0	0	0	0	-1	0	0	0	0	0	0	0	1	0	0	0	1	1	-1	1	1	-1	0	1	1	0	1	0	1	0	1	-1	-1	1	0	0	-1	1	1	44.1	118	64	45.7	138	75	0.9498	1.392	NA	NA	NA
PWL70826_1	1	-1	0	0	1	0	0	0	0	0	-1	0	-1	0	0	0	0	0	1	0	0	0	1	1	-1	1	1	-1	0	1	1	0	1	0	1	0	1	-1	-1	1	0	0	-1	1	1	44.9	118	63	56	109	48	0.9403	1.681	NA	NA	NA
CDE56217_1	1	-1	0	0	1	0	0	0	0	0	-1	0	0	0	0	0	0	0	1	0	0	0	1	1	-1	1	1	-1	0	1	1	0	1	0	1	0	1	-1	-1	1	0	0	-1	1	1	45.8	118	62	54.1	111	51	0.951	1.507	NA	NA	NA
WP_055142368_1	1	-1	0	0	1	0	0	0	0	0	0	-1	0	-1	0	0	0	0	0	0	0	0	1	1	-1	1	1	-1	-1	1	1	0	0	1	-1	1	-1	-1	-1	1	0	0	-1	1	1	42.2	116	67	47.9	140	71	0.9419	2.989	NA	NA	NA
CBK97362_1	1	-1	0	0	1	0	0	0	0	0	0	-1	0	-1	0	0	0	0	0	0	0	0	1	1	-1	1	1	-1	-1	1	1	0	0	1	-1	1	-1	-1	-1	1	0	0	-1	1	1	43.1	116	66	47.9	140	71	0.9361	3.036	NA	NA	NA
WP_005352454_1	1	-1	0	0	1	0	0	0	0	0	0	-1	0	-1	0	0	0	0	0	0	0	0	1	1	-1	1	1	-1	-1	1	1	0	0	1	-1	1	-1	-1	-1	1	0	0	-1	1	1	43.1	116	66	45.3	170	82	0.9521	2.914	NA	NA	NA
OLA08103_1	1	-1	0	0	1	0	0	0	0	0	0	-1	0	-1	0	0	0	0	0	0	0	0	1	1	-1	1	1	-1	-1	1	1	0	0	1	-1	1	-1	-1	-1	1	0	0	-1	1	1	41.4	116	68	47.9	140	71	0.9552	2.883	NA	NA	NA
CBL33805_1	1	-1	0	0	1	0	0	0	0	0	0	-1	0	-1	0	0	0	0	0	0	0	0	1	1	-1	1	1	-1	-1	1	1	0	0	1	-1	1	-1	-1	-1	1	0	0	-1	1	1	43.1	116	66	47.9	140	71	0.9444	2.972	NA	NA	NA
CDC44420_1	1	-1	0	0	1	0	0	0	0	0	0	-1	0	-1	0	0	0	0	0	0	0	0	1	1	-1	1	1	-1	-1	1	1	0	0	1	-1	1	-1	-1	-1	1	0	0	-1	1	1	44	116	65	47.9	140	71	0.9427	2.98	NA	NA	NA
AWK50932_1	1	-1	0	0	1	0	0	0	0	-1	0	0	1	-1	-1	0	0	0	1	0	0	0	1	1	-1	1	1	-1	-1	1	1	1	1	-1	1	1	1	-1	0	1	0	0	-1	1	1	49	98	50	42.8	159	85	0.9515	1.495	NA	NA	NA
WP_061971900_1	NA	-1	0	0	1	0	0	0	0	-1	0	0	-1	0	-1	0	0	0	1	0	0	0	NA	1	-1	1	1	-1	0	1	1	1	1	0	1	-1	1	-1	1	1	0	0	-1	1	NA	51.5	66	32	50	158	73	0.9541	3.524	NA	NA	NA
PAK44455_1	NA	-1	0	0	1	0	0	0	0	-1	0	0	0	0	0	0	0	0	1	0	0	0	NA	1	-1	1	1	-1	0	1	1	1	1	0	0	1	1	-1	-1	1	0	0	-1	1	NA	40.7	81	48	49.3	134	68	0.9564	1.292	NA	NA	NA
WP_066259193_1	1	-1	0	0	1	0	0	0	0	0	0	0	0	0	0	0	0	0	1	0	0	0	1	1	-1	1	1	-1	-1	1	1	0	0	0	0	1	1	-1	-1	1	0	0	-1	0	1	57.8	90	38	48.4	153	79	0.9308	1.702	NA	NA	NA
EJP20235_1	1	-1	0	0	1	0	0	0	0	-1	0	1	1	0	0	0	0	0	1	0	0	0	1	1	-1	1	1	-1	0	1	1	1	1	1	1	1	1	0	0	1	0	0	-1	0	1	48.5	99	51	41.3	179	96	0.9552	1.817	NA	NA	NA
WP_079652831_1	1	-1	0	0	1	0	0	0	0	-1	0	1	1	0	0	0	0	0	1	0	0	0	1	1	-1	1	1	-1	0	1	1	1	1	1	1	1	1	0	0	1	0	0	-1	0	1	49.5	99	50	41.7	175	93	0.9577	1.809	NA	NA	NA
WP_028511338_1	0	-1	0	0	1	0	0	1	0	0	0	-1	-1	-1	0	0	0	-1	0	0	0	0	0	1	-1	1	1	-1	-1	1	1	0	0	1	1	1	1	-1	-1	1	0	0	-1	1	1	46.5	99	53	38.3	149	78	0.8788	2.523	NA	NA	NA
WP_051589083_1	0	-1	0	0	1	0	0	1	0	0	0	-1	-1	0	0	0	0	-1	0	0	0	0	0	1	-1	1	1	-1	-1	1	1	0	0	1	1	1	1	-1	-1	1	0	0	-1	1	1	48.5	99	51	36.6	161	82	0.8312	3.038	NA	NA	NA
WP_044976927_1	0	-1	0	0	1	0	0	1	0	0	0	1	-1	0	0	0	0	0	1	0	0	0	0	1	-1	0	1	-1	-1	1	1	0	-1	1	1	1	1	-1	1	1	0	0	-1	0	0	46.5	99	53	40.7	135	80	0.9196	3.315	NA	NA	NA
WP_058295517_1	1	-1	0	1	1	0	0	0	0	0	0	0	1	0	0	0	0	0	1	0	0	0	1	1	-1	0	1	-1	-1	1	1	0	-1	0	1	1	1	-1	-1	1	0	0	-1	0	1	38.7	111	68	39.3	178	102	0.9436	3.014	NA	NA	NA
ENZ67575_1	0	-1	0	1	1	0	0	0	0	0	0	0	-1	0	0	0	0	-1	1	0	1	0	0	1	-1	0	1	-1	-1	1	1	0	0	0	1	-1	1	-1	-1	1	0	0	0	0	0	38.5	109	67	40.7	162	84	0.9041	3.197	NA	NA	NA
WP_002594942_1	0	-1	0	1	1	0	0	0	0	0	0	0	-1	0	0	0	0	-1	1	0	1	0	0	1	-1	0	1	-1	-1	1	1	0	0	0	1	-1	1	-1	-1	1	0	0	0	0	0	39.4	109	66	40.7	162	84	0.9043	3.206	NA	NA	NA
WP_027640936_1	0	-1	0	0	1	0	0	0	0	0	0	-1	0	0	-1	0	0	0	1	0	0	0	0	1	-1	1	1	-1	-1	1	1	0	0	1	-1	1	1	-1	0	-1	0	0	1	1	0	39.4	104	63	37.7	183	101	0.9374	2.247	NA	NA	NA
OXE71299_1	0	-1	0	0	1	0	0	0	0	0	0	-1	0	0	-1	0	0	0	1	0	0	0	0	1	-1	1	1	-1	-1	1	1	0	0	1	-1	1	1	-1	0	-1	0	0	1	1	0	39.4	104	63	37.7	183	101	0.909	3.9	NA	NA	NA
EHF06235_1	0	-1	0	0	1	0	0	0	0	0	0	-1	0	0	-1	0	0	0	1	0	0	0	0	1	-1	1	1	-1	-1	1	1	0	0	1	-1	1	1	-1	0	-1	0	0	1	1	0	39.4	104	63	39.9	163	85	0.9056	3.937	NA	NA	NA
ENZ46697_1	0	-1	0	0	1	0	0	0	0	0	0	0	0	0	0	0	0	0	1	0	0	0	0	1	-1	1	1	-1	-1	1	1	0	0	0	0	-1	1	-1	0	-1	0	0	0	1	0	43.4	106	60	42.4	158	77	0.9235	2.907	NA	NA	NA
WP_117626668_1	0	-1	0	0	1	0	0	0	0	0	0	0	0	0	0	0	0	0	1	0	0	0	0	1	-1	1	1	-1	-1	1	1	0	0	0	0	-1	1	-1	0	-1	0	0	0	1	0	44.2	104	58	42.4	158	77	0.9187	2.955	NA	NA	NA
RHB38780_1	0	-1	0	0	1	0	0	0	0	0	0	0	0	0	0	0	0	0	1	0	0	0	0	1	-1	1	1	-1	-1	1	1	0	0	0	0	-1	1	-1	0	-1	0	0	1	1	0	42.5	106	61	41.5	164	82	0.9162	2.982	NA	NA	NA
RGC29308_1	0	-1	0	0	1	0	0	0	0	0	0	0	0	0	0	0	0	0	1	0	0	0	0	1	-1	1	1	-1	-1	1	1	0	0	0	0	-1	1	-1	0	-1	0	0	1	1	0	42.5	106	61	41.8	158	78	0.9171	2.98	NA	NA	NA
WP_025482419_1	0	-1	0	0	1	0	0	0	0	0	0	0	0	0	0	0	0	0	1	0	0	0	0	1	-1	1	1	-1	-1	1	1	0	0	0	0	-1	1	-1	0	-1	0	0	1	1	0	39.7	116	70	42.1	159	77	0.9189	2.966	NA	NA	NA
WP_117551770_1	0	-1	0	0	1	0	0	1	0	0	0	-1	0	-1	1	0	0	0	1	0	1	0	0	1	-1	1	1	-1	-1	1	1	0	0	1	-1	1	0	-1	-1	0	0	0	0	1	0	36.1	108	69	36.7	166	86	0.9305	3.628	NA	NA	NA
WP_066544299_1	0	-1	0	0	1	0	0	1	0	0	0	-1	0	-1	0	0	0	0	1	0	1	0	0	1	-1	1	1	-1	-1	1	1	0	0	1	-1	1	1	-1	-1	0	0	0	0	1	0	38	108	67	36.6	164	87	0.9489	2.204	NA	NA	NA
WP_118533018_1	0	-1	0	0	1	0	0	1	0	0	0	-1	0	-1	0	0	0	0	1	0	1	0	0	1	-1	1	1	-1	-1	1	1	0	0	1	-1	1	1	-1	-1	0	0	0	0	1	0	37	108	68	36.6	164	87	0.9401	3.592	NA	NA	NA
WP_117566846_1	0	-1	0	0	1	0	0	1	0	0	0	-1	0	0	0	0	0	0	1	0	1	0	0	1	-1	1	1	-1	-1	1	1	0	0	1	-1	1	1	-1	-1	0	0	0	0	1	0	36.1	108	69	36.7	166	86	0.9339	3.605	NA	NA	NA
SCH80763_1	0	-1	0	0	1	0	0	1	0	0	0	-1	0	-1	0	0	0	0	1	0	1	0	0	1	-1	1	1	-1	-1	1	1	0	0	1	-1	1	1	-1	-1	0	0	0	0	1	0	36.1	108	69	38	166	84	0.9361	3.568	NA	NA	NA
RGE11251_1	0	-1	0	0	1	0	0	1	0	0	0	-1	0	-1	1	0	0	0	1	0	1	0	0	1	-1	1	1	-1	-1	1	1	0	0	1	-1	1	0	-1	-1	0	0	0	0	1	0	36.1	108	69	37.3	169	87	0.93	3.635	NA	NA	NA
CBL40882_1	0	-1	0	0	1	0	0	1	0	0	0	-1	0	-1	0	0	0	0	1	0	1	0	0	1	-1	1	1	-1	-1	1	1	0	0	1	-1	1	1	-1	-1	0	0	0	0	1	0	36.1	108	69	38.3	167	86	0.9484	2.193	NA	NA	NA
EOS69917_1	1	-1	0	0	1	0	0	0	0	0	0	0	0	0	0	0	0	0	1	0	0	0	1	1	-1	1	1	-1	-1	1	1	0	0	1	0	0	1	-1	-1	1	0	0	-1	1	1	50	116	58	42.3	78	40	0.8413	2.7	NA	NA	NA
WP_016224567_1	1	-1	0	0	1	0	0	0	0	0	0	0	0	-1	0	0	0	0	1	0	0	0	1	1	-1	1	1	-1	-1	1	1	0	0	1	0	1	1	-1	-1	1	0	0	-1	1	1	48.3	116	60	50	134	65	0.9761	1.031	NA	NA	NA
EOS69905_1	1	-1	0	0	1	0	0	0	0	0	0	0	0	-1	0	0	0	0	1	0	0	0	1	1	-1	1	1	-1	-1	1	1	0	0	0	0	1	1	-1	-1	1	0	0	-1	1	1	47.4	116	61	44	91	46	0.8655	4.011	NA	NA	NA
WP_016224560_1	1	-1	0	0	1	0	0	0	0	0	0	0	0	0	0	0	0	0	1	0	0	0	1	1	-1	1	1	-1	-1	1	1	0	0	1	0	0	1	-1	-1	1	0	0	-1	1	1	47.4	116	61	48.3	60	31	0.877	2.159	NA	NA	NA
ESL14290_1	1	-1	0	0	1	0	0	0	0	0	0	0	1	0	0	0	0	0	1	0	0	0	1	1	-1	1	1	-1	-1	1	1	0	0	1	1	-1	-1	-1	-1	1	0	0	1	1	1	45.2	115	63	43.9	123	68	0.932	3.17	NA	NA	NA
WP_016322793_1	1	-1	0	0	1	0	0	0	0	0	0	-1	1	-1	0	0	0	0	1	0	0	0	1	1	-1	1	1	-1	-1	1	1	0	0	1	1	1	1	-1	0	1	0	0	-1	1	1	47.1	104	55	40.9	154	88	0.9623	1.321	NA	NA	NA
WP_016324389_1	1	-1	0	0	1	0	0	0	0	0	0	-1	1	0	0	0	0	0	1	0	0	0	1	1	-1	1	1	-1	-1	1	1	0	0	1	1	1	1	-1	0	1	0	0	-1	1	1	35.7	115	74	40.1	167	85	0.9418	3.111	NA	NA	NA
EOS64290_1	1	-1	0	0	1	0	0	0	0	0	0	-1	1	0	0	0	0	0	1	0	0	0	1	1	-1	1	1	-1	-1	1	1	0	0	1	1	1	1	-1	0	1	0	0	-1	1	1	35.7	115	74	40.1	167	85	0.9406	3.119	NA	NA	NA
WP_016321424_1	1	-1	0	0	1	0	0	0	0	0	0	0	1	-1	0	0	0	0	1	0	0	0	1	1	-1	1	1	-1	-1	1	1	0	0	1	1	1	1	-1	0	1	0	0	-1	1	1	33.9	115	76	46.2	132	70	0.9535	3.022	NA	NA	NA
WP_081643469_1	1	-1	0	0	1	0	0	0	0	0	0	-1	0	-1	0	0	0	0	1	0	0	0	1	1	-1	1	1	-1	-1	1	1	0	0	1	-1	1	-1	-1	-1	1	0	0	-1	1	1	47.4	116	61	53.3	122	57	0.706	1.174	NA	NA	NA
WP_024292877_1	1	-1	0	0	1	0	0	0	0	0	0	0	1	0	0	0	0	0	1	0	0	0	1	1	-1	1	1	-1	-1	1	1	0	0	1	1	1	0	-1	-1	1	0	0	-1	1	1	48.7	115	59	45	140	74	0.9765	1.051	NA	NA	NA
PPK82991_1	1	-1	0	0	1	0	0	0	0	0	0	0	1	0	0	0	0	0	1	0	0	0	1	1	-1	1	1	-1	-1	1	1	-1	0	1	1	0	0	-1	-1	1	0	0	-1	1	1	47.8	115	60	48.4	122	62	0.9267	1.895	NA	NA	NA
RGZ90314_1	0	-1	0	0	1	0	0	0	0	-1	0	0	0	-1	-1	0	0	0	0	0	-1	0	0	1	-1	1	1	-1	-1	1	0	1	0	0	0	1	1	-1	-1	1	0	-1	1	0	-1	59.1	115	47	36.6	161	99	0.9761	0.8364	-0,597858165	2,94530764	active
CBK92329_1	0	-1	0	0	1	0	0	0	0	-1	0	0	0	-1	-1	0	0	0	0	0	-1	0	0	1	-1	1	1	-1	-1	1	0	1	0	0	0	1	1	-1	-1	1	0	-1	1	0	-1	59.1	115	47	37.3	161	98	0.9762	0.8283	-0,657653706	2,965642392	active
WP_055224501_1	0	-1	0	0	1	0	0	0	0	-1	0	0	0	-1	-1	0	0	0	0	0	-1	0	0	1	-1	1	1	-1	-1	1	0	1	0	0	0	1	1	-1	-1	1	0	-1	1	0	-1	59.1	115	47	37.3	161	98	0.9733	0.9089	NA	NA	NA
CBK91820_1	0	-1	0	0	1	0	0	0	0	-1	0	0	0	-1	-1	0	0	0	0	0	-1	0	0	1	-1	1	1	-1	-1	1	0	1	0	0	0	1	1	-1	-1	1	0	-1	1	0	-1	59.1	115	47	37.3	161	98	0.9722	0.9377	NA	NA	NA
WP_118392529_1	0	-1	0	0	1	0	0	0	0	-1	0	0	0	-1	-1	0	0	0	0	0	-1	0	0	1	-1	1	1	-1	-1	1	0	1	0	0	0	1	1	-1	-1	1	0	-1	1	0	-1	59.1	115	47	37.3	161	98	0.9722	0.9327	-0,09902886	3,631229236	active
RGN25659_1	0	-1	0	0	1	0	0	0	0	-1	0	0	0	-1	-1	0	0	0	0	0	-1	0	0	1	-1	1	1	-1	-1	1	0	1	0	0	0	1	1	-1	-1	1	0	-1	1	0	-1	59.1	115	47	37.3	161	98	0.9622	1.192	NA	NA	NA
RGW39946_1	0	-1	0	0	1	0	0	0	0	-1	0	0	0	-1	-1	0	0	0	0	0	-1	0	0	1	-1	1	1	-1	-1	1	0	1	0	0	0	1	1	-1	-1	1	0	-1	1	0	-1	59.1	115	47	36.6	161	99	0.9698	1.002	NA	NA	NA
RGT75551_1	0	-1	0	0	1	0	0	0	0	-1	0	0	0	-1	-1	0	0	0	0	0	-1	0	0	1	-1	1	1	-1	-1	1	0	1	0	0	0	1	1	-1	-1	1	0	-1	1	0	-1	59.1	115	47	37.3	161	98	0.9704	0.9921	-0,583548427	2,498911627	active
WP_117998021_1	0	-1	0	0	1	0	0	0	0	-1	0	0	0	-1	-1	0	0	0	0	0	-1	0	0	1	-1	1	1	-1	-1	1	0	1	0	0	0	1	1	-1	-1	1	0	-1	1	0	-1	59.1	115	47	37.3	161	98	0.9739	0.9002	NA	NA	NA
WP_118372266_1	0	-1	0	0	1	0	0	0	0	-1	0	0	0	-1	-1	0	0	0	0	0	-1	0	0	1	-1	1	1	-1	-1	1	0	1	0	0	0	1	1	-1	-1	1	0	-1	1	0	-1	59.1	115	47	37.3	161	98	0.977	0.8093	NA	NA	NA
WP_117719277_1	0	-1	0	0	1	0	0	0	0	-1	0	0	0	-1	-1	0	0	0	0	0	-1	0	0	1	-1	1	1	-1	-1	1	0	1	0	0	0	1	1	-1	-1	1	0	-1	1	0	-1	59.1	115	47	37.3	161	98	0.9734	0.9109	NA	NA	NA
RGM51729_1	0	-1	0	0	1	0	0	0	0	-1	0	0	0	-1	-1	0	0	0	0	0	-1	0	0	1	-1	1	1	-1	-1	1	0	1	0	0	0	1	1	-1	-1	1	0	-1	1	0	-1	59.1	115	47	37.3	161	98	0.9705	0.9796	NA	NA	NA
RHG23314_1	0	-1	0	0	1	0	0	0	0	-1	0	0	0	-1	-1	0	0	0	0	0	-1	0	0	1	-1	1	1	-1	-1	1	0	1	0	0	0	1	1	-1	-1	1	0	-1	1	0	-1	59.1	115	47	37.3	161	98	0.9723	0.9402	NA	NA	NA
CCZ79617_1	0	-1	0	0	1	0	0	0	0	0	0	0	-1	-1	0	0	0	0	0	0	0	0	0	1	-1	1	1	-1	0	1	1	0	1	0	1	1	1	-1	0	0	0	-1	0	0	1	59	117	48	47.3	129	68	0.9685	1.147	-2,02427243	2,502980824	active
OLA60300_1	0	-1	0	0	1	0	0	0	0	0	0	0	-1	-1	0	0	0	0	0	0	0	0	0	1	-1	1	1	-1	0	1	1	0	1	0	1	1	1	-1	0	0	0	-1	0	0	1	59	117	48	47.3	129	68	0.9689	1.135	NA	NA	NA
WP_055262733_1	0	-1	0	0	1	0	0	0	0	0	0	0	-1	-1	0	0	0	0	0	0	0	0	0	1	-1	1	1	-1	0	1	1	0	1	0	1	1	1	-1	0	0	0	-1	0	0	1	59	117	48	47.3	129	68	0.9764	0.958	NA	NA	NA
CRL36647_1	0	-1	0	0	1	0	0	0	0	0	0	0	-1	-1	0	0	0	0	0	0	0	0	0	1	-1	1	1	-1	0	1	1	0	1	0	1	1	1	-1	0	0	0	-1	0	0	1	59	117	48	47.3	129	68	0.9679	1.16	-1,867615925	2,406123628	active
WP_117830620_1	0	-1	0	0	1	0	0	0	0	0	0	0	-1	-1	0	0	0	0	0	0	0	0	0	1	-1	1	1	-1	0	1	1	0	1	0	1	1	1	-1	0	0	0	-1	0	0	1	59	117	48	43.1	153	85	0.9794	0.8832	-1,742180267	1,674488361	active
OLA77709_1	0	-1	0	0	1	0	0	0	0	0	0	0	1	-1	1	0	0	0	0	0	0	0	0	1	-1	1	1	-1	-1	1	1	0	1	0	1	1	1	-1	-1	0	0	-1	1	0	1	61.1	113	44	42	174	95	0.9699	1.199	-5,728796861	1,572262144	silent
CDA25855_1	0	-1	0	0	1	0	0	0	0	0	0	0	1	-1	1	0	0	0	0	0	0	0	0	1	-1	1	1	-1	-1	1	1	0	1	0	1	1	1	-1	-1	0	0	-1	1	0	1	59.8	117	47	42	174	95	0.9726	1.132	NA	NA	NA
WP_031542518_1	0	-1	0	0	1	0	0	0	0	0	0	0	-1	-1	-1	0	0	0	0	0	-1	0	0	1	-1	1	1	-1	0	1	1	0	1	0	1	1	1	-1	0	1	0	0	1	0	1	55.2	116	52	48.5	134	68	0.976	1.063	-2,795378036	1,793965975	silent
WP_117841879_1	0	-1	0	0	1	0	0	0	0	-1	0	0	0	-1	-1	0	0	-1	0	0	0	0	0	1	-1	1	1	-1	0	1	0	1	1	0	1	1	1	-1	-1	1	0	0	-1	0	1	69	116	36	47	134	71	0.991	0.6227	-3,187216188	1,239309827	silent
WP_118057603_1	0	-1	0	0	1	0	0	0	0	-1	0	0	0	-1	-1	0	0	-1	0	0	0	0	0	1	-1	1	1	-1	0	1	0	1	1	0	1	1	1	-1	-1	1	0	0	-1	0	1	69	116	36	47	134	71	0.9902	0.6546	-1,868276684	1,398035242	active
CDC13483_1	0	-1	0	0	1	0	0	0	0	-1	0	0	0	-1	-1	0	0	-1	0	0	0	0	0	1	-1	1	1	-1	0	1	0	1	1	0	1	1	1	-1	-1	1	0	0	-1	0	1	69	116	36	47	134	71	0.9922	0.5815	NA	NA	NA
RGF42798_1	0	-1	0	0	1	0	0	0	0	-1	0	0	0	-1	-1	0	0	-1	0	0	0	0	0	1	-1	1	1	-1	0	1	0	1	1	0	1	1	1	-1	-1	1	0	0	-1	0	1	69	116	36	47	134	71	0.9912	0.62	NA	NA	NA
RGG47594_1	0	-1	0	0	1	0	0	0	0	-1	0	0	0	-1	-1	0	0	-1	0	0	0	0	0	1	-1	1	1	-1	0	1	0	1	1	0	1	1	1	-1	-1	1	0	0	-1	0	1	69	116	36	47.8	134	70	0.9884	0.7165	NA	NA	NA
RGF56743_1	0	-1	0	0	1	0	0	0	0	-1	0	0	0	-1	-1	0	0	-1	0	0	0	0	0	1	-1	1	1	-1	0	1	0	1	1	0	1	1	1	-1	-1	1	0	0	-1	0	1	69	116	36	47	134	71	0.9929	0.5561	NA	NA	NA
WP_075680391_1	0	-1	0	0	1	0	0	0	0	-1	0	0	-1	-1	0	0	0	0	0	0	0	0	0	1	-1	1	1	-1	0	1	0	1	0	0	1	1	-1	-1	0	1	0	-1	-1	0	1	67.2	116	38	43.8	144	79	0.9735	0.9147	-3,597896394	1,754668489	silent
WP_055193362_1	0	-1	0	0	1	0	0	0	0	-1	0	0	1	0	0	0	0	0	0	0	0	0	1	1	-1	1	1	-1	0	1	0	1	-1	0	1	0	0	-1	0	1	0	0	-1	0	0	77.2	114	26	44.2	154	82	0.9847	0.835	-2,433818874	2,607542762	silent
RHM07267_1	0	-1	0	0	1	0	0	0	0	-1	0	0	1	0	0	0	0	0	0	0	0	0	1	1	-1	1	1	-1	0	1	0	1	-1	0	1	0	0	-1	0	1	0	0	-1	0	0	77.2	114	26	44.2	154	82	0.9721	1.165	NA	NA	NA
EEV02820_1	0	-1	0	0	1	0	0	0	0	-1	0	0	1	0	0	0	0	0	0	0	0	0	1	1	-1	1	1	-1	0	1	0	1	-1	0	1	0	0	-1	0	1	0	0	-1	0	0	77.2	114	26	43.5	154	83	0.9397	0.9004	NA	NA	NA
RHN06330_1	0	-1	0	0	1	0	0	0	0	-1	0	0	1	0	0	0	0	0	0	0	0	0	1	1	-1	1	1	-1	0	1	0	1	-1	0	1	0	0	-1	0	1	0	0	-1	0	0	76.3	114	27	44.2	154	82	0.9835	0.8689	-3,846857599	0,722738968	silent
RHC18549_1	0	-1	0	0	1	0	0	0	0	-1	0	0	1	0	0	0	0	0	0	0	0	0	1	1	-1	1	1	-1	0	1	0	1	-1	0	1	0	0	-1	0	1	0	0	-1	0	0	77.2	114	26	43.5	154	83	0.9841	0.853	NA	NA	NA
CDA55210_1	0	-1	0	0	1	0	0	0	0	-1	0	0	1	0	0	0	0	0	0	0	0	0	1	1	-1	1	1	-1	0	1	0	1	-1	0	1	0	0	-1	0	1	0	0	-1	0	0	77.2	114	26	43.5	154	83	0.9845	0.8414	NA	NA	NA
OLA54098_1	0	-1	0	0	1	0	0	0	0	-1	0	0	1	0	0	0	0	0	0	0	0	0	1	1	-1	1	1	-1	0	1	0	1	-1	0	1	0	0	-1	0	1	0	0	-1	0	0	77.2	114	26	44.2	154	82	0.9876	0.7448	NA	NA	NA
RHG26511_1	0	-1	0	0	1	0	0	0	0	-1	0	0	1	0	0	0	0	0	0	0	0	0	1	1	-1	1	1	-1	0	1	0	1	-1	0	1	0	0	-1	0	1	0	0	-1	0	0	77.2	114	26	43.5	154	83	0.9819	0.9119	NA	NA	NA
CBL13527_1	0	-1	0	0	1	0	0	0	0	-1	0	0	1	0	0	0	0	0	0	0	0	0	1	1	-1	1	1	-1	0	1	0	1	-1	0	1	0	0	-1	0	1	0	0	-1	0	0	77.2	114	26	43.5	154	83	0.9828	0.882	NA	NA	NA
WP_118591627_1	0	-1	0	0	1	0	0	0	0	-1	0	0	1	0	0	0	0	0	0	0	0	0	1	1	-1	1	1	-1	0	1	0	1	-1	0	1	0	0	-1	0	1	0	0	-1	0	0	77.2	114	26	43.5	154	83	0.9849	0.8278	-3,749904599	0,859356023	silent
WP_118209975_1	0	-1	0	0	1	0	0	0	0	-1	0	0	1	0	0	0	0	0	0	0	0	0	1	1	-1	1	1	-1	0	1	0	1	-1	0	1	0	0	-1	0	1	0	0	-1	0	0	77.2	114	26	43.5	154	83	0.9828	0.8964	NA	NA	NA
RGX91734_1	0	-1	0	0	1	0	0	0	0	-1	0	0	1	0	0	0	0	0	0	0	0	0	1	1	-1	1	1	-1	0	1	0	1	-1	0	1	0	0	-1	0	1	0	0	-1	0	0	77.2	114	26	43.5	154	83	0.976	1.063	-3,601205268	0,864662002	silent
WP_014081191_1	0	-1	0	0	1	0	0	0	0	-1	0	0	1	0	0	0	0	-1	0	0	0	0	1	1	-1	1	1	-1	0	1	0	1	-1	0	1	0	0	-1	0	1	0	0	0	0	0	100	117	0	47.7	130	67	0.9816	0.9276	-4,010815743	2,813306288	silent
CUN88233_1	0	-1	0	0	1	0	0	0	0	-1	0	0	1	0	0	0	0	-1	0	0	0	0	1	1	-1	1	1	-1	0	1	0	1	-1	0	1	0	0	-1	0	1	0	0	0	0	0	98.3	117	2	47.7	130	67	0.9877	0.7542	NA	NA	NA
RGS38368_1	0	-1	0	0	1	0	0	0	0	-1	0	0	1	0	0	0	0	-1	0	0	0	0	1	1	-1	1	1	-1	0	1	0	1	-1	0	1	0	0	-1	0	1	0	0	0	0	0	98.3	117	2	46.2	130	69	0.9566	1.505	-3,05975113	2,529729261	silent
EEG95358_1	0	-1	0	0	1	0	0	0	0	0	0	0	-1	-1	0	0	0	-1	0	0	0	0	0	1	-1	1	1	-1	0	1	1	0	1	0	1	1	-1	-1	0	1	0	-1	0	0	1	77.8	117	26	47	134	71	0.9566	1.5	-2,726659001	0,276215805	silent
CUN28412_1	0	-1	0	0	1	0	0	0	0	0	0	0	-1	-1	0	0	0	-1	0	0	0	0	0	1	-1	1	1	-1	0	1	1	0	1	0	1	1	-1	-1	0	1	0	-1	0	0	1	77.8	117	26	47	134	71	0.9755	1.072	NA	NA	NA
WP_118582665_1	0	-1	0	0	1	0	0	0	0	0	0	0	-1	-1	0	0	0	-1	0	0	0	0	0	1	-1	1	1	-1	0	1	1	0	1	0	1	1	-1	-1	0	1	0	-1	0	0	1	77.8	117	26	47	134	71	0.9772	1.026	NA	NA	NA
RHE92765_1	0	-1	0	0	1	0	0	0	0	0	0	0	-1	-1	0	0	0	-1	0	0	0	0	0	1	-1	1	1	-1	0	1	1	0	1	0	1	1	-1	-1	0	1	0	-1	0	0	1	77.8	117	26	47	134	71	0.9754	1.067	-2,100232626	0	evader
WP_055040199_1	0	-1	0	0	1	0	0	0	0	0	0	0	-1	-1	0	0	0	-1	0	0	0	0	0	1	-1	1	1	-1	0	1	1	0	1	0	1	1	-1	-1	0	1	0	-1	0	0	1	77.8	117	26	47	134	71	0.9716	1.167	-2,242228047	0,971829586	silent
RHF86582_1	0	-1	0	0	1	0	0	0	0	0	0	0	-1	-1	0	0	0	-1	0	0	0	0	0	1	-1	1	1	-1	0	1	1	0	1	0	1	1	-1	-1	0	1	0	-1	0	0	1	76.9	117	27	39.5	177	104	0.976	1.065	-2,591874822	0,200673463	silent
RGQ46029_1	0	-1	0	0	1	0	0	0	0	0	0	0	-1	-1	0	0	0	-1	0	0	0	0	0	1	-1	1	1	-1	0	1	1	0	1	0	1	1	-1	-1	0	1	0	-1	0	0	1	77.8	117	26	47	134	71	0.9462	1.763	-2,3045877	0,673561247	silent
WP_055300807_1	0	-1	0	0	1	0	0	0	0	0	0	0	-1	-1	0	0	0	-1	0	0	0	0	0	1	-1	1	1	-1	0	1	1	0	1	0	1	1	-1	-1	0	1	0	-1	0	0	1	76.9	117	27	39.5	177	104	0.9784	0.9998	-2,714491602	2,10761489	silent
EOS42381_1	1	-1	0	0	1	0	0	0	0	-1	0	0	0	0	0	0	0	0	0	0	0	0	1	1	-1	1	1	-1	0	1	1	1	1	-1	-1	0	0	-1	0	1	0	-1	-1	0	1	65.5	116	40	52.8	144	66	0.9849	0.8256	NA	NA	NA
WP_016285522_1	1	-1	0	0	1	0	0	0	0	-1	0	0	0	0	0	0	0	0	0	0	0	0	1	1	-1	1	1	-1	0	1	1	1	1	-1	-1	0	0	-1	0	1	0	-1	-1	0	1	64.7	116	41	50.6	156	75	0.9856	0.8128	NA	NA	NA
WP_016216409_1	1	-1	0	0	1	0	0	0	0	0	0	0	0	0	0	0	0	0	0	0	0	0	1	1	-1	1	1	-1	0	1	1	1	0	0	-1	0	0	-1	0	1	0	-1	-1	0	1	60.3	116	46	49.6	135	67	0.9902	0.6531	NA	NA	NA
WP_075721838_1	1	-1	0	0	1	0	0	0	0	-1	0	0	0	0	0	0	0	0	0	0	0	0	1	1	-1	1	1	-1	0	1	1	1	1	0	-1	0	0	-1	0	1	0	-1	-1	0	1	63.8	116	42	50.6	154	76	0.9823	2.511	NA	NA	NA
WP_090174618_1	1	-1	0	0	1	0	0	0	0	-1	0	0	0	0	0	0	0	-1	0	0	0	0	1	1	-1	1	1	-1	-1	1	1	1	1	0	-1	0	-1	-1	0	1	0	0	-1	0	1	62.4	117	44	51.3	152	72	0.9667	1.243	NA	NA	NA
WP_027432858_1	1	-1	0	0	1	0	0	0	0	-1	0	0	0	0	0	0	0	-1	1	0	0	0	1	1	-1	1	1	-1	-1	1	1	1	1	0	0	0	0	-1	0	1	0	0	-1	0	1	61.2	116	45	47.3	148	76	0.9716	1.142	NA	NA	NA
SEI80456_1	1	-1	0	0	1	0	0	0	0	-1	0	0	0	0	0	0	0	-1	1	0	0	0	1	1	-1	1	1	-1	-1	1	1	1	1	0	0	0	0	-1	0	1	0	0	-1	0	1	61.2	116	45	47.3	148	76	0.9686	1.222	NA	NA	NA
WP_090144692_1	1	-1	0	0	1	0	0	0	0	0	0	0	1	0	0	0	0	0	0	0	0	0	1	1	-1	1	1	-1	0	1	1	0	-1	0	1	0	1	-1	0	0	0	0	-1	0	1	56.9	116	50	51.2	129	63	0.972	1.168	NA	NA	NA
RHQ01143_1	1	-1	0	0	1	0	0	0	0	0	0	0	0	0	0	0	0	-1	0	0	0	0	1	1	-1	1	1	-1	-1	1	1	0	1	0	-1	-1	0	-1	0	1	0	0	-1	0	1	63.8	116	42	44.9	147	79	0.9669	1.289	NA	NA	NA
RHO33337_1	1	-1	0	0	1	0	0	0	0	0	0	0	0	0	0	0	0	-1	0	0	0	0	1	1	-1	1	1	-1	-1	1	1	0	1	0	-1	-1	0	-1	0	1	0	0	-1	0	1	63.8	116	42	44.9	147	79	0.9711	1.184	NA	NA	NA
SEA48054_1	1	-1	0	0	1	0	0	0	0	0	0	0	1	0	0	0	0	-1	1	0	0	0	1	1	-1	1	1	-1	0	1	1	0	1	0	1	0	0	-1	0	1	0	0	0	0	1	56	116	51	46.6	148	77	0.9805	0.9275	NA	NA	NA
CDF42232_1	0	-1	0	0	1	0	0	0	0	-1	0	0	0	-1	1	0	0	0	0	0	0	0	0	1	-1	1	1	-1	0	1	1	1	1	0	-1	1	1	-1	0	0	0	0	0	0	1	61.9	113	43	46.7	150	77	0.984	0.8427	-4,289801271	1,631974905	silent
WP_092872173_1	0	-1	0	0	1	0	0	0	0	-1	0	0	1	-1	0	0	0	-1	1	0	0	0	0	1	-1	1	1	-1	-1	1	1	1	1	0	1	1	-1	-1	-1	1	0	-1	-1	1	0	61.2	116	45	51.9	129	62	0.9725	2.91	-6	0	evader
WP_115480276_1	0	-1	0	0	1	0	0	0	0	0	0	0	1	-1	0	0	0	0	1	0	0	0	0	1	-1	1	1	-1	-1	1	1	0	1	0	1	1	1	-1	0	1	0	-1	-1	0	1	56	116	51	47.3	129	68	0.971	1.197	-2,861998477	1,564759597	silent
SCP96375_1	0	-1	0	0	1	0	0	0	0	-1	0	0	0	-1	0	0	0	0	1	0	0	0	0	1	-1	1	1	-1	-1	1	1	1	1	0	-1	1	-1	-1	0	1	0	-1	0	0	1	54.3	116	53	49.3	134	68	0.9708	1.204	-5,430336844	0,444251878	silent
RGF56945_1	0	-1	0	0	1	0	0	0	0	0	0	0	0	-1	0	0	0	0	0	0	0	0	0	1	-1	1	1	-1	0	1	1	0	0	0	1	1	0	-1	0	1	0	-1	-1	0	1	51.3	117	57	49.6	139	69	0.9691	0.9408	-5,159480788	0,007704542	evader
CDD73438_1	0	-1	0	0	1	0	0	0	0	0	0	0	0	-1	0	0	0	0	0	0	0	0	0	1	-1	1	1	-1	0	1	1	0	0	0	1	1	0	-1	0	1	0	-1	-1	0	1	51.3	117	57	51.1	135	65	0.9784	0.9004	NA	NA	NA
CCZ89920_1	0	-1	0	0	1	0	0	0	0	-1	0	0	1	-1	0	0	0	0	0	0	0	0	0	1	-1	1	1	-1	0	1	1	1	1	0	1	1	0	-1	0	1	0	-1	-1	0	1	49.1	116	59	50	134	67	0.9632	1.259	-6	0,246073961	silent
PWM04712_1	0	-1	0	0	1	0	0	0	0	-1	0	0	0	-1	0	0	0	-1	0	0	0	0	0	1	-1	1	1	-1	0	1	1	1	0	0	1	1	-1	-1	0	1	0	-1	0	0	1	52.1	117	56	48.5	134	69	0.9577	1.391	-5,357954517	0,229480201	silent
WP_091687011_1	0	-1	0	0	1	0	0	0	0	0	0	0	0	-1	0	0	0	0	1	0	0	0	0	1	-1	1	1	-1	-1	1	1	0	1	0	-1	1	1	-1	0	1	0	0	-1	1	1	47.4	116	61	53.1	147	68	0.9468	1.615	NA	NA	NA
WP_029502772_1	0	-1	0	0	1	0	0	0	0	0	0	0	1	0	0	0	0	0	1	0	0	0	0	1	-1	1	1	-1	0	1	1	0	1	0	1	1	1	-1	0	1	0	-1	-1	1	1	45	111	61	54.3	129	59	0.9794	0.8699	NA	NA	NA
WP_066713549_1	0	-1	0	0	1	0	0	0	0	0	0	0	0	-1	0	0	0	0	1	0	0	0	0	1	-1	1	1	-1	-1	1	1	0	1	0	-1	1	1	-1	0	1	0	-1	-1	1	1	48.3	116	60	55.8	129	57	0.9742	2.96	NA	NA	NA
WP_058257058_1	0	-1	0	0	1	0	0	0	0	0	0	0	0	-1	0	0	0	0	1	0	0	0	0	1	-1	1	1	-1	-1	1	1	0	0	0	-1	1	1	-1	0	1	0	0	-1	1	1	54.3	116	53	52.2	134	64	0.9646	2.941	-0,358744587	2,553174413	active
CDE45837_1	0	-1	0	0	1	0	0	0	0	-1	0	0	0	-1	0	0	0	-1	1	0	0	0	0	1	-1	1	1	-1	0	1	1	1	1	0	-1	1	1	-1	0	1	0	-1	-1	1	1	50.9	116	57	50.7	138	68	0.9619	2.377	-0,390978057	1,662732881	active
KSV59214_1	0	-1	0	0	1	0	0	0	0	0	0	0	0	-1	0	0	0	0	1	0	0	0	0	1	-1	1	1	-1	0	1	1	0	1	0	0	1	1	-1	0	1	0	-1	-1	1	1	52.6	116	55	51.8	137	66	0.9759	2.489	-0,633451854	1,329578278	active
WP_073290153_1	0	-1	0	0	1	0	0	0	0	0	0	0	1	-1	0	0	0	0	1	0	0	0	0	1	-1	1	1	-1	-1	1	1	0	1	0	1	1	1	-1	0	1	0	0	-1	1	1	52.6	116	55	49.6	137	69	0.9656	1.182	-1,224783346	1,599835215	active
SET28550_1	0	-1	0	0	1	0	0	0	0	0	0	0	-1	0	0	0	0	0	0	0	0	0	0	1	-1	1	1	-1	0	1	1	0	-1	0	1	1	1	-1	0	1	0	0	-1	1	1	48.3	116	60	51.2	129	63	0.9735	2.51	NA	NA	NA
EFF67400_1	0	-1	0	0	1	0	0	1	0	-1	0	0	0	0	0	0	0	0	0	0	0	0	0	1	-1	1	1	-1	0	1	0	1	1	0	-1	1	1	-1	0	1	0	-1	0	1	-1	53.4	116	54	49.3	140	69	0.9744	3.435	-6	1,021698261	silent
OKZ37889_1	0	-1	0	0	1	0	0	1	0	-1	0	0	0	0	0	0	0	0	0	0	0	0	0	1	-1	1	1	-1	0	1	0	1	1	0	-1	1	1	-1	0	1	0	-1	0	1	-1	52.6	116	55	49.3	140	69	0.9775	3.412	NA	NA	NA
CCY76345_1	0	-1	0	0	1	0	0	1	0	-1	0	0	0	0	0	0	0	0	0	0	0	0	0	1	-1	1	1	-1	0	1	0	1	1	0	-1	1	1	-1	0	1	0	-1	0	1	-1	52.6	116	55	49.3	140	69	0.9783	3.4	-6	2,024700714	silent
CDC36194_1	0	-1	0	0	1	0	0	0	-1	0	0	0	1	-1	0	0	0	0	0	0	0	0	0	1	-1	1	1	-1	-1	1	1	0	0	0	1	1	1	-1	0	1	-1	0	-1	0	-1	55.2	116	52	53.9	141	63	0.9794	0.9774	-2,087977361	2,137552388	silent
CDD66617_1	0	-1	0	0	1	0	0	0	0	-1	0	0	0	-1	0	0	0	0	0	0	0	1	0	1	-1	1	1	-1	-1	1	0	1	1	0	0	1	1	-1	0	1	0	-1	-1	0	1	48.3	116	60	55.3	141	61	0.9735	1.099	NA	NA	NA
WP_004058364_1	0	-1	0	0	1	0	0	0	0	-1	0	0	1	0	0	0	0	-1	0	0	0	0	0	1	-1	1	1	-1	-1	1	1	1	1	0	1	-1	1	-1	0	1	0	-1	-1	0	1	63.2	114	42	43.6	140	77	0.9529	1.552	-6	0	evader
SFG05749_1	0	-1	0	0	1	0	0	0	0	-1	0	0	0	0	0	0	0	0	1	0	0	0	-1	1	-1	1	1	-1	0	1	0	1	1	0	-1	1	1	-1	-1	1	0	-1	1	0	1	62.8	113	42	41.8	134	78	0.969	0.929	-3,67211168	3,26252525	silent
WP_074718906_1	0	-1	0	0	1	0	0	0	0	-1	0	0	0	-1	1	0	0	0	0	0	0	0	-1	1	-1	1	1	-1	-1	1	0	1	1	-1	0	1	1	-1	-1	1	0	-1	-1	0	1	60	115	46	42.5	134	77	0.9654	1.108	-4,614574639	1,132438158	silent
WP_090016620_1	0	-1	0	0	1	0	0	0	0	-1	0	0	-1	0	0	0	0	-1	0	0	0	0	0	1	-1	1	1	-1	-1	1	1	1	0	-1	1	-1	-1	-1	-1	1	-1	0	-1	0	1	57.8	116	49	40.8	174	95	0.9562	1.469	-6	0,062261874	evader
WP_105618991_1	0	-1	0	0	1	0	0	0	0	0	0	0	1	-1	0	0	0	0	0	0	0	0	0	1	-1	1	1	-1	-1	1	1	0	-1	-1	1	1	1	-1	0	1	0	0	-1	1	1	53.4	116	54	56.9	123	53	0.9063	3.518	-3,456831275	0	evader
RGS33867_1	0	-1	0	0	1	0	0	0	0	-1	0	0	1	0	0	0	0	-1	1	0	0	0	0	1	-1	0	1	-1	0	1	1	1	1	0	1	1	1	-1	0	1	0	0	0	1	0	52.6	114	54	53.5	129	60	0.9615	2.599	NA	NA	NA
WP_012740256_1	0	-1	0	0	1	0	0	0	0	-1	0	0	1	0	0	0	0	-1	1	0	0	0	0	1	-1	0	1	-1	0	1	1	1	1	0	1	1	1	-1	0	1	0	0	0	1	0	52.6	114	54	53.5	129	60	0.9604	2.594	NA	NA	NA
RHI64475_1	0	-1	0	0	1	0	0	0	0	-1	0	0	1	-1	0	0	0	-1	1	0	0	0	0	1	-1	0	1	-1	0	1	1	1	1	0	1	1	1	-1	0	1	0	0	0	1	0	48.2	114	59	52.7	129	61	0.9558	2.642	NA	NA	NA
RHC12202_1	0	-1	0	0	1	0	0	0	0	-1	0	0	1	-1	0	0	0	-1	1	0	0	0	0	1	-1	0	1	-1	0	1	1	1	1	0	1	1	1	-1	0	1	0	0	0	1	0	48.2	114	59	52.7	129	61	0.9489	2.712	NA	NA	NA
WP_118344389_1	0	-1	0	0	1	0	0	0	0	-1	0	0	1	-1	0	0	0	-1	1	0	0	0	0	1	-1	0	1	-1	0	1	1	1	1	0	1	1	1	-1	0	1	0	0	0	1	0	48.2	114	59	52.7	129	61	0.955	2.657	NA	NA	NA
RHK43607_1	0	-1	0	0	1	0	0	0	0	-1	0	0	1	-1	0	0	0	-1	1	0	0	0	0	1	-1	0	1	-1	0	1	1	1	1	0	1	1	1	-1	0	1	0	0	0	1	0	48.2	114	59	52.7	129	61	0.9518	2.682	NA	NA	NA
RGW88779_1	0	-1	0	0	1	0	0	0	0	-1	0	0	1	-1	0	0	0	-1	1	0	0	0	0	1	-1	0	1	-1	0	1	1	1	1	0	1	1	1	-1	0	1	0	0	0	1	0	48.2	114	59	52.7	129	61	0.9555	2.647	NA	NA	NA
CDA38946_1	0	-1	0	0	1	0	0	0	0	-1	0	0	1	-1	0	0	0	-1	1	0	0	0	0	1	-1	0	1	-1	0	1	1	1	1	0	1	1	1	-1	0	1	0	0	0	1	0	49.1	114	58	52.7	129	61	0.9507	2.698	NA	NA	NA
RHM11737_1	0	-1	0	0	1	0	0	0	0	-1	0	0	1	-1	0	0	0	-1	1	0	0	0	0	1	-1	0	1	-1	0	1	1	1	1	0	1	1	1	-1	0	1	0	0	0	1	0	49.1	114	58	52.7	129	61	0.9571	2.629	NA	NA	NA
CUP37306_1	0	-1	0	0	1	0	0	0	0	-1	0	0	0	-1	0	0	0	-1	1	0	0	0	0	1	-1	0	1	-1	0	1	1	1	1	0	1	1	1	-1	0	1	0	0	0	1	0	47.4	114	60	46.5	129	69	0.9629	1.246	-6	0	evader
OLA13988_1	0	-1	0	0	1	0	0	0	0	-1	0	0	0	-1	0	0	0	-1	1	0	0	0	0	1	-1	0	1	-1	0	1	1	1	1	0	1	1	1	-1	0	1	0	0	0	1	0	47.4	114	60	46.5	129	69	0.9546	1.419	NA	NA	NA
CDB65654_1	0	-1	0	0	1	0	0	0	0	-1	0	0	0	-1	0	0	0	-1	1	0	0	0	0	1	-1	0	1	-1	0	1	1	1	1	0	1	1	1	-1	0	1	0	0	1	1	0	49.1	114	58	48.8	129	66	0.9713	1.067	NA	NA	NA
CDB68961_1	0	-1	0	0	1	0	0	0	0	-1	0	0	0	-1	0	0	0	-1	1	0	0	0	0	1	-1	0	1	-1	0	1	1	1	1	0	1	1	1	-1	0	1	0	0	0	1	0	48.2	114	59	48.1	129	67	0.9484	2.718	NA	NA	NA
SDN11166_1	0	-1	0	0	1	0	0	0	0	-1	0	0	-1	0	0	0	0	-1	1	0	-1	0	0	1	-1	0	1	-1	0	1	1	1	1	0	1	1	1	-1	0	1	0	0	1	1	0	51.3	113	55	46.5	129	69	0.9482	1.447	NA	NA	NA
WP_027431085_1	0	-1	0	0	1	0	0	0	0	-1	0	0	-1	0	0	0	0	-1	1	0	-1	0	0	1	-1	0	1	-1	0	1	1	1	1	0	1	1	1	-1	0	1	0	0	1	1	0	51.3	113	55	46.5	129	69	0.9382	2.752	NA	NA	NA
WP_027437934_1	0	-1	0	0	1	0	0	0	0	-1	0	0	-1	-1	0	0	0	-1	1	0	0	0	0	1	-1	-1	1	-1	0	1	1	1	1	0	1	1	1	-1	0	1	0	0	0	1	0	52.2	113	54	51.2	129	63	0.9379	2.763	NA	NA	NA
CCX84433_1	0	-1	0	0	1	0	0	0	0	-1	0	0	0	-1	0	0	0	0	1	0	0	0	0	1	-1	0	1	-1	0	1	1	1	1	0	0	1	1	-1	0	1	0	0	1	1	0	48.3	116	60	45.7	129	70	0.952	2.705	-6	0	evader
CDE36883_1	0	-1	0	0	1	0	0	0	0	0	0	0	0	-1	0	0	0	-1	1	0	0	0	0	1	-1	-1	1	-1	0	1	1	0	1	0	0	1	0	-1	0	1	0	0	0	1	0	50.9	114	56	46.7	135	72	0.9698	2.506	-2,607562955	0,332422675	silent
CDD55527_1	0	-1	0	0	1	0	0	0	0	-1	0	0	1	0	0	0	0	-1	1	0	0	0	0	1	-1	0	1	-1	0	1	1	1	1	-1	1	1	0	-1	0	1	0	0	1	1	0	51.8	114	55	46.3	134	72	0.9653	2.507	-5,499539891	1,728093973	silent
WP_008116478_1	0	-1	0	0	1	0	0	0	0	-1	0	0	1	0	0	0	0	-1	1	0	0	0	0	1	-1	0	1	-1	0	1	1	1	1	-1	1	1	0	-1	0	1	0	0	1	1	0	51.8	114	55	46.3	134	72	0.9652	2.512	NA	NA	NA
WP_092454342_1	0	-1	0	0	1	0	0	0	0	-1	0	0	0	-1	0	0	0	0	1	0	0	0	0	1	-1	0	1	-1	0	1	1	1	1	0	1	1	0	-1	0	1	0	0	0	1	1	49.1	116	59	47.7	130	68	0.9629	2.527	NA	NA	NA
CDE55985_1	0	-1	0	0	1	0	0	0	0	-1	0	0	0	0	0	0	0	0	1	0	0	0	0	1	-1	1	1	-1	-1	1	1	1	0	0	0	0	1	-1	0	1	0	0	1	0	0	51.7	116	56	42.3	137	79	0.9512	3.118	NA	NA	NA
CCX89467_1	0	-1	0	0	1	0	0	1	0	-1	0	-1	-1	1	0	0	0	0	1	0	0	0	0	1	-1	-1	1	-1	-1	1	1	1	0	1	1	1	1	-1	0	1	0	0	-1	1	1	46.6	116	62	47	134	71	0.9571	3.054	NA	NA	NA
WP_021984889_1	0	-1	0	0	1	0	0	0	0	-1	0	-1	-1	-1	0	0	0	-1	-1	0	1	0	0	1	-1	0	1	-1	-1	1	1	1	1	1	1	1	0	-1	0	1	1	-1	0	1	1	50.9	114	56	43.9	139	78	0.9635	3.371	-3,315414633	2,157110706	silent
WP_118374225_1	0	-1	0	0	1	0	0	0	0	-1	0	-1	-1	-1	0	0	0	-1	-1	0	1	0	0	1	-1	0	1	-1	-1	1	1	1	1	1	1	1	0	-1	0	1	1	-1	0	1	1	51.8	114	55	43.9	139	78	0.967	3.346	NA	NA	NA
WP_118545770_1	0	-1	0	0	1	0	0	0	0	-1	0	-1	-1	-1	0	0	0	-1	-1	0	1	0	0	1	-1	0	1	-1	-1	1	1	1	1	1	1	1	0	-1	0	1	1	-1	0	1	1	50.9	114	56	43.9	139	78	0.9634	3.386	NA	NA	NA
CDF45578_1	0	-1	0	0	1	0	0	0	0	0	0	0	0	-1	0	0	0	0	1	0	0	0	0	1	-1	1	1	-1	-1	1	1	0	1	-1	-1	1	1	-1	0	-1	0	0	-1	1	0	46.6	116	62	48.5	134	69	0.9852	0.8166	-2,875377787	0,149036345	silent
PWL92797_1	0	-1	0	0	1	0	0	0	0	0	0	0	0	-1	0	0	0	0	1	0	0	0	0	1	-1	1	1	-1	-1	1	1	0	1	-1	-1	1	1	-1	0	-1	0	0	-1	1	0	46.6	116	62	48.5	134	69	0.9867	0.7736	NA	NA	NA
OLA59214_1	0	-1	0	0	1	0	0	0	0	0	0	0	0	-1	0	0	0	0	1	0	0	0	0	1	-1	1	1	-1	-1	1	1	0	1	-1	-1	1	1	-1	0	-1	0	0	-1	1	0	46.6	116	62	48.5	134	69	0.9872	0.7665	NA	NA	NA
RHU62160_1	0	-1	0	0	1	0	0	1	0	0	0	0	-1	1	0	0	0	0	0	0	0	0	0	1	-1	1	1	-1	0	1	1	0	-1	0	1	1	1	-1	-1	1	0	0	-1	0	0	54.3	116	53	44.8	134	74	0.9665	1.267	-1,53919449	2,513661129	active
RHP09176_1	0	-1	0	0	1	0	0	1	0	0	0	0	-1	1	0	0	0	0	0	0	0	0	0	1	-1	1	1	-1	0	1	1	0	-1	0	1	1	1	-1	-1	1	0	0	-1	0	0	54.3	116	53	44.8	134	74	0.9637	1.331	NA	NA	NA
RHT20893_1	0	-1	0	0	1	0	0	1	0	0	0	0	-1	1	0	0	0	0	0	0	0	0	0	1	-1	1	1	-1	0	1	1	0	-1	0	1	1	1	-1	-1	1	0	0	-1	0	0	54.3	116	53	46.3	134	72	0.9652	1.308	NA	NA	NA
CDC99374_1	0	-1	0	0	1	0	0	1	0	0	0	0	-1	1	0	0	0	0	0	0	0	0	0	1	-1	1	1	-1	0	1	1	0	-1	0	1	1	1	-1	-1	1	0	0	-1	0	0	54.3	116	53	44.8	134	74	0.9669	1.252	-1,622212515	1,535249712	active
RHU92598_1	0	-1	0	0	1	0	0	1	0	0	0	0	-1	0	0	0	0	0	0	0	0	0	0	1	-1	1	1	-1	0	1	1	0	-1	0	1	-1	1	-1	-1	1	0	0	-1	0	0	52.6	116	55	46.3	134	72	0.9665	3.178	-2,53879547	0,259545415	silent
OLA53353_1	0	-1	0	0	1	0	0	1	0	0	0	0	-1	0	0	0	0	0	0	0	0	0	0	1	-1	1	1	-1	0	1	1	0	-1	0	1	-1	1	-1	-1	1	0	0	-1	0	0	53.4	116	54	46.3	134	72	0.9553	3.28	-1,879091319	0,663853121	active
SCH11803_1	0	-1	0	0	1	0	0	1	0	0	0	0	-1	0	0	0	0	0	0	0	0	0	0	1	-1	1	1	-1	0	1	1	0	-1	0	1	-1	1	-1	-1	1	0	0	-1	0	0	53.4	116	54	46.3	134	72	0.9628	3.204	NA	NA	NA
CDA99895_1	0	-1	0	0	1	0	0	1	0	0	0	0	-1	0	0	0	0	0	0	0	0	0	0	1	-1	1	1	-1	0	1	1	0	-1	0	1	-1	1	-1	-1	1	0	0	-1	0	0	53.4	116	54	46.3	134	72	0.9549	3.275	-2,727127553	0,303951368	silent
RHP98655_1	0	-1	0	0	1	0	0	1	0	0	0	0	-1	0	0	0	0	0	0	0	0	0	0	1	-1	1	1	-1	0	1	1	0	-1	0	1	-1	1	-1	-1	1	0	0	-1	0	0	53.4	116	54	46.3	134	72	0.9597	3.237	-2,186095837	0,424562591	silent
WP_118551969_1	0	-1	0	0	1	0	0	1	0	0	0	0	0	0	0	0	0	0	0	0	0	0	0	1	-1	1	1	-1	0	1	0	0	-1	0	0	-1	1	-1	-1	1	0	0	-1	0	0	53.4	116	54	44.8	134	74	0.9669	3.172	-2,563877534	0,57003558	silent
SOY27460_1	0	-1	0	0	1	0	0	1	0	0	-1	0	1	0	0	0	0	0	0	0	0	0	0	1	-1	1	1	-1	-1	1	1	0	1	-1	1	1	1	-1	0	1	0	0	-1	0	0	55.2	116	52	37.6	173	108	0.9536	3.386	-6	0	evader
CDF07358_1	0	-1	0	0	1	0	0	1	0	0	0	0	-1	1	0	0	0	0	1	0	0	0	0	1	-1	1	1	-1	-1	1	0	0	-1	0	1	1	1	-1	0	1	0	0	-1	1	0	55.2	116	52	40.3	134	80	0.9838	0.8523	-1,720523535	1,982045168	active
CDD48964_1	0	-1	0	0	1	0	0	1	0	0	0	0	0	0	0	0	0	0	1	0	0	0	0	1	-1	1	1	-1	-1	1	0	0	-1	0	0	0	1	-1	0	1	0	0	-1	0	0	55.3	114	51	40.3	134	80	0.9588	2.874	-3,662425832	0,716066913	silent
WP_016230517_1	0	-1	0	0	1	0	0	1	0	0	0	0	-1	1	0	0	0	0	1	0	0	0	0	1	-1	1	1	-1	-1	1	0	0	-1	0	1	1	1	-1	0	1	0	0	-1	0	0	54.3	116	53	37.7	154	93	0.9859	0.7877	NA	NA	NA
RHV48110_1	0	-1	0	0	1	0	0	1	0	0	0	0	0	0	0	0	0	0	1	0	0	0	0	1	-1	1	1	-1	0	1	0	0	-1	0	1	1	1	-1	0	1	0	0	-1	0	0	57.8	116	49	39.6	134	81	0.9689	1.204	-3,578722278	0,852277846	silent
SCH62551_1	0	-1	0	0	1	0	0	1	0	0	0	0	0	0	0	0	0	0	1	0	0	0	0	1	-1	1	1	-1	0	1	0	0	-1	0	1	1	1	-1	0	1	0	0	-1	0	0	57.8	116	49	39.6	134	81	0.9754	1.059	-3,673735665	0,911611785	silent
WP_031391632_1	0	-1	0	0	1	0	0	1	0	0	0	0	-1	-1	0	0	0	0	1	0	0	0	0	1	-1	1	1	-1	-1	1	0	0	-1	0	1	1	1	-1	0	1	0	0	-1	0	0	50.9	116	57	40.5	131	78	0.9851	0.8156	-6	0,006894581	evader
SCX92535_1	0	-1	0	0	1	0	0	0	0	0	0	0	-1	0	0	0	0	0	1	0	0	0	0	1	-1	1	1	-1	-1	1	1	0	-1	0	1	0	-1	-1	0	1	0	0	0	0	0	50.9	116	57	39.9	153	90	0.9483	3.368	-6	0,052284841	evader
WP_029231470_1	0	-1	0	0	1	0	0	0	0	0	0	0	-1	0	0	0	0	0	1	0	0	0	0	1	-1	1	1	-1	-1	1	1	0	-1	0	1	0	-1	-1	0	1	0	0	0	0	0	50.9	116	57	40.4	151	88	0.9625	1.364	-4,889865383	1,164259272	silent
WP_034445183_1	0	-1	0	0	1	0	0	1	0	0	0	0	-1	0	0	0	0	0	1	0	0	0	0	1	-1	1	1	-1	-1	1	1	0	-1	0	1	0	-1	-1	0	1	0	0	-1	0	0	50.9	116	57	41.8	134	78	0.9714	1.161	-6	0,229910578	silent
WP_024866128_1	0	-1	0	0	1	0	0	0	0	0	0	-1	0	0	0	0	0	0	1	0	0	0	0	1	-1	1	1	-1	-1	1	1	0	-1	1	-1	0	-1	-1	0	1	0	0	-1	1	0	51.7	116	56	41.8	134	78	0.9781	1.008	-1,784188451	1,882396985	active
WP_022777320_1	0	-1	0	0	1	0	0	0	0	-1	0	0	0	0	0	0	0	0	1	0	0	0	0	1	-1	1	1	-1	-1	1	1	1	-1	0	0	0	-1	-1	0	1	0	0	0	0	0	51.7	116	56	42.5	134	77	0.96	1.406	-4,855192546	1,928313542	silent
WP_026517790_1	0	-1	0	0	1	0	0	0	0	-1	0	0	-1	0	0	0	0	0	1	0	0	0	0	1	-1	1	1	-1	-1	1	1	1	-1	0	1	0	-1	-1	0	1	0	0	0	0	0	52.6	116	55	44	134	75	0.966	1.285	-3,06479861	1,495123781	silent
WP_074462912_1	0	-1	0	0	1	0	0	0	0	0	0	0	-1	0	0	0	0	0	1	0	0	0	0	1	-1	1	1	-1	-1	1	1	0	-1	0	1	0	1	-1	0	1	0	0	-1	0	0	58.4	77	32	45.5	134	73	0.9444	1.801	-2,445529127	0,691959366	silent
OLA45146_1	0	-1	0	0	1	0	0	0	0	0	1	0	0	1	-1	0	0	-1	1	0	0	0	0	1	-1	1	1	-1	0	1	0	0	1	0	-1	1	1	0	0	1	0	0	1	0	1	56.1	114	50	42.3	137	79	0.9808	0.9639	-2,303463088	1,563621489	silent
WP_022783963_1	0	-1	0	0	1	0	0	1	0	-1	0	0	0	-1	0	0	0	0	1	0	0	0	0	1	-1	1	1	-1	-1	1	0	1	-1	0	-1	1	1	-1	-1	1	0	1	-1	0	0	49.6	121	54	45.2	155	83	0.962	1.349	NA	NA	NA
CCZ43036_1	0	-1	0	0	1	0	0	0	0	-1	0	0	1	-1	0	0	0	0	0	0	0	0	0	1	-1	1	1	-1	-1	1	1	1	0	0	1	1	1	-1	0	1	0	0	-1	0	1	46.7	122	59	45.4	130	71	0.9628	1.165	-6	0,127527441	silent
WP_055944303_1	0	-1	0	0	1	0	0	0	0	-1	0	0	1	-1	0	0	0	0	0	0	0	0	0	1	-1	1	1	-1	-1	1	1	1	0	0	1	1	1	-1	0	1	0	0	-1	0	1	46.7	122	59	45.4	130	71	0.9662	1.089	NA	NA	NA
OKZ81168_1	0	-1	0	0	1	0	0	0	0	-1	0	0	1	-1	0	0	0	0	0	0	0	0	0	1	-1	1	1	-1	-1	1	1	1	0	0	1	1	1	-1	0	1	0	0	-1	0	1	46.7	122	59	45.4	130	71	0.965	1.119	NA	NA	NA
WP_118744492_1	0	-1	0	0	1	0	0	0	0	-1	0	0	1	-1	0	0	0	0	0	0	0	0	0	1	-1	1	1	-1	-1	1	1	1	0	0	1	1	1	-1	0	1	0	0	-1	0	1	46.7	122	59	45.4	130	71	0.9637	1.146	NA	NA	NA
RHP21408_1	0	-1	0	0	1	0	0	0	0	-1	0	0	1	-1	0	0	0	0	0	0	0	0	0	1	-1	1	1	-1	-1	1	1	1	0	0	1	1	1	-1	0	1	0	0	-1	0	1	46.7	122	59	45.4	130	71	0.9687	1.033	-5,195870774	0,125292395	silent
CDB90263_1	0	-1	0	0	1	0	0	0	0	-1	0	0	-1	-1	0	0	0	0	0	0	0	0	0	1	-1	1	1	-1	-1	1	1	1	0	0	1	1	1	-1	0	1	0	0	-1	0	1	45.1	122	61	46.2	130	70	0.9588	1.247	NA	NA	NA
CDC95742_1	0	-1	0	0	1	0	0	0	0	0	0	0	1	-1	0	0	0	0	0	0	0	0	0	1	-1	1	1	-1	0	1	1	0	0	-1	1	1	1	-1	0	1	-1	0	1	0	1	48.4	122	57	53.2	94	44	0.9733	2.871	NA	NA	NA
WP_118560469_1	0	-1	0	0	1	0	0	0	0	0	0	0	1	-1	0	0	0	0	0	0	0	0	0	1	-1	1	1	-1	0	1	1	0	0	-1	1	1	1	-1	0	1	-1	0	1	0	1	48.4	122	57	53.2	94	44	0.972	2.892	-2,65165844	2,818266779	silent
CDE67975_1	0	-1	0	0	1	0	0	0	0	-1	0	0	1	-1	-1	0	0	0	0	0	0	0	0	1	-1	1	1	-1	-1	1	1	1	0	-1	1	1	1	-1	0	1	0	0	0	0	1	47.5	122	58	49.3	134	68	0.9606	1.405	-6	0	evader
RHV03021_1	0	-1	0	0	1	0	0	0	0	-1	0	0	1	-1	-1	0	0	0	0	0	0	0	0	1	-1	1	1	-1	-1	1	1	1	0	-1	1	1	1	-1	0	1	0	0	0	0	1	47.5	122	58	49.3	134	68	0.9793	0.9902	-6	0	evader
RHV15618_1	0	-1	0	0	1	0	0	0	0	0	0	0	-1	-1	-1	0	0	0	0	0	1	0	0	1	-1	1	1	-1	0	1	1	0	-1	-1	1	1	1	-1	0	1	-1	0	1	0	0	47.5	122	58	47.8	134	70	0.9707	2.883	-4,338694952	0,021843112	evader
CCZ53492_1	0	-1	0	0	1	0	0	0	0	0	0	0	-1	-1	-1	0	0	0	0	0	1	0	0	1	-1	1	1	-1	0	1	1	0	-1	-1	1	1	1	-1	0	1	-1	0	1	0	0	47.5	122	58	47.8	134	70	0.9578	3.001	NA	NA	NA
PWL71449_1	0	-1	0	0	1	0	0	0	0	-1	0	0	1	0	0	0	0	-1	0	0	0	0	0	1	-1	1	1	-1	0	1	0	1	0	-1	1	1	0	-1	0	1	0	0	-1	0	1	43.9	123	63	47.5	122	64	0.9763	0.9498	-5,032177056	0,081914641	evader
CDA85633_1	0	-1	0	0	1	0	0	0	0	-1	0	0	1	0	0	0	0	-1	0	0	0	0	0	1	-1	1	1	-1	0	1	0	1	0	-1	1	1	0	-1	0	1	0	0	-1	0	1	43.9	123	63	47.5	122	64	0.9769	0.932	NA	NA	NA
WP_026881969_1	1	-1	0	0	1	0	0	0	0	-1	0	0	0	0	0	0	0	-1	0	0	0	0	1	1	-1	1	1	-1	-1	1	1	1	1	-1	1	0	1	-1	0	1	0	0	-1	1	1	42.6	101	55	44.3	149	81	0.9496	2.101	NA	NA	NA
KLA45292_1	1	-1	0	0	1	0	0	0	0	0	0	0	1	0	0	0	0	0	1	0	0	0	1	1	-1	0	1	-1	-1	1	1	0	-1	0	1	1	-1	-1	0	1	0	0	-1	0	1	41.4	99	58	47.3	148	72	0.8906	2.922	NA	NA	NA
WP_014073150_1	1	-1	0	0	1	0	0	0	0	0	0	0	1	0	0	0	0	0	1	0	0	0	1	1	-1	0	1	-1	-1	1	1	0	-1	0	1	1	-1	-1	0	1	0	0	-1	0	1	41.4	99	58	43.8	160	89	0.9042	2.785	NA	NA	NA
RGK46215_1	1	-1	0	0	1	0	0	0	0	0	0	0	1	0	0	0	0	0	1	0	0	0	1	1	-1	0	1	-1	-1	1	1	0	-1	0	1	1	-1	-1	0	1	0	0	-1	0	1	41.4	99	58	44.4	160	88	0.8762	3.071	NA	NA	NA
EFZ34977_1	1	-1	0	0	1	0	0	0	0	0	0	0	1	0	0	0	0	0	1	0	0	0	1	1	-1	0	1	-1	-1	1	1	0	-1	0	1	1	-1	-1	0	1	0	0	-1	0	1	41.4	99	58	43.8	160	89	0.7722	2.868	NA	NA	NA
EGM50138_1	1	-1	0	0	1	0	0	0	0	0	0	0	1	0	0	0	0	0	1	0	0	0	1	1	-1	0	1	-1	-1	1	1	0	-1	0	1	1	-1	-1	0	1	0	0	-1	0	1	41.4	99	58	43.8	160	89	0.875	3.082	NA	NA	NA
PFC04532_1	1	-1	0	0	1	0	0	0	0	0	0	0	1	0	0	0	0	0	0	0	0	0	1	1	-1	-1	1	-1	-1	1	1	0	1	0	1	0	-1	-1	0	-1	-1	1	-1	0	1	41.8	98	57	49.3	138	70	0.8902	4.859	NA	NA	NA
Q5Y831_LmFlaA	1	-1	0	0	1	0	0	0	0	0	0	0	0	0	0	0	0	0	0	0	0	0	1	1	-1	1	1	-1	-1	1	1	0	-1	0	-1	0	0	-1	0	-1	0	1	-1	1	1	32.7	98	66	39.7	174	100	0.9626	3.359	-0,6529567	3,2711042	active
EMZ15044_1	1	-1	0	0	1	0	0	0	0	0	0	0	0	0	-1	0	0	0	1	0	0	0	1	1	-1	1	1	-1	0	-1	1	0	0	0	1	1	1	-1	0	1	0	0	-1	1	1	38.8	116	71	40.7	135	80	0.9711	1.14	NA	NA	NA
RHC12840_1	0	-1	0	-1	1	0	0	0	0	-1	0	0	-1	-1	0	0	0	0	1	0	0	0	0	1	-1	1	1	-1	0	1	1	1	1	0	1	1	1	-1	1	-1	0	-1	-1	1	0	26.7	116	85	36	178	108	0.9389	2.97	NA	NA	NA
AEN95291_1	0	-1	0	-1	1	0	0	0	0	-1	0	0	-1	-1	0	0	0	0	1	0	0	0	0	1	-1	1	1	-1	0	1	1	1	1	0	1	1	1	-1	1	1	0	-1	-1	1	0	31.3	115	79	36.5	178	107	0.9316	3.684	NA	NA	NA
CUN69481_1	0	-1	0	-1	1	0	0	0	0	-1	0	0	-1	-1	0	0	0	0	1	0	0	0	0	1	-1	1	1	-1	0	1	1	1	1	0	1	1	1	-1	1	1	0	-1	-1	1	0	31.3	115	79	36.5	178	107	0.945	2.766	NA	NA	NA
EEV02466_1	0	-1	0	-1	1	0	0	0	0	-1	0	0	-1	-1	0	0	0	0	1	0	0	0	0	1	-1	1	1	-1	0	1	1	1	1	0	1	1	1	-1	1	1	0	-1	-1	0	0	NA	NA	NA	36.2	152	91	0.9403	2.863	NA	NA	NA
CDA54472_1	0	-1	0	-1	1	0	0	0	0	-1	0	0	1	-1	0	0	0	0	1	0	0	0	0	1	-1	1	1	-1	0	1	1	1	1	0	1	1	1	-1	1	1	0	-1	-1	0	0	29.3	116	82	34.3	178	111	0.9539	2.938	NA	NA	NA
CUN28632_1	0	-1	0	-1	1	0	0	0	0	-1	0	0	-1	-1	0	0	0	0	1	0	0	0	0	1	-1	1	1	-1	-1	1	1	1	1	0	1	1	1	-1	0	1	0	-1	0	1	0	35.3	116	75	37.7	146	85	0.9504	2.684	NA	NA	NA
CBL07987_1	1	-1	0	-1	1	0	0	0	0	-1	0	0	0	0	0	0	0	0	1	0	0	0	1	1	-1	1	1	-1	0	1	1	1	1	0	0	0	1	-1	0	1	0	-1	-1	0	1	36.2	116	74	39.6	154	87	0.9381	2.815	NA	NA	NA
WP_118413510_1	1	-1	0	-1	1	0	0	0	0	-1	0	0	0	0	0	0	0	0	1	0	0	0	1	1	-1	1	1	-1	0	1	1	1	1	0	0	0	1	-1	0	1	0	-1	-1	0	1	36.2	116	74	39	154	88	0.9255	2.909	NA	NA	NA
CRL36200_1	1	-1	0	0	1	0	0	0	0	-1	0	0	0	-1	0	0	0	0	1	0	1	0	1	1	-1	1	1	-1	0	1	1	1	1	0	1	1	1	-1	1	1	0	0	1	-1	1	44.9	98	54	51.9	104	50	0.9006	3.913	NA	NA	NA
WP_022772301_1	0	-1	0	0	1	0	0	1	0	0	0	0	0	0	1	0	0	0	1	0	0	0	0	1	-1	1	1	-1	-1	1	1	-1	-1	0	-1	1	1	-1	0	1	0	-1	-1	1	1	40.4	114	68	43.8	130	69	0.9517	2.69	NA	NA	NA
SEG32522_1	0	-1	0	0	1	0	0	1	0	-1	0	0	0	-1	1	0	0	0	1	0	0	0	0	1	-1	1	1	-1	-1	1	1	1	-1	0	-1	1	1	-1	0	1	0	0	-1	1	1	37.9	116	72	48.6	109	56	0.945	3.53	NA	NA	NA
SCX88630_1	0	-1	0	0	1	0	0	1	0	-1	0	0	0	-1	1	0	0	0	1	0	0	0	0	1	-1	1	1	-1	-1	1	1	1	-1	1	0	1	1	-1	0	1	0	0	-1	1	1	40.5	116	69	47.5	120	63	0.9678	1.252	NA	NA	NA
WP_029231298_1	0	-1	0	0	1	0	0	1	0	-1	0	0	0	0	1	0	0	0	1	0	0	0	0	1	-1	1	1	-1	-1	1	1	1	-1	0	-1	1	1	-1	0	1	0	0	-1	1	1	39.7	116	70	50	120	60	0.9631	1.333	NA	NA	NA
WP_090302708_1	1	-1	0	0	1	0	0	1	0	0	0	0	-1	-1	0	0	0	0	1	0	0	0	1	1	-1	1	1	-1	0	0	1	0	-1	0	1	1	1	-1	0	1	0	0	-1	1	1	38.6	114	70	43.8	121	68	0.9714	2.206	NA	NA	NA
WP_090395245_1	1	-1	0	0	1	0	0	1	0	0	0	0	-1	-1	0	0	0	0	1	0	0	0	1	1	-1	1	1	-1	0	0	1	0	-1	0	1	1	1	-1	0	1	0	0	-1	1	1	40.4	114	68	46.8	109	58	0.9369	3.917	NA	NA	NA
WP_044939097_1	1	-1	0	0	1	0	0	1	0	0	0	0	-1	-1	0	0	0	0	1	0	0	0	1	1	-1	1	1	-1	0	0	1	0	-1	0	1	1	1	-1	0	1	0	0	-1	1	1	40.4	114	68	45.9	109	59	0.9704	1.423	NA	NA	NA
WP_026660968_1	0	-1	0	1	1	0	0	0	0	0	0	0	1	-1	1	0	0	0	1	0	0	0	0	1	-1	0	1	-1	0	1	1	0	-1	0	1	1	1	-1	0	1	0	0	-1	1	-1	43	114	65	41.9	136	72	0.9397	3.418	NA	NA	NA
WP_026514025_1	0	-1	0	0	1	0	0	1	0	-1	0	0	1	-1	0	0	0	0	1	0	0	0	0	1	-1	1	1	-1	-1	1	1	1	-1	1	1	1	1	-1	1	1	0	0	0	1	1	37.7	114	71	48.1	104	54	0.9438	3.106	NA	NA	NA
WP_027110309_1	0	-1	0	0	1	0	0	0	0	-1	0	0	0	-1	0	0	0	0	1	0	0	0	0	1	-1	1	1	-1	0	1	1	1	1	-1	1	1	1	-1	1	1	0	0	-1	1	1	41.4	116	68	50	120	55	0.938	3.066	NA	NA	NA
SCY53631_1	0	-1	0	0	1	0	0	1	0	0	0	0	0	0	1	0	0	0	1	0	0	0	0	1	-1	1	1	-1	-1	1	1	0	-1	0	-1	0	1	-1	-1	1	0	0	-1	1	1	37.6	109	68	45.5	121	66	0.9478	3.462	NA	NA	NA
SFQ43520_1	0	-1	0	0	1	0	0	1	0	-1	0	0	0	0	1	0	0	0	1	0	0	0	0	1	-1	1	1	-1	-1	1	1	1	-1	0	1	0	1	-1	-1	1	0	0	-1	1	1	40.4	109	65	41.4	128	75	0.9397	3.027	NA	NA	NA
SFN52660_1	1	-1	0	0	1	0	0	0	0	0	0	0	0	-1	1	0	0	0	1	0	0	0	1	1	-1	1	1	-1	-1	1	1	0	-1	0	-1	1	1	-1	-1	1	0	0	-1	1	1	38.9	113	69	45.6	125	68	0.9581	2.519	NA	NA	NA
WP_073390425_1	0	-1	0	0	1	0	0	1	0	-1	0	0	0	1	0	0	0	0	1	0	0	0	0	1	-1	1	1	-1	-1	1	1	1	-1	0	-1	1	1	-1	0	1	0	0	-1	1	1	41.4	116	68	43.9	132	74	0.9542	2.525	NA	NA	NA
EOS35535_1	1	-1	0	0	1	0	0	0	0	0	0	0	0	0	0	0	0	0	1	0	0	0	1	1	-1	1	1	-1	0	1	1	0	0	0	1	1	1	-1	-1	1	0	0	-1	1	1	38.3	115	71	43.7	126	71	0.9458	3.398	NA	NA	NA
SCY50476_1	0	-1	0	1	1	0	0	0	0	-1	0	0	0	-1	-1	0	0	0	1	0	0	0	0	1	-1	1	1	-1	-1	1	1	1	1	0	-1	1	1	-1	0	1	0	0	-1	1	1	44.8	87	48	47.5	122	64	0.972	1.324	NA	NA	NA
WP_022772304_1	0	-1	0	0	1	0	0	1	0	-1	0	0	0	1	1	0	0	0	1	0	0	0	0	1	-1	1	1	-1	-1	1	1	1	-1	-1	1	1	1	-1	-1	1	0	0	-1	1	1	39.8	98	59	44.3	149	75	0.9026	2.592	NA	NA	NA
SCX88652_1	0	-1	0	0	1	0	0	1	0	-1	0	0	0	0	1	0	0	0	1	0	0	0	0	1	-1	-1	1	-1	0	1	1	1	-1	1	-1	1	1	-1	-1	1	0	0	-1	1	1	43.9	98	55	45.5	112	61	0.9731	2.467	NA	NA	NA
SDW60092_1	1	-1	0	1	1	0	0	0	0	0	0	0	1	0	1	0	0	0	1	0	0	0	1	1	-1	0	1	-1	0	1	1	0	1	0	1	-1	0	-1	1	1	0	0	-1	1	1	39.7	116	70	37.1	175	109	0.9649	1.294	NA	NA	NA
OLA60371_1	0	-1	0	0	1	0	0	1	0	0	0	0	0	0	0	0	0	0	1	0	0	0	0	1	-1	1	1	-1	-1	1	1	0	1	0	-1	0	-1	-1	1	1	0	0	-1	1	0	39.1	115	70	44.4	124	69	0.9294	2.731	-6	0	evader
WP_038266926_1	1	-1	0	0	1	0	0	0	0	0	0	0	-1	0	0	0	0	0	1	0	0	0	1	1	-1	1	1	-1	0	1	1	0	0	-1	1	1	1	-1	0	1	0	0	-1	1	1	48	98	51	48.8	121	62	0.9493	3.706	NA	NA	NA
CCY74216_1	1	-1	0	0	1	0	0	-1	0	0	0	0	0	-1	0	0	0	0	1	1	0	0	1	1	-1	1	1	-1	-1	1	1	0	0	1	-1	1	1	-1	-1	1	0	1	-1	1	1	45.9	109	59	47.4	135	69	0.9153	3.634	-3,597956634	0,070288754	evader
CCY20564_1	1	-1	0	0	1	0	0	-1	0	0	0	-1	0	0	0	0	0	0	1	1	0	0	1	1	-1	1	1	-1	-1	1	1	0	0	1	-1	1	1	-1	0	1	0	1	-1	1	1	49	98	50	48.2	139	70	0.9517	2.952	NA	NA	NA
OGO87318_1	1	-1	0	0	1	0	0	0	0	0	0	0	0	0	0	0	0	0	1	0	0	0	1	1	-1	1	1	-1	-1	1	1	0	-1	0	0	0	1	-1	-1	1	0	0	-1	1	1	48.7	115	59	52.2	134	64	0.9621	1.309	NA	NA	NA
CDB90508_1	0	-1	0	0	1	0	0	0	0	-1	0	0	0	-1	0	0	0	0	1	0	0	0	0	1	-1	1	1	-1	-1	1	1	1	-1	0	1	1	1	0	-1	1	0	0	-1	1	0	45.5	101	55	49.3	134	61	0.9504	3.385	NA	NA	NA
WP_082103492_1	1	-1	0	0	1	0	0	0	0	0	0	0	1	-1	0	0	0	0	1	1	0	0	1	1	-1	1	1	-1	-1	1	0	0	1	1	1	1	1	0	-1	1	0	1	-1	1	1	39.1	115	70	41.6	161	84	0.9014	3.184	NA	NA	NA
WP_073089842_1	1	-1	0	1	0	1	0	0	0	-1	0	0	1	-1	0	0	0	-1	0	0	0	0	1	1	-1	1	0	1	-1	1	1	1	1	0	1	1	1	-1	-1	1	0	0	0	1	1	43.4	99	56	38.8	134	81	0.9738	0.9	NA	NA	NA
ERL03806_1	1	-1	0	1	0	1	0	0	0	-1	0	0	1	0	0	0	0	-1	0	0	0	0	1	1	-1	1	0	1	-1	1	1	1	1	0	1	1	1	-1	-1	1	0	0	0	1	1	42.4	99	57	39.6	134	80	0.8461	0.8084	NA	NA	NA
SFB11682_1	1	-1	0	1	0	1	0	0	0	-1	0	0	1	0	0	0	0	-1	0	0	0	0	1	1	-1	1	0	1	-1	1	1	1	1	0	1	1	1	-1	-1	1	0	0	0	1	1	43.4	99	56	39.6	134	80	0.9754	0.8597	NA	NA	NA
WP_031586997_1	1	-1	0	1	0	1	0	0	0	-1	0	0	1	-1	0	0	0	0	0	0	0	0	1	1	-1	1	0	1	-1	1	1	1	1	0	1	1	1	-1	-1	1	0	0	0	1	1	35.7	115	74	36.7	150	90	0.969	2.875	NA	NA	NA
EFF66295_1	1	-1	0	1	0	1	0	0	0	-1	0	0	1	0	0	0	0	0	0	0	0	0	1	1	-1	1	0	1	-1	1	1	1	1	0	1	1	1	-1	-1	1	0	0	0	1	1	40.4	99	59	41.1	124	73	0.9695	2.871	NA	NA	NA
EFW29262_1	1	-1	0	1	0	1	0	0	0	-1	0	0	1	0	0	0	0	0	0	0	0	0	1	1	-1	1	0	1	-1	1	1	1	1	0	1	1	1	-1	-1	1	0	0	0	1	1	38.8	98	60	39.5	124	75	0.9241	3.843	NA	NA	NA
WP_110955281_1	1	-1	0	1	0	1	0	0	0	0	0	0	0	-1	0	0	0	0	0	0	0	0	1	1	-1	1	0	1	-1	1	1	0	1	0	0	1	1	-1	-1	1	0	0	0	1	1	41.4	99	58	37.3	134	83	0.9651	0.911	NA	NA	NA
SEJ66046_1	1	-1	0	1	0	1	0	0	0	-1	0	0	0	-1	0	0	0	-1	0	0	0	0	1	1	-1	1	0	1	-1	1	1	1	1	0	1	1	1	-1	-1	1	0	0	0	1	1	42.9	98	56	39.7	131	73	0.967	0.8553	NA	NA	NA
WP_051209576_1	1	-1	0	1	1	0	0	0	0	-1	-1	0	0	0	0	0	0	0	1	0	0	0	1	1	-1	0	1	-1	-1	1	1	1	1	0	-1	1	1	-1	-1	1	0	0	-1	1	1	42.7	117	65	56.9	109	47	0.9818	0.9864	NA	NA	NA
WP_051656758_1	0	-1	0	1	1	0	0	0	0	0	0	0	-1	0	0	0	0	0	1	0	0	0	0	1	-1	0	1	-1	-1	1	1	0	1	0	1	1	1	-1	-1	1	0	0	-1	1	-1	44.9	118	63	56	109	48	0.9629	4.729	NA	NA	NA
EFF67300_1	0	-1	0	0	1	0	0	1	0	0	0	0	-1	0	0	0	0	0	1	0	0	0	0	1	-1	1	1	-1	-1	1	1	0	1	0	1	1	1	-1	-1	1	0	0	-1	1	1	42.1	76	39	47.5	101	45	0.9112	1.986	NA	NA	NA
WP_005604811_1	NA	-1	0	0	1	0	0	1	0	0	0	0	-1	0	0	0	0	0	1	0	0	0	NA	1	-1	1	1	-1	-1	1	1	0	1	0	1	1	1	-1	-1	1	0	0	-1	1	NA	43.7	71	35	51.3	78	38	0.9598	1.01	NA	NA	NA
OKZ67639_1	0	NA	NA	NA	NA	NA	NA	NA	NA	NA	0	0	-1	0	0	0	0	0	1	0	0	0	0	NA	NA	NA	NA	NA	NA	NA	NA	NA	1	0	1	0	1	-1	-1	1	0	0	-1	1	0	42.2	83	46	NA	NA	NA	NA	NA	NA	NA	NA
WP_091205465_1	1	-1	0	-1	1	0	0	0	0	-1	0	0	0	0	-1	0	1	0	1	0	0	0	1	1	-1	1	1	-1	-1	1	1	1	0	0	-1	1	1	-1	1	1	0	0	-1	1	1	42.2	109	63	43.7	135	76	0.9416	2.86	NA	NA	NA
OON91802_1	1	-1	0	0	1	0	0	0	0	-1	0	0	0	0	-1	0	0	0	0	0	0	0	1	1	-1	1	1	-1	0	1	1	1	0	0	-1	1	1	-1	-1	1	0	0	-1	1	1	36.5	115	73	43.6	156	78	0.9599	3.288	NA	NA	NA
PTW19839_1	1	-1	0	0	1	0	0	0	0	-1	0	0	-1	0	-1	0	0	0	1	0	0	0	1	1	-1	1	1	-1	0	1	1	1	1	-1	1	1	1	-1	0	1	1	-1	-1	-1	1	41.4	116	66	47.8	134	70	0.9631	1.953	NA	NA	NA
SDP97597_1	0	-1	0	0	1	0	0	0	0	0	0	0	1	0	0	0	0	0	0	0	0	0	0	1	-1	1	1	-1	0	1	1	0	1	0	1	1	1	-1	-1	1	-1	0	-1	1	0	37.4	115	70	45.7	140	76	0.9528	1.429	NA	NA	NA
CDB14749_1	1	-1	0	0	1	0	0	0	0	-1	0	0	0	-1	0	0	0	0	0	0	0	0	1	1	-1	1	1	-1	0	1	1	1	1	0	-1	1	1	-1	0	1	0	0	-1	1	1	36.5	104	66	50.4	131	60	0.9163	3.237	NA	NA	NA
WP_111930322_1	1	-1	0	0	1	0	0	0	NA	0	0	0	0	0	0	0	0	0	0	0	0	0	1	1	-1	-1	1	-1	0	1	NA	0	1	1	0	1	1	-1	-1	1	0	0	-1	1	1	33.9	109	72	27.3	172	116	0.934	1.6	NA	NA	NA
WP_097032678_1	1	-1	0	0	1	0	0	0	NA	0	0	0	0	0	0	0	0	0	0	0	0	0	1	1	-1	-1	1	-1	0	1	NA	0	1	1	0	1	1	-1	-1	1	0	0	-1	1	1	33	109	73	35.5	172	102	0.9188	2.208	NA	NA	NA
WP_111937798_1	1	-1	0	0	1	0	0	0	0	0	1	0	0	-1	-1	0	0	0	0	0	0	0	1	1	-1	-1	1	-1	0	0	1	0	1	0	1	1	1	-1	-1	0	0	0	-1	1	1	36	100	64	37.8	172	99	0.9226	2.751	NA	NA	NA
CUN86095_1	1	-1	0	0	1	0	0	0	0	0	1	0	0	-1	-1	0	0	0	0	0	0	0	1	1	-1	-1	1	-1	0	0	1	0	1	0	1	1	1	-1	-1	0	0	0	-1	1	1	37	100	63	41.6	137	80	0.9214	2.707	NA	NA	NA
WP_099313782_1	1	-1	0	0	1	0	0	0	0	0	1	0	0	-1	-1	0	0	0	0	0	0	0	1	1	-1	-1	1	-1	0	0	1	0	1	0	1	1	1	-1	-1	0	0	0	-1	1	1	37	100	63	39.9	158	87	0.9253	2.662	NA	NA	NA
WP_027099502_1	1	-1	0	0	1	0	0	0	0	0	1	0	0	-1	-1	0	0	0	0	0	0	0	1	1	-1	-1	1	-1	0	0	1	0	1	0	1	1	1	-1	-1	0	0	0	-1	1	1	36	100	64	39.9	158	87	0.9219	2.698	NA	NA	NA
WP_065254200_1	1	-1	0	0	1	0	0	0	0	0	1	0	0	-1	-1	0	0	0	0	0	0	0	1	1	-1	-1	1	-1	0	0	1	0	1	0	1	1	1	-1	-1	0	0	0	-1	1	1	37	100	63	39.9	158	87	0.9266	2.451	NA	NA	NA
WP_049177314_1	1	-1	0	0	1	0	0	0	0	-1	0	0	-1	0	0	0	0	0	0	0	0	0	1	1	-1	0	1	-1	0	1	1	1	1	0	1	1	1	-1	-1	1	0	-1	-1	1	1	34.3	99	65	40.9	137	81	0.9181	2.621	NA	NA	NA
OKZ85342_1	1	-1	0	0	1	0	0	-1	0	-1	0	0	0	-1	1	0	0	0	-1	0	0	0	1	1	-1	-1	1	-1	0	1	1	1	0	0	-1	1	0	-1	-1	0	1	0	-1	-1	1	30.4	115	78	34.1	179	110	0.8887	2.721	NA	NA	NA
CDB14788_1	1	-1	0	0	1	0	0	0	0	-1	0	0	0	-1	0	0	0	0	0	0	0	0	1	1	-1	-1	1	-1	0	1	0	1	0	1	0	1	1	-1	-1	1	1	0	-1	-1	1	35.3	116	71	34.6	156	94	0.9103	3.021	NA	NA	NA
WP_081606301_1	1	-1	0	0	1	0	0	1	0	-1	0	0	0	-1	0	0	0	0	0	0	0	0	1	1	-1	-1	1	-1	0	1	0	1	1	1	-1	1	0	-1	-1	1	1	0	-1	0	1	32.4	102	69	33.7	172	106	0.9024	2.398	NA	NA	NA
WP_070780294_1	0	-1	0	0	1	0	0	0	0	0	0	0	0	-1	0	0	0	0	0	0	0	0	-1	1	-1	0	1	-1	0	1	1	0	-1	0	-1	1	-1	-1	-1	1	1	0	0	1	1	35.1	114	72	35.1	171	111	0.9273	1.671	NA	NA	NA
WP_027637207_1	0	-1	0	0	1	0	0	0	0	0	0	0	0	-1	0	0	0	0	0	0	0	0	-1	1	-1	0	1	-1	0	1	1	0	-1	0	-1	1	1	-1	-1	1	1	0	0	1	1	38.9	113	67	35.1	171	111	0.9372	1.506	NA	NA	NA
ALP89501_1	0	-1	0	0	1	0	0	0	0	0	0	0	-1	-1	0	0	0	0	-1	0	0	0	0	1	-1	0	1	-1	0	1	1	0	-1	0	1	1	0	-1	-1	1	1	0	-1	1	0	39.7	116	65	29.5	166	107	0.9061	2.399	NA	NA	NA
WP_053359054_1	0	-1	0	0	1	0	0	0	0	0	0	0	-1	-1	0	0	0	0	-1	0	0	0	0	1	-1	0	1	-1	0	1	1	0	-1	0	1	1	0	-1	-1	1	1	0	-1	1	0	37.9	116	69	28.9	166	108	0.8937	3.272	NA	NA	NA
KJZ87542_1	0	-1	0	0	1	0	0	0	0	-1	0	0	-1	-1	0	0	0	0	-1	0	0	0	0	1	-1	1	1	-1	0	1	1	1	-1	0	1	1	1	-1	-1	1	1	0	-1	1	0	39.1	115	65	32.1	156	96	0.9089	2.524	NA	NA	NA
WP_058296346_1	1	-1	0	0	1	0	0	0	0	-1	0	0	1	-1	-1	0	0	0	-1	0	0	0	1	1	-1	0	1	-1	0	1	0	1	-1	1	1	1	1	-1	-1	1	1	0	1	0	1	39.1	115	68	35.3	156	93	0.9342	2.646	NA	NA	NA
WP_084178020_1	1	-1	0	0	1	0	0	0	NA	0	0	0	1	-1	0	0	0	0	0	0	0	0	1	1	-1	1	1	-1	-1	1	NA	0	0	0	1	1	1	-1	-1	0	0	0	0	0	1	34	94	62	35.2	159	98	0.8973	3.584	NA	NA	NA
EOS66258_1	1	-1	0	0	1	0	0	0	0	0	0	0	1	-1	0	0	0	0	1	0	0	0	1	1	-1	1	1	-1	-1	1	1	0	0	1	1	1	-1	-1	0	1	0	0	-1	1	1	44.3	115	64	43.2	132	74	0.9741	0.9861	NA	NA	NA
WP_118098231_1	1	-1	0	0	1	0	0	1	0	0	0	0	0	-1	0	0	0	0	0	0	0	0	1	1	-1	1	1	-1	0	1	1	-1	-1	0	-1	1	1	-1	1	0	0	-1	0	0	1	36.1	97	58	27.6	156	91	0.8865	2.922	-6	0	evader
CUN70623_1	1	-1	0	0	1	0	0	1	0	0	0	0	0	-1	0	0	0	0	0	0	0	0	1	1	-1	1	1	-1	0	1	1	-1	-1	0	-1	1	1	-1	1	0	0	-1	0	0	1	36.1	97	58	27.6	156	91	0.872	2.895	NA	NA	NA
AEN95322_1	1	-1	0	0	1	0	0	1	0	0	0	0	0	-1	0	0	0	0	0	0	0	0	1	1	-1	1	1	-1	0	1	1	-1	-1	0	-1	1	1	-1	1	0	0	-1	0	0	1	36.1	97	58	27.6	156	91	0.8729	2.889	NA	NA	NA
RHO33221_1	1	-1	0	0	1	0	0	0	0	0	0	0	1	-1	0	0	-1	0	0	0	0	0	1	1	-1	1	1	-1	-1	1	1	0	-1	0	1	1	1	-1	1	0	0	-1	-1	0	1	34.1	82	50	36.8	144	91	0.8915	5.228	NA	NA	NA
WP_073288210_1	1	-1	0	0	1	0	0	0	0	0	0	0	0	-1	0	0	0	0	0	0	0	0	1	1	-1	1	1	-1	0	1	1	0	0	0	0	1	1	-1	0	0	0	-1	0	1	1	32.6	95	60	43	114	65	0.8884	2.494	NA	NA	NA
WP_016306460_1	1	-1	0	0	1	0	0	0	0	0	0	0	0	-1	0	0	0	0	1	0	0	0	1	1	-1	1	1	-1	0	1	1	-1	0	0	1	1	1	-1	-1	0	0	0	-1	0	1	NA	NA	NA	40.3	129	71	0.8628	2.38	NA	NA	NA
CDA88160_1	1	-1	0	0	0	0	0	1	0	0	0	0	0	-1	0	0	0	0	0	0	0	0	1	1	-1	-1	0	-1	0	1	1	0	-1	0	1	1	1	-1	1	0	0	0	-1	0	1	32.3	93	59	33.9	124	79	0.7448	5.677	NA	NA	NA
SHJ75855_1	1	-1	0	0	1	0	0	0	0	-1	0	1	0	0	0	0	0	0	1	0	0	0	1	1	-1	1	1	-1	0	1	1	1	1	1	-1	1	1	-1	-1	1	0	0	-1	1	1	42.9	98	56	45.8	166	86	0.9639	2.955	NA	NA	NA
CBL28936_1	1	-1	0	0	1	0	0	0	0	-1	0	0	0	-1	0	0	0	0	1	0	0	0	1	1	-1	1	1	-1	-1	1	1	1	-1	0	-1	1	1	-1	0	1	0	0	-1	1	1	40.5	116	69	52	127	61	0.9067	3.425	NA	NA	NA
CBL27744_1	1	-1	0	0	1	0	0	0	0	-1	0	0	0	-1	0	0	0	0	1	0	0	0	1	1	-1	1	1	-1	0	1	1	1	-1	0	-1	1	1	-1	0	1	0	0	-1	1	1	43.1	116	66	54	126	58	0.92	3.349	NA	NA	NA
OYY18137_1	1	-1	0	0	1	0	0	0	0	-1	0	0	-1	0	0	0	0	0	0	0	0	0	1	1	-1	1	1	-1	-1	1	1	1	1	1	1	1	1	-1	-1	1	0	0	-1	1	1	38.8	98	60	47	168	88	0.9288	3.173	NA	NA	NA
WP_013189022_1	1	-1	0	0	1	0	0	1	0	-1	0	0	0	-1	0	0	0	0	1	0	0	1	1	1	-1	1	1	-1	-1	1	1	1	0	0	-1	1	-1	-1	-1	1	0	0	-1	0	1	42	88	51	40.9	132	73	0.6005	3.853	NA	NA	NA
WP_041162118_1	1	NA	NA	NA	NA	NA	NA	NA	NA	NA	NA	0	NA	NA	NA	0	0	0	0	0	0	0	1	NA	NA	NA	NA	NA	NA	NA	NA	NA	NA	0	NA	NA	NA	-1	0	-1	0	-1	1	-1	1	42.9	84	48	70	40	12	NA	NA	NA	NA	NA
PYG22839_1	1	-1	0	0	1	0	0	0	0	0	0	0	0	0	0	0	0	0	0	0	0	0	1	1	-1	1	1	-1	0	1	0	0	0	0	-1	1	0	-1	0	-1	0	-1	1	-1	1	41.1	90	53	53.6	153	70	0.8642	8.487	NA	NA	NA
WP_090088167_1	1	-1	0	0	1	0	0	0	0	0	0	0	0	0	0	0	0	0	0	0	0	0	1	1	-1	1	1	-1	0	1	1	0	0	0	-1	1	-1	-1	-1	-1	0	-1	1	-1	1	36.1	83	53	54.1	157	71	0.8398	8.692	NA	NA	NA
PTA97247_1	1	-1	0	0	1	0	0	0	0	0	0	0	0	0	0	0	0	0	0	0	0	0	1	1	-1	1	1	-1	0	1	1	0	0	0	-1	1	-1	-1	-1	-1	0	-1	1	-1	1	36.1	83	53	53.5	157	72	0.8403	8.265	NA	NA	NA
WP_054197200_1	1	-1	0	-1	0	1	0	0	0	-1	0	0	0	0	1	0	0	0	0	0	0	0	1	1	-1	1	0	1	-1	1	1	1	1	0	-1	-1	1	-1	-1	1	-1	0	-1	1	1	27.8	97	70	30.5	167	115	0.9767	0.8221	NA	NA	NA
WP_107812056_1	1	-1	0	-1	0	1	0	0	0	-1	0	0	0	0	1	0	0	0	0	0	0	0	1	1	-1	1	0	1	-1	1	1	1	1	0	-1	-1	1	-1	-1	1	-1	0	-1	1	1	27.8	97	70	30.5	167	115	0.9749	0.8709	NA	NA	NA
WP_103577495_1	1	-1	0	-1	0	1	0	0	0	-1	0	0	0	0	1	0	0	0	0	0	0	0	1	1	-1	1	0	1	-1	1	1	1	1	0	-1	-1	1	-1	-1	1	-1	0	-1	1	1	27.8	97	70	30.5	167	115	0.9762	0.831	NA	NA	NA
OUT12365_1	1	-1	0	-1	0	1	0	0	0	-1	0	0	0	0	1	0	0	0	0	0	0	0	1	1	-1	1	0	1	-1	1	1	1	1	0	-1	-1	1	-1	-1	1	-1	0	-1	1	1	29.9	97	68	30.5	167	115	0.9718	0.9577	NA	NA	NA
WP_103559831_1	1	-1	0	-1	0	1	0	0	0	-1	0	0	0	0	1	0	0	0	0	0	0	0	1	1	-1	1	0	1	-1	1	1	1	1	0	-1	-1	1	-1	-1	1	-1	0	-1	1	1	29.9	97	68	30.5	167	115	0.9733	0.9163	NA	NA	NA
WP_103589869_1	1	-1	0	-1	0	1	0	0	0	-1	0	0	0	0	1	0	0	0	0	0	0	0	1	1	-1	1	0	1	-1	1	1	1	1	0	-1	-1	1	-1	-1	1	-1	0	-1	1	1	30.9	97	67	30.5	167	115	0.9739	0.8966	NA	NA	NA
AVX44794_1	1	-1	0	-1	0	1	0	0	0	-1	0	0	0	0	1	0	0	0	0	0	0	0	1	1	-1	1	0	1	-1	1	1	1	1	0	-1	-1	1	-1	-1	1	-1	0	-1	1	1	30.9	97	67	31.4	169	111	0.9759	0.8424	NA	NA	NA
WP_021092875_1	1	-1	0	-1	0	1	0	0	0	-1	0	0	0	0	1	0	0	0	0	0	0	0	1	1	-1	1	0	1	-1	1	1	1	1	0	-1	-1	1	-1	-1	1	-1	0	-1	1	1	30.9	97	67	30.5	167	115	0.9755	0.8533	NA	NA	NA
WP_103595191_1	1	-1	0	-1	0	1	0	0	0	-1	0	0	0	0	1	0	0	0	0	0	0	0	1	1	-1	1	0	1	-1	1	1	1	1	0	-1	-1	1	-1	-1	1	-1	0	-1	1	1	30.9	97	67	30.5	167	115	0.9752	0.8628	NA	NA	NA
WP_018135955_1	1	-1	0	-1	0	1	0	0	0	-1	0	0	0	0	1	0	0	0	0	0	0	0	1	1	-1	1	0	1	-1	1	1	1	1	0	-1	-1	1	-1	-1	1	-1	0	-1	1	1	33	97	65	32.9	167	111	0.9766	0.8227	NA	NA	NA
EJP74857_1	1	-1	0	-1	0	1	0	0	0	-1	0	0	0	0	1	0	0	0	0	0	0	0	1	1	-1	1	0	1	-1	1	1	1	1	0	-1	-1	1	-1	-1	1	-1	0	-1	1	1	32	97	66	32.9	167	111	0.9765	0.8277	NA	NA	NA
WP_103639544_1	1	-1	0	-1	0	1	0	0	0	-1	0	0	0	0	1	0	0	0	0	0	0	0	1	1	-1	1	0	1	-1	1	1	1	1	0	0	-1	1	-1	-1	1	-1	0	-1	1	1	29.9	97	68	30.8	169	112	0.9745	0.879	NA	NA	NA
WP_002953850_1	1	-1	0	-1	0	1	0	0	0	-1	0	0	0	0	1	0	0	0	0	0	0	0	1	1	-1	1	0	1	-1	1	1	1	1	0	-1	-1	1	-1	-1	1	-1	0	-1	1	1	34	97	64	33.5	167	110	0.9718	0.9493	NA	NA	NA
WP_103633034_1	1	-1	0	-1	0	1	0	0	0	-1	0	0	0	0	1	0	0	0	0	0	0	0	1	1	-1	1	0	1	-1	1	1	1	1	0	-1	-1	1	-1	-1	1	-1	0	-1	1	1	32	97	66	29.9	167	116	0.9676	1.063	NA	NA	NA
ERJ24649_1	1	-1	0	-1	0	1	0	0	0	-1	0	0	0	0	1	0	0	0	0	0	0	0	1	1	-1	1	0	1	-1	1	1	1	1	0	-1	-1	1	-1	-1	1	-1	0	-1	1	1	27.8	97	70	30.5	167	115	0.9748	0.8757	NA	NA	NA
OUT07261_1	1	-1	0	-1	0	1	0	0	0	-1	0	0	0	0	1	0	0	0	0	0	0	0	1	1	-1	1	0	1	-1	1	1	1	1	0	-1	-1	1	-1	-1	1	-1	0	-1	1	1	27.8	97	70	30.5	167	115	0.9756	0.8499	NA	NA	NA
WP_103602223_1	1	-1	0	-1	0	1	0	0	0	-1	0	0	0	0	1	0	0	0	0	0	0	0	1	1	-1	1	0	1	-1	1	1	1	1	0	-1	-1	1	-1	-1	1	-1	0	-1	1	1	28.9	97	69	30.5	167	115	0.9748	0.872	NA	NA	NA
WP_103597196_1	1	-1	0	-1	0	1	0	0	0	-1	0	0	0	0	1	0	0	0	0	0	0	0	1	1	-1	1	0	1	-1	1	1	1	1	0	-1	-1	1	-1	-1	1	-1	0	-1	1	1	27.8	97	70	30.5	167	115	0.9712	0.968	NA	NA	NA
WP_103612013_1	1	-1	0	-1	0	1	0	0	0	-1	0	0	0	0	1	0	0	0	0	0	0	0	1	1	-1	1	0	1	-1	1	1	1	1	0	-1	-1	1	-1	-1	1	-1	0	-1	1	1	29.9	97	68	30.5	167	115	0.9749	0.8687	NA	NA	NA
WP_103571446_1	1	-1	0	-1	0	1	0	0	0	-1	0	0	0	0	1	0	0	0	0	0	0	0	1	1	-1	1	0	1	-1	1	1	1	1	0	-1	-1	1	-1	-1	1	-1	0	-1	1	1	30.9	97	67	30.5	167	115	0.969	1.03	NA	NA	NA
WP_103581466_1	1	-1	0	-1	0	1	0	0	0	-1	0	0	0	0	1	0	0	0	0	0	0	0	1	1	-1	1	0	1	-1	1	1	1	1	0	-1	-1	1	-1	-1	1	-1	0	-1	1	1	30.9	97	67	30.5	167	115	0.9734	0.9075	NA	NA	NA
WP_112059920_1	1	-1	0	-1	0	1	0	0	0	-1	0	0	0	0	1	0	0	0	0	0	0	0	1	1	-1	1	0	1	-1	1	1	1	1	0	0	-1	1	-1	-1	1	-1	0	-1	1	1	NA	NA	NA	33.3	147	97	0.9723	0.9307	NA	NA	NA
RDU58656_1	1	-1	0	-1	0	1	0	0	0	-1	0	0	0	0	1	0	0	0	0	0	0	0	1	1	-1	1	0	1	-1	1	1	1	1	0	0	-1	1	-1	-1	1	-1	0	-1	1	1	NA	NA	NA	34	147	96	0.9773	0.7976	NA	NA	NA
RDU65562_1	1	-1	0	-1	0	1	0	0	0	-1	0	0	0	0	1	0	0	0	0	0	0	0	1	1	-1	1	0	1	-1	1	1	1	1	0	0	-1	1	-1	-1	1	-1	0	-1	1	1	32	97	66	33.3	147	97	0.9727	0.923	NA	NA	NA
WP_112060529_1	1	-1	0	-1	0	1	0	0	0	-1	0	0	0	0	1	0	0	0	0	0	0	0	1	1	-1	1	1	1	-1	1	1	1	1	0	0	-1	1	-1	-1	1	0	0	-1	1	1	30.2	96	67	32.4	170	114	0.9708	0.9712	NA	NA	NA
RDU56525_1	1	-1	0	-1	0	1	0	0	0	-1	0	0	0	0	1	0	0	0	0	0	0	0	1	1	-1	1	1	1	-1	1	1	1	1	0	-1	-1	1	-1	-1	1	0	0	-1	1	1	26.3	114	83	32.9	170	113	0.9758	0.8456	NA	NA	NA
Q64EY2_HpFlaA	1	-1	0	-1	0	1	0	0	0	-1	0	0	0	0	1	0	0	0	0	0	0	0	1	1	-1	1	0	1	-1	1	1	1	1	0	0	-1	1	-1	-1	1	0	0	-1	1	1	33.3	96	64	34.9	149	96	0.9704	0.9874	-6	0,0186019	evader
DAB03223_1	1	0	0	0	1	0	0	0	0	-1	0	0	0	-1	0	0	0	0	0	0	0	0	1	-1	-1	0	1	-1	-1	1	1	1	0	0	0	1	-1	-1	-1	-1	0	-1	-1	0	1	26.7	90	66	38	137	85	0.8665	4.007	NA	NA	NA
DAB10854_1	1	0	0	0	1	0	0	0	0	-1	0	0	0	-1	0	0	0	0	0	0	0	0	1	-1	-1	0	1	-1	-1	1	1	1	0	0	0	1	-1	-1	-1	-1	0	-1	-1	0	1	26.7	90	66	38	137	85	0.9104	3.775	NA	NA	NA
OLA72661_1	1	0	0	0	1	0	0	0	0	-1	0	0	0	-1	0	0	0	0	0	0	0	0	1	-1	-1	0	1	-1	-1	1	1	1	0	0	0	1	-1	-1	-1	-1	0	-1	-1	0	1	26.7	90	66	38	137	85	0.911	3.571	NA	NA	NA
DAB14846_1	1	0	0	0	1	0	0	0	0	-1	0	0	0	-1	0	0	0	0	0	0	0	0	1	-1	-1	0	1	-1	-1	1	1	1	0	0	0	1	-1	-1	-1	-1	0	-1	-1	0	1	26.7	90	66	38	137	85	0.8774	3.89	NA	NA	NA
DAB10201_1	1	0	0	0	1	0	0	0	0	0	0	0	0	-1	0	0	0	0	0	0	0	0	1	-1	-1	0	1	-1	-1	1	1	0	0	0	0	1	0	-1	-1	0	0	-1	-1	0	1	28.6	98	70	36.1	133	83	NA	NA	NA	NA	NA
DAA89644_1	1	0	0	0	1	0	0	0	0	0	0	0	0	-1	0	0	0	0	0	0	0	0	1	-1	-1	0	1	-1	-1	1	1	0	0	0	0	1	0	-1	-1	0	0	-1	-1	0	1	28.6	98	70	37.6	133	83	0.8693	3.077	NA	NA	NA
DAA85810_1	1	0	0	0	1	0	0	0	0	0	0	0	0	-1	0	0	0	0	0	0	0	0	1	-1	-1	0	1	-1	-1	1	1	0	0	0	0	1	0	-1	-1	0	0	-1	-1	0	1	28.6	98	70	37.6	133	83	0.893	3.542	NA	NA	NA
DAB22271_1	1	0	0	0	1	0	0	0	0	0	0	0	0	-1	0	0	0	0	0	0	0	0	1	-1	-1	0	1	-1	-1	1	1	0	0	0	0	1	0	-1	-1	0	0	-1	-1	0	1	28.6	98	70	37.6	133	83	0.8838	3.629	NA	NA	NA
DAB10016_1	1	0	0	0	1	0	0	0	0	0	0	0	0	-1	0	0	0	0	0	0	0	0	1	-1	-1	0	1	-1	-1	1	1	0	0	0	0	1	0	-1	-1	0	0	-1	-1	0	1	28.6	98	70	33	106	71	0.8308	4.369	NA	NA	NA
OLA74785_1	1	0	0	0	1	0	0	0	0	0	0	0	0	-1	0	0	0	0	0	0	0	0	1	-1	-1	0	1	-1	-1	1	1	0	0	0	0	1	-1	-1	-1	0	0	-1	-1	0	1	28.6	98	70	37.6	133	83	0.915	3.403	NA	NA	NA
DAB25484_1	1	0	0	0	1	0	0	0	0	0	0	0	0	-1	0	0	0	0	0	0	0	0	1	-1	-1	0	1	-1	-1	1	1	0	0	0	-1	1	-1	-1	-1	0	0	-1	-1	0	1	28.6	98	70	42.1	133	77	0.8829	3.898	NA	NA	NA
DAB14011_1	1	0	0	0	1	0	0	0	0	0	0	0	0	-1	0	0	0	0	0	0	0	0	1	-1	-1	0	1	-1	-1	1	1	0	0	0	-1	1	-1	-1	-1	0	0	-1	-1	0	1	28.6	98	70	36.8	106	67	NA	NA	NA	NA	NA
DAB10097_1	1	0	0	0	1	0	0	0	0	0	0	0	0	-1	0	0	0	0	0	0	0	0	1	-1	-1	0	1	-1	-1	1	1	0	0	0	-1	1	-1	-1	-1	0	0	-1	-1	0	1	28.6	98	70	39.6	111	67	0.8693	3.971	NA	NA	NA
DAB02175_1	1	0	0	0	1	0	0	0	0	0	0	0	0	0	0	0	0	0	0	0	0	0	1	-1	-1	0	1	-1	-1	1	1	0	0	0	-1	1	-1	-1	-1	0	0	-1	-1	-1	1	32.7	98	66	38.3	133	82	0.8798	3.601	NA	NA	NA
DAB18669_1	1	0	0	0	1	0	0	0	0	0	0	0	0	0	0	0	0	0	0	0	0	0	1	-1	-1	0	1	-1	-1	1	1	0	0	0	-1	1	-1	-1	-1	0	0	-1	-1	0	1	32.7	98	66	38.3	133	82	0.9188	3.319	NA	NA	NA
DAB04347_1	1	0	0	0	1	0	0	0	0	0	0	0	0	0	0	0	0	0	0	0	0	0	1	-1	-1	0	1	-1	-1	1	1	0	0	0	-1	1	-1	-1	-1	0	0	-1	-1	-1	1	32.7	98	66	38.3	133	82	0.9205	3.343	NA	NA	NA
DAB09947_1	1	0	0	0	1	0	0	0	0	0	0	0	0	0	0	0	0	0	0	0	0	0	1	-1	-1	0	1	-1	-1	1	1	0	0	0	-1	1	-1	-1	-1	0	0	-1	-1	0	1	32.7	98	66	39.1	133	81	0.8885	3.471	NA	NA	NA
DAA85422_1	1	0	0	0	1	0	0	0	0	0	0	0	0	0	0	0	0	0	0	0	0	0	1	-1	-1	0	1	-1	-1	1	1	0	0	0	-1	1	-1	-1	-1	0	0	-1	-1	0	1	32.7	98	66	39.1	133	81	0.8912	3.523	NA	NA	NA
DAA87924_1	1	0	0	0	1	0	0	0	0	0	0	0	0	0	0	0	0	0	0	0	0	0	1	-1	-1	0	1	-1	-1	1	1	0	0	0	0	1	-1	-1	-1	0	0	-1	-1	0	1	32.7	98	66	38.3	133	82	0.9045	3.413	NA	NA	NA
CCZ51357_1	1	0	0	0	1	0	0	0	0	0	0	0	0	0	0	0	0	0	0	0	0	0	1	-1	-1	0	1	-1	-1	1	1	0	0	0	0	1	-1	-1	-1	0	0	-1	-1	0	1	32.7	98	66	38.3	133	82	0.8933	3.494	NA	NA	NA
DAB21916_1	1	0	0	0	1	0	0	0	0	0	0	0	0	0	0	0	0	0	0	0	0	0	1	-1	-1	0	1	-1	-1	1	1	0	0	0	-1	1	-1	-1	-1	0	0	-1	-1	0	1	33.3	99	66	43.3	67	38	0.8645	3.547	NA	NA	NA
DAB12646_1	1	NA	NA	NA	NA	0	0	0	0	0	0	0	0	0	0	0	0	0	0	0	0	0	1	NA	NA	NA	NA	-1	-1	1	1	0	0	0	-1	1	-1	-1	-1	0	-1	-1	-1	0	1	33.3	99	66	50	46	23	NA	NA	NA	NA	NA
DAA81959_1	1	0	0	0	1	0	0	0	0	0	0	0	0	0	0	0	0	0	0	0	0	0	1	-1	-1	0	1	-1	-1	1	1	0	0	0	-1	1	-1	-1	-1	0	-1	-1	-1	0	1	33.3	99	66	40.6	133	79	0.9345	3.036	NA	NA	NA
DAA86739_1	1	0	0	0	1	0	0	0	0	0	0	0	0	0	0	0	0	0	0	0	0	0	1	-1	-1	0	1	-1	-1	1	1	0	0	0	-1	1	-1	-1	-1	0	0	-1	-1	0	1	33.3	99	66	40.6	133	79	0.9348	3.093	NA	NA	NA
DAB03782_1	1	0	0	0	1	0	0	0	0	0	0	0	0	0	0	0	0	0	0	0	0	0	1	-1	-1	0	1	-1	-1	1	1	0	0	0	-1	1	-1	-1	-1	0	-1	-1	-1	0	1	33.3	99	66	43.3	67	38	0.8728	3.901	NA	NA	NA
DAA97837_1	1	NA	NA	NA	NA	0	0	0	0	0	0	0	0	0	0	0	0	0	0	0	0	0	1	NA	NA	NA	NA	-1	-1	1	1	0	0	0	-1	1	-1	-1	-1	0	-1	-1	-1	0	1	33.3	99	66	50	46	23	NA	NA	NA	NA	NA
DAB25977_1	1	NA	NA	NA	NA	0	0	0	0	0	0	0	0	0	0	0	0	0	0	0	0	0	1	NA	NA	NA	NA	-1	-1	1	1	0	0	0	-1	1	-1	-1	-1	0	-1	-1	-1	0	1	33.3	99	66	50	46	23	NA	NA	NA	NA	NA
CCZ49673_1	1	0	0	0	1	0	0	0	0	0	0	0	0	0	0	0	0	1	0	0	0	0	1	-1	-1	0	1	-1	-1	-1	1	0	0	0	0	1	-1	-1	-1	0	0	-1	-1	0	1	32.7	104	70	35.3	133	86	0.9119	3.925	NA	NA	NA
DAA89572_1	1	0	0	0	1	0	0	0	0	0	0	0	0	0	0	0	0	1	0	0	0	0	1	-1	-1	0	1	-1	-1	-1	1	0	0	0	0	1	-1	-1	-1	0	0	-1	-1	0	1	32.7	104	70	36.1	133	85	0.9234	2.926	NA	NA	NA
DAB14692_1	NA	NA	NA	NA	NA	0	0	0	0	0	0	0	0	0	0	0	0	1	0	0	0	0	NA	NA	NA	NA	NA	-1	-1	-1	1	0	0	0	0	1	-1	-1	-1	0	0	-1	-1	0	NA	29.7	64	45	NA	NA	NA	0.8112	5.521	NA	NA	NA
DAB04893_1	1	1	0	0	1	0	0	0	0	0	0	0	0	0	0	0	0	1	0	0	0	0	1	1	-1	0	1	-1	-1	-1	1	0	0	0	0	1	-1	-1	-1	0	0	-1	-1	0	1	32.7	104	70	36.8	133	84	0.9181	3.002	NA	NA	NA
DAA82791_1	1	1	0	0	1	0	0	0	0	0	0	0	0	0	0	0	0	1	0	0	0	0	1	1	-1	0	1	-1	-1	-1	1	0	0	0	0	1	-1	-1	-1	0	0	-1	-1	0	1	32.7	104	70	36.8	133	84	0.9141	3.91	NA	NA	NA
OLA74580_1	1	0	0	0	1	0	0	0	0	0	0	0	0	0	0	0	0	1	0	0	0	0	1	-1	-1	0	1	-1	-1	1	1	0	0	0	0	1	-1	-1	-1	0	0	-1	-1	0	1	32.7	104	70	37.6	133	83	0.8473	4.441	NA	NA	NA
DAA94729_1	1	0	0	0	1	0	0	0	0	0	0	0	0	0	0	0	0	1	0	0	0	0	1	-1	-1	0	1	-1	-1	-1	1	0	0	0	0	1	-1	-1	-1	0	0	-1	-1	0	1	33.7	104	69	37.3	67	42	0.8647	4.672	NA	NA	NA
DAB00049_1	1	0	0	0	1	0	0	0	0	0	0	0	0	0	0	0	0	1	0	0	0	0	1	-1	-1	0	1	-1	-1	-1	1	0	0	0	0	1	-1	-1	-1	0	0	-1	-1	0	1	32.7	104	70	37.4	131	82	0.905	3.985	NA	NA	NA
DAB01170_1	1	0	0	0	1	0	0	0	0	0	0	0	0	0	0	0	0	1	0	0	0	0	1	-1	-1	0	1	-1	-1	-1	1	0	0	0	0	1	-1	-1	-1	0	0	-1	-1	0	1	32.7	104	70	36.9	65	41	0.8772	4.553	NA	NA	NA
DAB16457_1	1	0	0	0	1	0	0	0	0	0	0	0	0	0	0	0	0	0	0	0	0	0	1	-1	-1	0	1	-1	-1	1	1	0	0	0	0	1	-1	-1	-1	0	0	-1	-1	0	1	29.3	82	58	42.9	133	76	0.9077	3.166	NA	NA	NA
CCZ51624_1	1	0	0	0	1	0	0	0	0	0	0	0	0	0	0	0	0	0	0	0	0	0	1	-1	-1	0	1	-1	-1	1	1	0	0	0	0	1	-1	-1	-1	0	0	-1	-1	0	1	29.3	82	58	42.9	133	76	0.9013	3.25	NA	NA	NA
DAA99010_1	1	0	0	0	1	0	0	0	0	0	0	0	0	0	0	0	0	0	0	0	0	0	1	-1	-1	0	1	-1	-1	1	1	0	0	0	0	1	-1	-1	-1	0	0	-1	-1	0	1	31.7	104	71	42.9	133	76	NA	NA	NA	NA	NA
DAA81617_1	1	0	0	0	1	0	0	0	0	0	0	0	0	0	0	0	0	0	0	0	0	0	1	-1	-1	0	1	-1	-1	1	1	0	0	0	0	1	-1	-1	-1	0	0	-1	-1	0	1	31.7	104	71	42.9	133	76	0.9183	2.933	NA	NA	NA
OLA72948_1	1	0	0	0	1	0	0	0	0	0	0	0	0	0	0	0	0	0	0	0	0	0	1	-1	-1	0	1	-1	-1	1	1	0	0	0	0	1	-1	-1	-1	0	0	-1	-1	-1	1	31.7	104	71	42.9	133	76	0.9125	2.09	NA	NA	NA
DAB23183_1	1	0	0	0	1	0	0	0	0	0	0	0	0	0	0	0	0	0	0	0	0	0	1	-1	-1	0	1	-1	-1	1	1	0	0	0	0	1	-1	-1	-1	0	0	-1	-1	0	1	31.7	104	71	42.9	133	76	0.8963	3.111	NA	NA	NA
DAA88517_1	1	0	0	0	1	0	0	0	0	0	0	0	0	0	0	0	0	0	0	0	0	0	1	-1	-1	0	1	-1	-1	1	1	0	0	0	0	1	-1	-1	-1	0	0	-1	-1	-1	1	31.7	104	71	42.9	133	76	0.9012	3.245	NA	NA	NA
DAB26220_1	1	0	0	0	1	0	0	0	0	0	0	0	0	0	0	0	0	0	0	0	0	0	1	-1	-1	0	1	-1	-1	1	1	0	0	0	0	1	-1	-1	-1	0	0	-1	-1	0	1	31.7	104	71	42.9	133	76	0.9069	3.042	NA	NA	NA
DAB00975_1	1	0	0	0	1	0	0	0	0	0	0	0	0	0	0	0	0	0	0	0	0	0	1	0	-1	1	1	-1	-1	1	1	0	0	0	-1	1	0	-1	0	0	0	-1	-1	0	1	31.6	98	67	38.5	143	88	0.9324	2.635	NA	NA	NA
DAB16604_1	1	0	0	0	1	0	0	0	0	0	0	0	0	0	0	0	0	0	0	0	0	0	1	0	-1	1	1	-1	-1	1	1	0	0	0	-1	1	0	-1	0	0	0	-1	-1	0	1	31.6	98	67	38.5	143	88	0.9142	3.497	NA	NA	NA
DAA89453_1	1	0	0	0	1	0	0	0	0	0	0	0	0	0	0	0	0	0	0	0	0	0	1	0	-1	1	1	-1	-1	1	1	0	0	0	-1	1	0	-1	0	0	0	-1	-1	0	1	31.6	98	67	38.5	143	88	0.924	3.479	NA	NA	NA
DAB07825_1	1	0	0	0	1	0	0	0	0	0	0	0	0	0	0	0	0	0	0	0	0	0	1	0	-1	1	1	-1	-1	1	1	0	0	0	-1	1	0	-1	0	0	0	-1	-1	0	1	31.6	98	67	38.5	143	88	0.9335	2.622	NA	NA	NA
OLA74318_1	1	0	0	0	1	0	0	0	0	0	0	0	0	0	0	0	0	0	0	0	0	0	1	0	-1	1	1	-1	-1	1	1	0	0	0	-1	1	0	-1	0	0	0	-1	-1	0	1	31.6	98	67	38.5	143	88	0.9114	3.529	NA	NA	NA
DAA97452_1	1	0	0	0	1	0	0	0	0	0	0	0	0	0	0	0	0	0	0	0	0	0	1	0	-1	1	1	-1	-1	1	1	0	0	0	0	1	0	-1	0	0	0	-1	-1	0	1	31.6	98	67	37.8	143	89	0.9374	2.583	NA	NA	NA
DAA87246_1	1	0	0	0	1	0	0	0	0	0	0	0	0	0	0	0	0	0	0	0	0	0	1	0	-1	0	1	-1	-1	1	1	0	0	0	1	1	0	-1	-1	0	0	-1	-1	0	1	30.3	109	71	39.6	134	81	0.9468	1.981	NA	NA	NA
DAB21596_1	1	0	0	0	1	0	0	0	0	0	0	0	0	0	0	0	0	0	0	0	0	0	1	0	-1	0	1	-1	-1	1	1	0	0	0	1	1	0	-1	-1	0	0	-1	-1	0	1	30.3	109	71	33.7	98	65	0.8764	2.935	NA	NA	NA
DAB06961_1	1	0	0	0	1	0	0	0	0	0	0	0	0	0	0	0	0	0	0	0	0	0	1	0	-1	0	1	-1	-1	1	1	0	0	0	1	1	0	-1	-1	0	0	-1	-1	0	1	30.3	109	71	39.6	134	81	0.9408	1.917	NA	NA	NA
DAA95544_1	1	0	0	0	1	0	0	0	0	0	0	0	0	0	0	0	0	0	0	0	0	0	1	0	-1	0	1	-1	-1	1	1	0	0	0	1	1	0	-1	-1	0	0	-1	-1	0	1	29.4	109	72	33.6	107	71	0.9255	2.211	NA	NA	NA
OLA74665_1	1	0	0	0	1	0	0	0	0	0	0	0	0	-1	0	0	0	0	0	0	0	0	1	-1	-1	0	1	-1	-1	1	1	0	0	0	0	1	-1	-1	-1	0	0	-1	-1	0	1	35.7	98	63	34.4	131	86	0.9295	3.052	NA	NA	NA
DAB04542_1	1	0	0	0	1	0	0	0	0	0	0	0	0	-1	0	0	0	0	0	0	0	0	1	-1	-1	0	1	-1	-1	1	1	0	0	0	0	1	-1	-1	0	0	0	-1	-1	-1	1	36.1	97	62	34.4	163	99	0.9145	2.262	NA	NA	NA
DAB09909_1	1	0	0	0	1	0	0	0	0	0	0	0	0	-1	0	0	0	0	0	0	0	0	1	-1	-1	0	1	-1	-1	1	1	0	0	0	0	1	-1	-1	0	0	0	-1	-1	-1	1	35.1	97	63	34.4	163	99	0.9282	2.16	NA	NA	NA
CCZ50502_1	1	NA	NA	NA	NA	0	0	0	0	0	0	0	0	-1	0	0	0	0	0	0	0	0	1	NA	NA	NA	NA	-1	-1	1	1	0	0	0	0	1	-1	-1	0	0	0	-1	-1	-1	1	36.1	97	62	32.9	76	43	0.7382	4.094	NA	NA	NA
OLA74879_1	1	0	0	0	1	0	0	0	0	0	0	0	0	-1	0	0	0	0	0	0	0	0	1	0	-1	1	1	-1	-1	1	1	0	0	0	0	1	-1	-1	-1	1	0	-1	0	-1	1	39.8	98	59	38.1	168	98	0.9204	3.092	NA	NA	NA
DAA86817_1	1	-1	0	0	1	0	0	0	0	0	0	0	0	0	0	0	0	0	0	0	0	0	1	1	-1	0	1	-1	-1	1	1	0	0	0	-1	1	0	-1	-1	1	0	-1	-1	1	1	33.7	86	57	41	134	79	0.9203	4.363	NA	NA	NA
DAB07018_1	1	-1	0	0	1	0	0	0	0	0	0	0	0	0	0	0	0	0	0	0	0	0	1	1	-1	0	1	-1	-1	1	1	0	0	0	-1	1	0	-1	-1	1	0	-1	-1	1	1	33.7	86	57	41	134	79	0.8968	2.612	NA	NA	NA
DAB05346_1	1	-1	0	0	1	0	0	0	0	0	0	0	0	0	0	0	0	0	0	0	0	0	1	1	-1	0	1	-1	-1	1	1	0	0	0	-1	1	0	-1	-1	1	0	-1	-1	1	1	34.9	86	56	41	134	79	0.9207	4.181	NA	NA	NA
CCZ50963_1	1	-1	0	0	1	0	0	0	0	0	0	0	0	0	0	0	0	0	0	0	0	0	1	1	-1	0	1	-1	-1	1	1	0	0	0	-1	1	0	-1	-1	1	0	-1	-1	1	1	33.7	86	57	41	134	79	0.9092	4.466	NA	NA	NA
DAB12447_1	1	-1	0	0	1	0	0	0	0	0	0	0	0	0	0	0	0	0	0	0	0	0	1	1	-1	0	1	-1	-1	1	1	0	0	0	-1	1	0	-1	-1	1	0	-1	-1	1	1	32.6	86	58	41	134	79	0.9377	3.613	NA	NA	NA
DAA96276_1	1	-1	0	0	1	0	0	0	0	0	0	0	0	0	0	0	0	0	0	0	0	0	1	1	-1	0	1	-1	-1	1	1	0	0	0	-1	1	0	-1	-1	1	0	-1	-1	1	1	33.7	86	57	41	134	79	0.935	1.745	NA	NA	NA
DAB25365_1	1	-1	0	0	1	0	0	0	0	0	0	0	0	0	0	0	0	0	0	0	0	0	1	1	-1	0	1	-1	-1	1	1	0	0	0	-1	1	0	-1	-1	1	0	-1	-1	1	1	32.6	86	58	41	134	79	0.9172	3.173	NA	NA	NA
DAA86302_1	1	-1	0	0	1	0	0	0	0	0	0	0	0	0	0	0	0	0	0	0	0	0	1	1	-1	0	1	-1	-1	1	1	0	0	0	-1	1	0	-1	-1	1	0	-1	-1	1	1	33.7	86	57	40.3	134	80	0.919	2.019	NA	NA	NA
DAB02555_1	1	-1	0	0	1	0	0	0	0	0	0	0	0	0	0	0	0	0	0	0	0	0	1	1	-1	0	1	-1	-1	1	1	0	0	0	-1	1	0	-1	-1	1	0	-1	-1	1	1	32.6	86	58	41	134	79	0.9289	2.025	NA	NA	NA
DAB24180_1	1	-1	0	0	1	0	0	0	0	0	0	0	0	0	0	0	0	0	0	0	0	0	1	1	-1	0	1	-1	-1	1	1	0	0	0	-1	1	0	-1	-1	1	0	-1	-1	1	1	32.6	86	58	41	134	79	0.8683	4.764	NA	NA	NA
DAB19883_1	1	0	0	0	1	0	0	0	0	0	0	0	0	1	0	0	0	-1	0	0	0	0	1	0	0	0	1	-1	-1	1	1	0	0	0	0	1	0	-1	-1	1	0	-1	-1	1	1	34.7	101	62	30.9	139	89	0.9068	2.167	NA	NA	NA
DAB02450_1	1	0	0	0	1	0	0	0	0	0	0	0	0	1	0	0	0	-1	0	0	0	0	1	0	0	0	1	-1	-1	1	1	0	0	0	0	1	0	-1	-1	1	0	-1	-1	1	1	31.5	108	70	30.9	139	89	0.8814	2.531	NA	NA	NA
DAB11549_1	1	0	0	0	1	0	0	0	0	0	0	0	0	1	0	0	0	-1	0	0	0	0	1	0	0	0	1	-1	-1	1	1	0	0	0	0	1	0	-1	-1	1	0	-1	-1	1	1	31.5	108	70	30.9	139	89	0.9241	1.933	NA	NA	NA
DAB13224_1	1	0	0	0	1	0	0	0	0	0	0	0	0	1	0	0	0	-1	0	0	0	0	1	0	0	0	1	-1	-1	1	1	0	0	0	0	1	0	-1	-1	1	0	-1	-1	1	1	30.6	108	71	33.1	169	106	0.9408	1.805	NA	NA	NA
DAA99144_1	1	0	0	0	1	0	0	0	0	0	0	0	0	1	0	0	0	-1	0	0	0	0	1	0	0	-1	1	-1	-1	1	1	0	0	0	0	1	0	-1	-1	1	0	-1	-1	1	1	29.6	108	72	32.1	156	99	0.9171	2.483	NA	NA	NA
DAB09439_1	1	0	0	0	1	0	0	0	-1	0	0	0	0	0	0	0	0	-1	0	0	0	0	1	0	0	0	1	-1	-1	1	1	0	0	0	0	1	-1	-1	-1	1	0	-1	-1	1	1	31.4	102	66	34.1	132	87	0.8951	2.899	NA	NA	NA
DAA90692_1	1	0	0	0	1	0	0	0	0	0	0	0	0	-1	0	0	0	0	0	0	0	-1	1	0	-1	0	1	-1	1	1	1	0	0	0	1	1	-1	-1	0	1	0	-1	-1	1	1	36	86	55	36.1	133	85	0.9196	2.755	NA	NA	NA
DAA81601_1	1	0	0	0	1	0	0	0	0	0	0	0	0	-1	0	0	0	0	0	0	0	-1	1	0	-1	0	1	-1	1	1	1	0	0	0	1	1	-1	-1	0	1	0	-1	-1	1	1	34.9	86	56	36.1	133	85	0.9216	2.759	NA	NA	NA
DAB23987_1	1	0	0	0	1	0	0	0	0	0	0	0	0	-1	0	0	0	0	0	0	0	-1	1	0	-1	0	1	-1	1	1	1	0	0	0	1	1	-1	-1	0	1	0	-1	-1	1	1	36	86	55	29.8	94	66	0.8464	3.636	NA	NA	NA
DAB06612_1	1	0	0	0	1	0	0	0	0	0	0	0	0	-1	0	0	0	0	0	0	0	-1	1	0	-1	0	1	-1	1	1	1	0	0	0	1	1	-1	-1	0	1	0	-1	-1	1	1	36	86	55	36.1	133	85	0.9285	2.683	NA	NA	NA
OLA72934_1	1	0	0	0	1	0	0	0	0	0	0	0	0	-1	0	0	0	0	0	0	0	-1	1	0	-1	0	1	-1	1	1	1	0	0	0	1	1	-1	-1	0	1	0	-1	-1	1	1	36	86	55	36.1	133	85	0.927	2.682	NA	NA	NA
CCZ51334_1	1	0	0	0	1	0	0	0	0	0	0	0	0	-1	0	0	0	0	0	0	0	-1	1	0	-1	0	1	-1	1	1	1	0	0	0	1	1	-1	-1	0	1	0	-1	-1	1	1	36	86	55	36.1	133	85	0.9198	2.772	NA	NA	NA
DAB05088_1	1	0	0	0	1	0	0	0	0	0	0	0	0	-1	0	0	0	0	0	0	0	-1	1	0	-1	0	1	-1	1	1	1	0	0	0	1	1	-1	-1	0	1	0	-1	-1	1	1	36	86	55	36.1	133	85	0.7512	2.64	NA	NA	NA
CCZ49622_1	1	0	0	0	1	0	0	0	0	0	0	0	1	-1	0	0	0	-1	0	0	0	0	1	0	0	-1	1	-1	-1	-1	1	0	0	-1	1	1	1	-1	-1	1	0	-1	-1	1	1	31.3	83	57	35.9	131	84	0.9318	1.912	NA	NA	NA
DAA88937_1	1	0	0	0	1	0	0	0	0	0	0	0	1	-1	0	0	0	-1	0	0	0	0	1	0	0	-1	1	-1	-1	-1	1	0	0	-1	1	1	1	-1	-1	1	0	-1	-1	1	1	31.3	83	57	35.9	131	84	0.9282	2.818	NA	NA	NA
DAB04930_1	1	0	0	0	1	0	0	0	0	0	0	0	1	-1	0	0	0	-1	0	0	0	0	1	0	0	-1	1	-1	-1	-1	1	0	0	-1	1	1	1	-1	-1	1	0	-1	-1	1	1	31.3	83	57	33.9	121	80	0.8313	3.436	NA	NA	NA
DAA82536_1	1	0	0	0	1	0	0	0	0	0	0	0	1	-1	0	0	0	-1	0	0	0	0	1	0	0	-1	1	-1	-1	-1	1	0	0	-1	1	1	1	-1	-1	1	0	-1	-1	1	1	31.3	83	57	35.9	131	84	0.8969	2.791	NA	NA	NA
DAB26897_1	1	0	0	0	1	0	0	0	0	0	0	0	1	-1	0	0	0	-1	0	0	0	0	1	0	0	-1	1	-1	-1	-1	1	0	0	-1	1	1	1	-1	-1	1	0	-1	-1	1	1	31.3	83	57	35.1	131	85	0.9244	3.34	NA	NA	NA
DAA82799_1	1	0	0	0	1	0	0	0	0	0	0	0	0	0	0	0	0	0	0	0	0	-1	1	0	-1	0	1	-1	-1	1	1	0	0	0	0	1	-1	-1	-1	1	0	-1	-1	1	1	31.4	86	59	39.8	133	80	0.9287	1.73	NA	NA	NA
DAA88882_1	1	0	0	0	1	0	0	0	0	0	0	0	0	0	0	0	0	0	0	0	0	-1	1	0	-1	-1	1	-1	-1	1	1	0	0	0	0	1	-1	-1	-1	1	0	-1	-1	1	1	31.4	86	59	39.1	133	81	0.9175	1.966	NA	NA	NA
CCZ49681_1	1	0	0	0	1	0	0	0	0	0	0	0	0	0	0	0	0	0	0	0	0	-1	1	0	-1	-1	1	-1	-1	1	1	0	0	0	0	1	-1	-1	-1	1	0	-1	-1	1	1	30.2	86	60	40.6	133	79	0.9469	1.497	NA	NA	NA
DAB21396_1	1	0	0	0	1	0	0	0	0	0	0	0	0	0	0	0	0	0	0	0	0	-1	1	0	-1	-1	1	-1	-1	1	1	0	0	0	0	1	-1	-1	-1	1	0	-1	-1	1	1	31.4	86	59	39.8	133	80	0.9218	1.876	NA	NA	NA
DAB04460_1	1	0	0	0	1	0	0	0	0	0	0	0	0	0	0	0	0	0	0	0	0	-1	1	0	-1	-1	1	-1	-1	1	1	0	0	0	0	1	-1	-1	-1	1	0	-1	-1	1	1	31.4	86	59	36.3	168	103	0.9223	1.866	NA	NA	NA
OLA74587_1	1	0	0	0	1	0	0	0	0	0	0	0	0	0	0	0	0	0	0	0	0	-1	1	0	-1	-1	1	-1	-1	1	1	0	0	0	0	1	-1	-1	-1	1	0	-1	-1	1	1	31.4	86	59	40.6	133	79	0.9237	1.795	NA	NA	NA
DAB04901_1	1	0	0	0	1	0	0	0	0	0	0	0	0	0	0	0	0	0	0	0	0	-1	1	0	-1	-1	1	-1	-1	1	1	0	0	0	0	1	-1	-1	-1	1	0	-1	-1	1	1	30.2	86	60	39.8	133	80	0.9365	2.962	NA	NA	NA
DAA87988_1	1	0	0	0	1	0	0	0	0	0	0	0	0	0	0	0	0	0	0	0	0	0	1	-1	0	0	1	-1	0	1	1	0	0	0	-1	-1	0	-1	-1	1	0	-1	-1	1	1	33.7	89	59	35.1	148	93	0.9392	1.965	NA	NA	NA
OLA75266_1	1	0	0	0	1	0	0	0	0	0	0	0	0	0	0	0	0	0	0	0	0	0	1	-1	0	0	1	-1	0	1	1	0	0	0	-1	-1	0	-1	-1	1	0	-1	-1	1	1	33.7	89	59	35.3	133	86	0.9283	2.274	NA	NA	NA
DAB21477_1	1	0	0	0	1	0	0	0	0	0	0	0	0	0	0	0	0	0	0	0	0	0	1	-1	0	0	1	-1	0	1	1	0	0	0	-1	-1	0	-1	-1	1	0	-1	-1	1	1	33.7	89	59	33.3	120	80	0.8974	3.428	NA	NA	NA
DAB21982_1	1	0	0	0	1	0	0	0	0	1	0	-1	0	0	0	0	0	0	0	0	0	-1	1	0	-1	0	1	-1	-1	0	1	1	0	1	-1	-1	0	-1	-1	1	0	-1	-1	1	1	25.8	89	66	27.5	120	87	0.8945	3.366	NA	NA	NA
DAA87970_1	1	0	0	0	1	0	0	0	0	1	0	-1	0	0	0	0	0	0	0	0	0	-1	1	0	-1	0	1	-1	-1	0	1	1	0	1	-1	-1	0	-1	-1	1	0	-1	-1	1	1	27	89	65	32.7	147	99	0.9286	3.162	NA	NA	NA
DAB19666_1	1	0	0	0	1	0	0	0	0	1	0	-1	0	0	0	0	0	0	0	0	0	-1	1	0	-1	0	1	-1	-1	0	1	1	0	1	-1	-1	0	-1	-1	1	0	-1	-1	1	1	25.8	89	66	32.7	147	99	0.9219	3.333	NA	NA	NA
DAA99517_1	1	0	0	0	1	0	0	0	0	1	0	-1	0	0	0	0	0	0	0	0	0	-1	1	0	-1	0	1	-1	-1	0	1	1	0	1	-1	-1	0	-1	-1	1	0	-1	-1	1	1	27	89	65	32.7	147	99	0.9139	3.045	NA	NA	NA
DAA82930_1	1	0	0	0	1	0	0	0	0	1	0	-1	0	0	0	0	0	0	0	0	0	-1	1	0	-1	0	1	-1	-1	0	1	1	0	1	-1	-1	0	-1	-1	1	0	-1	-1	1	1	27	89	65	32.7	147	99	0.9237	2.953	NA	NA	NA
OLA75281_1	1	0	0	0	1	0	0	0	0	1	0	-1	0	0	0	0	0	0	0	0	0	-1	1	0	-1	0	1	-1	-1	0	1	1	0	1	-1	-1	0	-1	-1	1	0	-1	-1	1	1	25.8	89	66	32	147	100	0.9196	2.636	NA	NA	NA
DAB26596_1	1	0	0	0	1	0	0	0	0	1	0	-1	0	0	0	0	0	0	0	0	0	-1	1	0	-1	0	1	-1	-1	0	1	1	0	1	-1	-1	0	-1	-1	1	0	-1	-1	1	1	25.8	89	66	32.7	147	99	0.9119	3.028	NA	NA	NA
DAB10207_1	1	0	0	0	1	0	0	0	0	1	0	-1	0	0	0	0	0	0	0	0	0	-1	1	0	-1	0	1	-1	-1	0	1	1	0	1	-1	-1	0	-1	-1	1	0	-1	-1	1	1	25.8	89	66	27	111	81	0.84	3.907	NA	NA	NA
CCZ50597_1	1	0	0	0	1	0	0	0	0	1	0	-1	0	0	0	0	0	0	0	0	0	-1	1	0	-1	0	1	-1	-1	0	1	1	0	1	-1	-1	0	-1	-1	1	0	-1	-1	1	1	25.8	89	66	32.7	147	99	0.9309	3.06	NA	NA	NA
DAB12162_1	1	0	0	0	1	0	0	0	0	1	0	-1	0	0	0	0	0	0	0	0	0	-1	1	0	-1	0	1	-1	-1	0	1	1	0	1	-1	-1	0	-1	-1	1	0	-1	-1	1	1	25.6	82	61	28.7	122	87	0.8747	3.486	NA	NA	NA
DAB07960_1	1	0	0	0	1	0	0	0	0	1	0	-1	0	0	0	0	0	0	0	0	0	-1	1	0	-1	0	1	-1	-1	0	1	1	0	1	-1	-1	0	-1	-1	1	0	-1	-1	1	1	25.8	89	66	27.5	120	87	0.9003	3.224	NA	NA	NA
DAA92314_1	1	0	0	0	1	0	-1	0	0	0	0	0	1	0	0	0	0	-1	0	0	0	0	1	1	-1	0	1	-1	1	0	1	0	0	0	1	0	-1	-1	-1	1	0	-1	-1	1	1	31.3	83	57	37.5	128	80	0.8888	5.335	NA	NA	NA
DAB06181_1	1	0	0	0	1	0	-1	0	0	0	0	0	1	0	0	0	0	-1	0	0	0	0	1	1	-1	0	1	-1	1	0	1	0	0	0	1	0	-1	-1	-1	1	0	-1	-1	1	1	30.2	86	60	38.3	128	79	0.8974	4.626	NA	NA	NA
DAA86691_1	1	0	0	0	1	0	-1	0	0	0	0	0	1	0	0	0	0	-1	0	0	0	0	1	1	-1	0	1	-1	1	0	1	0	0	0	1	0	-1	-1	-1	1	0	-1	-1	1	1	30.2	86	60	37.5	128	80	0.8968	4.769	NA	NA	NA
DAB15440_1	1	0	0	0	1	0	-1	0	0	0	0	0	1	0	0	0	0	-1	0	0	0	0	1	1	-1	0	1	-1	1	0	1	0	0	0	1	0	-1	-1	-1	1	0	-1	-1	1	1	30.2	86	60	36.7	128	81	0.903	4.714	NA	NA	NA
DAB13034_1	1	0	0	0	1	0	-1	0	0	0	0	0	1	1	0	0	0	-1	0	0	0	0	1	1	-1	-1	1	-1	1	0	1	0	0	0	1	1	-1	-1	-1	1	0	-1	-1	1	1	30.2	86	60	35.2	128	83	0.8907	6.172	NA	NA	NA
DAB26546_1	1	0	0	0	1	0	-1	0	0	0	0	0	1	1	0	0	0	-1	0	0	0	0	1	1	-1	-1	1	-1	1	0	1	0	0	0	1	1	-1	-1	-1	1	0	-1	-1	1	1	30.2	86	60	35.2	128	83	0.8888	6.197	NA	NA	NA
DAB01595_1	1	0	0	0	1	0	-1	0	0	0	0	0	1	1	0	0	0	-1	0	0	0	0	1	1	-1	-1	1	-1	1	0	1	0	0	0	1	1	-1	-1	-1	1	0	-1	-1	1	1	30.2	86	60	32.2	121	82	0.8781	6.298	NA	NA	NA
DAB00178_1	1	0	0	0	1	0	-1	0	0	0	0	0	1	1	0	0	0	-1	0	0	0	0	1	1	-1	-1	1	-1	1	0	1	0	0	0	1	1	-1	-1	-1	1	0	-1	-1	1	1	30.2	86	60	33.1	118	79	0.8799	6.014	NA	NA	NA
CCZ49731_1	1	0	0	0	1	0	0	0	0	0	0	0	0	1	0	0	0	-1	0	0	0	-1	1	0	-1	0	1	-1	-1	-1	1	0	0	0	-1	1	-1	-1	-1	1	0	-1	-1	1	1	31.8	110	73	36.9	130	82	0.9082	3.38	NA	NA	NA
DAB15652_1	1	0	0	0	1	0	0	0	0	0	0	0	0	1	0	0	0	-1	0	0	0	-1	1	0	-1	0	1	-1	-1	-1	1	0	0	0	-1	1	-1	-1	-1	1	0	-1	-1	1	1	31.8	110	73	36.9	130	82	0.9008	3.442	NA	NA	NA
DAA92338_1	1	0	0	0	1	0	0	0	0	-1	0	0	0	0	0	0	0	-1	0	0	0	-1	1	0	-1	0	0	-1	-1	1	1	1	0	0	1	-1	0	-1	-1	1	0	-1	-1	1	1	31.3	115	76	32.7	171	115	0.9278	2.54	NA	NA	NA
DAB12509_1	1	0	0	0	1	0	0	0	0	-1	0	0	0	0	0	0	0	-1	0	0	0	-1	1	0	-1	0	0	-1	-1	1	1	1	0	0	1	-1	0	-1	-1	1	0	-1	-1	1	1	31.3	115	76	31	155	107	0.8871	2.988	NA	NA	NA
DAB19832_1	1	0	0	0	1	0	0	0	0	-1	0	0	0	0	0	0	0	-1	0	0	0	-1	1	0	-1	0	0	-1	-1	1	1	1	0	0	1	-1	0	-1	-1	1	0	-1	-1	1	1	31.3	115	76	32.7	171	115	0.9424	3.018	NA	NA	NA
DAB21485_1	1	0	0	0	1	0	0	0	0	-1	0	0	0	0	0	0	0	-1	0	0	0	-1	1	0	-1	0	0	-1	-1	1	1	1	0	0	1	-1	0	-1	-1	1	0	-1	-1	1	1	30.4	115	77	32.7	171	115	0.9464	2.979	NA	NA	NA
DAB09447_1	1	0	0	0	1	0	0	0	0	-1	0	0	0	0	0	0	0	-1	0	0	0	-1	1	0	-1	0	0	-1	-1	1	1	1	0	0	1	-1	0	-1	-1	1	0	-1	-1	1	1	31.3	115	76	32.7	171	115	0.9257	3.14	NA	NA	NA
CCZ50919_1	1	0	0	0	1	0	0	0	0	-1	0	0	0	0	0	0	0	-1	0	0	0	-1	1	0	0	0	1	-1	-1	1	1	1	0	0	1	-1	0	-1	-1	1	0	-1	-1	1	1	31.3	115	76	33.9	171	113	0.9181	3.252	NA	NA	NA
DAB04550_1	1	0	0	0	1	0	0	0	0	-1	0	0	0	0	0	0	0	-1	0	0	0	-1	1	0	0	0	1	-1	-1	1	1	1	0	0	1	-1	0	-1	-1	1	0	-1	-1	1	1	31.3	115	76	33.3	171	114	0.9192	3.28	NA	NA	NA
OLA75260_1	1	0	0	0	1	0	0	0	0	-1	0	0	0	0	0	0	0	-1	0	0	0	-1	1	0	0	0	1	-1	-1	1	1	1	0	0	1	-1	0	-1	-1	1	0	-1	-1	1	1	31.3	115	76	33.9	171	113	0.9122	3.328	NA	NA	NA
DAB01976_1	1	0	0	0	1	0	0	0	0	0	0	0	0	0	0	0	0	-1	0	0	0	0	1	0	-1	0	1	-1	-1	1	1	0	0	0	0	1	-1	-1	-1	1	0	-1	-1	1	1	33.7	98	63	35.1	134	87	0.9174	2.992	NA	NA	NA
DAB10841_1	1	0	0	0	1	0	0	0	0	0	0	0	0	0	0	0	0	-1	0	0	0	0	1	0	-1	0	1	-1	-1	1	1	0	0	0	0	1	-1	-1	-1	1	0	-1	-1	1	1	33.7	98	63	35.1	134	87	0.906	3.079	NA	NA	NA
DAB03207_1	1	0	0	0	1	0	0	0	0	0	0	0	0	0	0	0	0	-1	0	0	0	0	1	0	-1	0	1	-1	-1	1	1	0	0	0	0	1	-1	-1	-1	1	0	-1	-1	1	1	33.7	98	63	35.1	134	87	0.9013	3.113	NA	NA	NA
CCZ51420_1	1	0	0	0	1	0	0	0	0	0	0	0	0	0	0	0	0	-1	0	0	0	0	1	0	-1	0	1	-1	-1	1	1	0	0	0	0	1	-1	-1	-1	1	0	-1	-1	1	1	33.7	98	63	35.1	134	87	0.928	2.896	NA	NA	NA
DAA98519_1	1	0	0	0	1	0	0	0	0	0	0	0	0	0	0	0	0	-1	0	0	0	0	1	0	-1	0	1	-1	-1	1	1	0	0	0	0	1	-1	-1	-1	1	0	-1	-1	1	1	33.7	98	63	32.7	107	72	0.9064	3.164	NA	NA	NA
DAA88213_1	1	0	0	0	1	0	0	0	0	0	0	0	0	0	0	0	0	-1	0	0	0	0	1	0	-1	0	1	-1	-1	1	1	0	0	0	0	1	-1	-1	-1	1	0	-1	-1	1	1	33.7	98	63	37.3	134	84	0.9344	2.849	NA	NA	NA
DAB17916_1	1	0	0	0	1	0	0	0	0	0	0	0	0	0	0	0	0	-1	0	0	0	0	1	0	-1	0	1	-1	-1	1	1	0	0	0	0	1	-1	-1	-1	1	0	-1	-1	1	1	33.7	98	63	34.3	134	88	0.8698	3.408	NA	NA	NA
DAA85486_1	1	0	0	0	1	0	0	0	0	0	0	0	0	0	0	0	0	-1	0	0	0	0	1	0	-1	0	1	-1	-1	1	1	0	0	0	0	1	-1	-1	-1	1	0	-1	-1	1	1	33.7	98	63	34.3	134	88	0.9286	2.878	NA	NA	NA
DAB08259_1	1	0	0	0	1	0	0	0	0	0	0	0	0	0	0	0	0	-1	0	0	0	0	1	0	-1	0	1	-1	-1	1	1	0	0	0	0	1	-1	-1	-1	1	0	-1	-1	1	1	33.7	98	63	34.3	134	88	0.9328	2.846	NA	NA	NA
DAB14915_1	1	0	0	0	1	0	0	0	0	0	0	0	0	0	0	0	0	-1	0	0	0	0	1	0	-1	0	1	-1	-1	1	1	0	0	0	0	1	-1	-1	-1	1	0	-1	-1	1	1	33.7	98	63	29.2	89	63	0.8793	3.487	NA	NA	NA
DAB08971_1	1	0	0	0	1	0	0	0	0	0	0	0	0	0	0	0	0	-1	0	0	0	0	1	0	-1	0	1	-1	-1	1	1	0	0	0	0	1	-1	-1	-1	1	0	-1	-1	1	1	33.7	98	63	34.3	134	88	0.9344	2.827	NA	NA	NA
DAB21826_1	1	0	0	0	1	0	0	0	0	0	0	0	0	0	0	0	0	-1	0	0	0	0	1	0	-1	0	1	-1	-1	1	1	0	0	0	0	1	-1	-1	-1	1	0	-1	-1	1	1	33.7	98	63	34.3	134	88	0.924	2.936	NA	NA	NA
DAB09224_1	1	0	0	0	1	0	0	0	0	-1	0	0	1	0	-1	0	0	0	0	0	0	0	1	-1	-1	0	1	-1	-1	1	1	1	0	0	1	0	1	-1	-1	1	0	-1	-1	1	1	30.2	106	67	36.8	152	96	0.9185	5.833	NA	NA	NA
DAB27132_1	1	-1	0	0	1	0	0	0	0	0	0	0	0	-1	0	0	0	0	0	0	0	-1	1	1	0	0	1	-1	-1	1	1	0	1	0	-1	1	0	-1	-1	1	1	-1	-1	1	1	31	87	60	37.6	133	83	0.9436	1.667	NA	NA	NA
DAB09703_1	1	-1	0	0	1	0	0	0	0	0	0	0	0	-1	0	0	0	0	0	0	0	-1	1	1	0	0	1	-1	-1	1	1	0	1	0	-1	1	0	-1	-1	1	1	-1	-1	1	1	31	87	60	37.6	133	83	0.9369	1.753	NA	NA	NA
DAA98813_1	1	-1	0	0	1	0	0	0	0	0	0	0	0	-1	0	0	0	0	0	0	0	-1	1	1	0	0	1	-1	-1	1	1	0	1	0	-1	1	0	-1	-1	1	0	-1	-1	1	1	31	87	60	30.9	97	67	0.8384	3.435	NA	NA	NA
WP_002945637_1	0	-1	0	-1	1	0	0	1	0	0	0	0	0	0	0	0	0	0	0	0	0	0	0	1	-1	1	1	-1	0	1	0	0	-1	1	0	1	-1	-1	-1	1	0	0	-1	-1	1	NA	NA	NA	NA	NA	NA	0.7785	4.096	NA	NA	NA
WP_009495925_1	0	-1	0	-1	1	0	0	1	0	0	0	0	0	-1	0	0	0	0	0	0	0	0	0	1	-1	1	1	-1	0	1	0	0	-1	1	0	1	-1	-1	-1	1	0	0	-1	-1	1	NA	NA	NA	NA	NA	NA	0.779	4.599	NA	NA	NA
EET80831_1	0	-1	0	-1	1	0	0	1	0	0	0	0	0	-1	0	0	0	0	0	0	0	0	0	1	-1	1	1	-1	0	1	0	0	-1	1	0	1	-1	-1	-1	1	0	0	-1	-1	1	NA	NA	NA	NA	NA	NA	0.7198	4.413	NA	NA	NA
ASM39922_1	0	-1	0	0	1	0	0	0	0	0	0	0	0	0	0	0	0	0	0	0	0	0	0	1	-1	1	1	-1	0	0	0	-1	-1	1	1	1	-1	-1	-1	1	0	0	-1	-1	1	NA	NA	NA	32.5	123	79	0.8511	5.366	NA	NA	NA
CDC20643_1	1	-1	0	0	1	0	0	0	0	0	0	0	0	0	0	0	0	0	0	0	0	0	1	1	-1	1	1	-1	0	1	1	0	0	0	1	1	1	-1	-1	1	0	-1	-1	1	1	NA	NA	NA	32.5	120	78	0.9478	2.144	NA	NA	NA
WP_012228923_1	NA	-1	0	0	0	0	0	0	0	-1	0	0	1	0	-1	0	0	0	0	0	0	0	NA	1	-1	1	-1	-1	-1	1	1	1	1	0	1	0	1	-1	1	1	0	0	0	1	NA	38	50	31	31.7	167	110	0.8937	3.698	NA	NA	NA
CDC39860_1	0	-1	0	1	1	0	0	0	0	-1	0	0	0	-1	1	0	0	-1	1	0	0	0	0	1	-1	0	1	-1	0	1	1	1	1	0	-1	1	0	-1	-1	1	0	-1	-1	0	0	39.1	110	67	36.8	136	86	0.8804	4.065	NA	NA	NA
SQB35725_1	1	-1	0	0	1	0	0	0	0	0	0	0	0	0	0	0	0	0	0	0	0	0	1	1	-1	1	1	-1	0	0	1	0	0	0	1	0	1	-1	0	1	0	-1	0	1	1	33.6	107	71	38.6	153	78	0.8792	4.04	NA	NA	NA
DAA90084_1	1	-1	0	-1	1	0	0	0	0	-1	0	0	1	-1	-1	0	0	0	0	0	0	-1	1	1	-1	1	1	-1	0	1	1	1	1	0	1	1	1	-1	-1	-1	-1	-1	-1	1	1	35.8	95	61	36.2	127	81	0.901	2.774	NA	NA	NA
DAB09181_1	1	-1	0	-1	1	0	0	0	0	-1	0	0	1	-1	-1	0	0	0	0	0	0	-1	1	1	-1	1	1	-1	0	1	1	1	1	0	1	1	1	-1	-1	-1	-1	-1	-1	1	1	35.8	95	61	36.2	127	81	0.9235	2.323	NA	NA	NA
DAB16588_1	1	-1	0	-1	1	0	0	0	0	-1	0	0	1	-1	-1	0	0	0	0	0	0	-1	1	1	-1	1	1	-1	0	1	1	1	1	0	1	1	1	-1	-1	-1	-1	-1	-1	1	1	35.8	95	61	40.6	133	79	0.8928	2.875	NA	NA	NA
DAA87306_1	1	-1	0	-1	1	0	0	0	0	-1	0	0	1	-1	-1	0	0	0	0	0	0	-1	1	1	-1	1	1	-1	0	1	1	1	1	0	1	1	1	-1	-1	-1	-1	-1	-1	1	1	35.8	95	61	36.2	127	81	0.9162	2.456	NA	NA	NA
DAB03572_1	1	-1	0	-1	1	0	0	0	0	-1	0	0	1	-1	-1	0	0	0	0	0	0	-1	1	1	-1	1	1	-1	-1	1	1	1	1	0	1	1	1	-1	-1	-1	-1	-1	-1	1	1	35.8	95	61	37	127	80	0.8643	3.235	NA	NA	NA
DAB07719_1	1	-1	0	-1	0	0	0	0	0	-1	0	0	1	-1	-1	0	0	0	0	0	0	-1	1	1	-1	1	-1	-1	-1	1	1	1	1	0	1	1	1	-1	-1	-1	-1	-1	-1	1	1	35.8	95	61	36.2	127	81	0.9184	2.572	NA	NA	NA
DAB12771_1	1	-1	0	-1	1	0	0	0	0	-1	0	0	1	-1	-1	0	0	0	0	0	0	-1	1	1	-1	1	1	-1	-1	1	1	1	1	0	1	1	1	-1	-1	-1	-1	-1	-1	1	1	35.8	95	61	37	127	80	0.9033	2.754	NA	NA	NA
DAB21636_1	1	-1	0	-1	1	0	0	0	0	-1	0	0	1	-1	-1	0	0	0	0	0	0	-1	1	1	-1	1	1	-1	-1	1	1	1	1	0	1	1	1	-1	-1	-1	-1	-1	-1	1	1	36.8	95	60	37	127	80	0.8527	3.285	NA	NA	NA
CCZ50882_1	1	-1	0	-1	1	0	0	0	0	-1	0	0	1	-1	-1	0	0	0	0	0	0	-1	1	1	-1	1	1	-1	0	1	1	1	1	0	1	1	1	-1	-1	-1	-1	-1	-1	1	1	35.8	95	61	36.2	127	81	0.912	2.478	NA	NA	NA
DAB18844_1	1	-1	0	-1	1	0	0	0	0	-1	0	0	1	-1	-1	0	0	0	0	0	0	-1	1	1	-1	1	1	-1	0	1	1	1	1	0	1	1	1	-1	-1	-1	-1	-1	-1	1	1	35.8	95	61	36.2	127	81	0.9256	2.496	NA	NA	NA
DAB13175_1	1	-1	0	-1	1	0	0	0	0	0	0	-1	0	-1	-1	0	0	0	0	0	0	0	1	1	-1	1	1	-1	-1	1	1	0	0	1	-1	1	1	-1	0	-1	0	-1	-1	-1	1	32.3	93	63	35.8	123	79	0.8836	3.249	NA	NA	NA
DAB21047_1	1	-1	0	-1	1	0	0	0	0	0	0	-1	0	-1	-1	0	0	0	0	0	0	0	1	1	-1	1	1	-1	-1	1	1	0	0	1	-1	1	1	-1	0	-1	0	-1	-1	-1	1	32.3	93	63	36.9	103	65	0.8342	2.873	NA	NA	NA
DAA84775_1	1	-1	0	-1	1	0	0	0	0	-1	0	-1	0	-1	-1	0	0	0	0	0	0	0	1	1	-1	1	1	-1	-1	1	1	1	0	1	-1	1	1	-1	0	-1	0	-1	-1	-1	1	32.3	93	63	35.8	123	79	0.8802	3.12	NA	NA	NA
OLA74188_1	1	-1	0	-1	1	0	0	0	0	-1	0	-1	0	-1	-1	0	0	0	0	0	0	0	1	1	-1	1	1	-1	-1	1	1	1	0	1	-1	1	1	-1	0	-1	0	-1	-1	-1	1	32.3	93	63	35.8	123	79	0.4911	8.98	NA	NA	NA
DAB02041_1	1	-1	0	-1	1	0	0	0	0	-1	0	-1	0	-1	-1	0	0	0	0	0	0	0	1	1	-1	1	1	-1	-1	1	1	1	0	1	-1	1	1	-1	0	-1	0	-1	-1	-1	1	31.9	91	62	35.8	123	79	0.7583	3.986	NA	NA	NA
DAB10284_1	1	-1	0	-1	1	0	0	0	0	-1	0	-1	0	-1	-1	0	0	0	0	0	0	0	1	1	-1	1	1	-1	-1	1	1	1	0	1	-1	1	1	-1	0	-1	0	-1	-1	-1	1	32.3	93	63	35.8	123	79	0.5834	9.604	NA	NA	NA
DAB05240_1	1	-1	0	-1	1	0	0	0	0	0	0	-1	0	-1	-1	0	0	0	0	0	0	0	1	1	-1	1	1	-1	-1	1	1	0	0	1	-1	1	1	-1	0	-1	0	-1	-1	-1	1	32.3	93	63	35.8	123	79	0.7509	5.565	NA	NA	NA
DAB06650_1	1	-1	0	-1	1	0	0	0	0	0	0	-1	0	-1	-1	0	0	0	0	0	0	0	1	1	-1	1	1	-1	-1	1	1	0	0	1	-1	1	1	-1	0	-1	0	-1	-1	-1	1	32.3	93	63	36.4	110	70	0.8721	2.209	NA	NA	NA
DAA91423_1	1	-1	0	-1	1	0	0	0	0	0	0	-1	0	-1	-1	0	0	0	0	0	0	0	1	1	-1	1	1	-1	-1	1	1	0	0	1	-1	1	1	-1	0	-1	0	-1	-1	-1	1	32.3	93	63	35.8	123	79	0.8693	3.119	NA	NA	NA
DAB02860_1	1	-1	0	-1	1	0	0	0	0	0	0	-1	0	-1	-1	0	0	0	0	0	0	0	1	1	-1	1	1	-1	-1	1	1	0	0	1	-1	1	1	-1	-1	-1	0	-1	-1	-1	1	26.7	101	71	35.7	126	81	NA	NA	NA	NA	NA
DAB09406_1	1	-1	0	-1	1	0	0	0	0	0	0	-1	0	-1	-1	0	0	0	0	0	0	0	1	1	-1	1	1	-1	-1	1	1	0	0	1	-1	1	1	-1	-1	-1	0	-1	-1	-1	1	26.7	101	71	35.7	126	81	0.688	3.885	NA	NA	NA
DAB10973_1	1	-1	0	-1	1	0	0	0	0	0	0	-1	0	-1	-1	0	0	0	0	0	0	0	1	1	-1	1	1	-1	-1	1	1	0	0	1	-1	1	1	-1	-1	-1	0	-1	-1	-1	1	26.7	101	71	35.7	126	81	0.872	3.023	NA	NA	NA
WP_099510531_1	0	0	0	0	1	0	0	0	0	0	NA	NA	0	0	0	0	0	1	0	0	-1	0	0	0	-1	1	1	0	-1	0	1	0	NA	NA	0	1	-1	-1	0	1	0	1	1	-1	-1	NA	NA	NA	21.8	142	101	0.7638	8.963	NA	NA	NA
CCZ30931_1	0	0	0	-1	0	0	0	0	-1	NA	0	0	0	0	-1	0	0	0	0	1	0	0	0	1	-1	1	1	-1	-1	0	1	NA	-1	0	-1	0	1	0	0	0	1	1	1	-1	-1	NA	NA	NA	25.7	167	101	0.744	22.16	NA	NA	NA
CDB53741_1	0	0	0	0	0	0	0	0	-1	0	0	NA	NA	NA	NA	0	0	0	0	1	-1	0	0	1	-1	1	1	-1	-1	0	1	1	0	NA	NA	NA	NA	-1	1	0	1	1	1	-1	-1	NA	NA	NA	NA	NA	NA	0.7965	18.65	-6	0	evader
PWM92011_1	0	-1	0	0	0	0	0	0	-1	NA	0	NA	NA	NA	NA	0	0	0	0	1	-1	0	0	1	-1	1	1	-1	-1	1	1	NA	0	NA	NA	NA	NA	-1	1	0	0	1	1	-1	-1	NA	NA	NA	27.2	81	59	0.7791	18.12	-6	0,05329977	evader
PWM92012_1	0	0	0	0	0	0	0	0	-1	-1	0	NA	NA	NA	NA	0	0	0	0	1	-1	0	0	1	-1	1	1	-1	-1	1	1	1	1	NA	NA	NA	NA	-1	1	0	1	1	1	-1	-1	NA	NA	NA	NA	NA	NA	0.7468	20.39	-6	0	evader
